path	bytes	ext	tipo	linhas	sha256	flags
.githooks/pre-commit	200	NO_EXT	other	0	d4b7abed0f9160ed851d9d3c23148a0c1e0c4060e015576fafc12e1231953c56	-
.github/CODEOWNERS	1070	NO_EXT	other	0	1b15f773a6c26b8570740a3393da45e1b7f2cb90b498a3696ca2d416f1b53e54	-
.github/GUIA_WORKFLOWS.md	6691	.md	documentation_md	130	ad2991f2b0f94873ca93b40bca25e75aaf2173deaa76cbab988280600be4784e	-
.github/PULL_REQUEST_TEMPLATE.md	2344	.md	documentation_md	67	43cc09ca19f6530ceac88bdbbbd3601bed6db3e2c4b4629603c4623df406ea88	token_vazio_declared
.github/SECURITY.md	1122	.md	documentation_md	31	b5ede6459fcd9ea99ed4ee703b5508e1450201e624a481691af4d2661c8b7a5b	token_vazio_declared
.github/To_add/00_INDEX_ARTEFATOS.md	3373	.md	documentation_md	79	edde7f680beca2e0fb26725bf45d9fc1f2298a6d909b74c596b248c359c34aa1	token_vazio_declared
.github/To_add/01_wandering_bh_sources_real.yml	6361	.yml	config_yml	159	3b122e70dd1bfbfcaf366452249d52f8ee942b94437e47904302b6e485c0be81	token_vazio_declared
.github/To_add/02_h0_grid_expansion.yml	2539	.yml	config_yml	82	c46b514c58713fd577e5a130bb2907ba45f106135cd593701fe7204408c5b623	-
.github/To_add/03_w_eff_cpl_mapping.yml	4289	.yml	config_yml	137	de100737b49b270f16460ecc5287b460e98dfc0d3d359cfac909e796f807701e	-
.github/To_add/04_fsigma8_perturbation_test.yml	3886	.yml	config_yml	98	2d1913147fd514d2422c6863463ace6f1994d1728621c157098f249771a56995	-
.github/To_add/05_slingshot_zt_falsification.yml	3978	.yml	config_yml	100	568bbacc0437c0f024cfb0eb02e37e743c76f404ac12b6d250c4e6278e4bef99	token_vazio_declared
.github/To_add/06_hypervelocity_sources_real.yml	6132	.yml	config_yml	153	8f207284901b5acfc9fb85bb5cb33fdca1a5adb389d23b6679280febb3c0eb79	token_vazio_declared
.github/To_add/07_high_z_smbh_sources_real.yml	5433	.yml	config_yml	142	a59d1384c3be18dda267a9bab7965d491dd75a7da014035c7cb03fc20ac5ffe9	token_vazio_declared
.github/To_add/08_falsification_master_protocol.yml	6465	.yml	config_yml	170	65d1dff64f40905de2f70f8a6e36dad98bc8a5d533b44987d932437ee883706c	token_vazio_declared
.github/To_add/09_fetch_real_data_extended.py	6828	.py	source_code	185	e5f5eaf0f74b4497a6103654fe253a4f709b22825144f61f24a247a48fb7d5fd	-
.github/To_add/10_compute_weff_cpl_mapping.py	8340	.py	source_code	235	4eabc36e7e6135140b04612fabc8750ce5068fac28c3e6709dfcd4de7a441615	-
.github/To_add/11_diagnosis_weff_gap.yml	3686	.yml	config_yml	101	fbbe27bca10a2228889ac3bb6451c529ff16c1f6233d5ab21a2129899a35e6e9	token_vazio_declared
.github/To_add/12_rll_option_a_inverted_transition.py	4692	.py	source_code	135	aff7d71c2d28a2da484f2673d6ac8b13f3d3d7f9228ba1f420c9909b3ab5a547	token_vazio_declared
.github/To_add/RLL_CRUZAMENTOS_COMPLETOS.md	12079	.md	documentation_md	340	175c1ee855bbf66dc380926a98b69e1df66d3fb56fde12298dafab5d72ecd287	token_vazio_declared
.github/To_add/Readme.md	91	.md	documentation_md	1	f23a72de09b200dd9c66c9528ca9d538b20833ddc09b0471da651c2e5bd1b24b	-
.github/To_add/rll-real-run-28283484980.zip	212525	.zip	other	0	0718f725c05133e36b113226e4426a0a9e93b533f565e40969a21e25902de582	-
.github/To_add/rll-real-run-28283922323.zip	209377	.zip	other	0	0b7b846903e33851864d10bd71790b2993b5e2fa59b0e42704ce0fca38dc18c5	-
.github/To_add/rll-real-run-28284062273.zip	218262	.zip	other	0	49c4563c33810e1a2b80324e9b97ff694dcda2f55e994f7bbd382a1af381c252	-
.github/To_add/rll_adequacao_six_sigma.zip	31079	.zip	other	0	4b7fcf35f584f6d5edce265503dc6c2efdc9101886d4b9e29d6fc1d8e186052c	-
.github/To_add/start-manual-here-28282463159.zip	5366	.zip	other	0	fdc7229dfdf05ddc35366fe4440c89eab608fc4f651ae63385f793873ac74701	-
.github/agents/rll-secretary.agent.md	1962	.md	documentation_md	42	42c6542be3d48af4c0a3aae8a2641ade7c45219a1e85b73582785775e2243b50	token_vazio_declared
.github/dependabot.yml	350	.yml	config_yml	16	57218565162ede6c1c78aae98c5ef8848c5bc7e60110c0a31259e0fa64bd6414	-
.github/pull_request_template.md	593	.md	documentation_md	19	fc1b9dc5164ed6b52595b8706dda0e477ce78f002fa9d12a8fac3c83dda4d531	-
.github/workflow-architecture/github-actions-capabilities.v1.yml	7197	.yml	config_yml	192	f264b79ca5362cb00e5cd6e62e5197f2d0da55f6587df994c753bb9c4269b203	token_vazio_declared
.github/workflow-architecture/github-actions-capabilities.v2.yml	3495	.yml	config_yml	89	dfba1f7cbcb061dd792112b6e43a074caae69bd0128d98a84bd12c2784f1eb16	token_vazio_declared
.github/workflow-architecture/invariants.v1.yml	9321	.yml	config_yml	306	fd70e8ec2bc1708200d308d869cb093d59a893b5d0dce74f46c93f32b3dac108	token_vazio_declared
.github/workflow-contract.yml	13592	.yml	config_yml	265	22d7a8bd1fa1c01fde828530b9d7a8591cca96fd40e821b31b79f873bf9309b4	token_vazio_declared
.github/workflow-orchestrator/BRANCH_MATURITY.md	4315	.md	documentation_md	137	d3d1de27a072bc1223e3747d124eb67e0f5e2d936d7cb6c4d9293ee11e51099e	token_vazio_declared
.github/workflow-orchestrator/README.md	1414	.md	documentation_md	25	17aa78ac7a83916a934ae8c0c9ff52cdbf941e98e54940e3eeae9d2e4aef67c2	-
.github/workflow-orchestrator/catalog.yml	2502	.yml	config_yml	96	d4ac5943ef247e38700068eefd20b73c2f10d25db3a7f634a6def55ab8c8a4a0	-
.github/workflow-orchestrator/requirements.txt	14	.txt	other	1	0969da99a0bc2a1b71ed50584560f4588a37567ac63af3ddbaf3c4617ca5621a	-
.github/workflow-orchestrator/session.yml	1127	.yml	config_yml	37	6a5d243bfbb5950a14cb01fd26a864a7c93fb3630dd29cf268b5f19aca747058	-
.github/workflow-orchestrator/workflows/core/10-yml-syntax-validation.yml	220	.yml	config_yml	8	91eb8d57e4bfa739191b0eb67005518ca6796532c0e48a0bcfee299a977ac36a	-
.github/workflow-orchestrator/workflows/core/20-start-manual-interop.yml	483	.yml	config_yml	19	940f7498a014306b6777c2e1c405a950fdbc3645b12932ab6f0234497de5a7eb	-
.github/workflow-orchestrator/workflows/real_data/30-real-data-complete-execution.yml	428	.yml	config_yml	15	77280caa21a4ba33f3e67fed8d5d32538cc65fe1078229b474f009eeab8c2c9b	-
.github/workflow-orchestrator/workflows/real_data/40-rll-real-data-orchestrator.yml	614	.yml	config_yml	26	a7605f363ee71bd4f82b61509cf506d8a9d8bbcea08dd66ab133c9b871a63fa4	-
.github/workflow-orchestrator/workflows/science/50-formulas-artifacts.yml	222	.yml	config_yml	8	a5f480e8ac48ee8f473dea1f3fc8fe85cc1a42f0dc0744d4438ec2062c4c7d1e	-
.github/workflow-orchestrator/workflows/science/55-frontier-research-omega.yml	438	.yml	config_yml	14	fe35298b14dad3bad7ee033087830b2ded8b4850c85780709b5b12106fbb0479	-
.github/workflow-orchestrator/workflows/science/60-iml-artifact.yml	210	.yml	config_yml	8	dbd1757849d15edd0f43f694d787c73bd9db3ee05c16fc0d8bdc83ed4ee14321	-
.github/workflow-orchestrator/workflows/tower/00-transit-tower.yml	5726	.yml	config_yml	188	1cb3b75aa024738ed3d8426a381e7af8d564d6fd626257b17a21e5c909228e54	token_vazio_declared
.github/workflows/RLL-CI.yml	377	.yml	github_workflow_yml	18	d5c969793f7774930b7616893b37efa663484756365396dc440c99dc619a049b	-
.github/workflows/RLL_SCIENTIFIC.yml	393	.yml	github_workflow_yml	18	e8d24048df5acb17fe7fa1e62774ddd215cfb927e92e253d9255835faf1b9795	-
.github/workflows/START_MANUAL_HERE.yml	13531	.yml	github_workflow_yml	316	c638c1daa28829338150bac2d69d692fb09dc11619bc2fca064809003e927c23	mentions_synthetic,mentions_mock_or_placeholder
.github/workflows/academic-parameter-governance.yml	5521	.yml	github_workflow_yml	122	a39ba2ba8e60c47e2c6f3048dbe5b52d85c610a7ff512bb3bf329940f83c779a	mentions_synthetic,mentions_mock_or_placeholder,token_vazio_declared
.github/workflows/act-dr6-cmbonly-materialization.yml	18649	.yml	github_workflow_yml	333	97ed6feaf90181b4d1fca22c3307403d7bdd01bd05601ada636aba5c3ce3c666	token_vazio_declared
.github/workflows/act-dr6-posterior-preflight-v2.yml	5056	.yml	github_workflow_yml	106	42737997a975956d99ce2870bcb21c113d0c042b06b45e56315699ad41c6e5e3	token_vazio_declared
.github/workflows/act-dr6-reference-chain-custody.yml	4791	.yml	github_workflow_yml	106	00870201da7da9b99f78961a515cfb244eefd11010b5a2cd3a04c289574c3a26	token_vazio_declared
.github/workflows/all-ref-topology-census.yml	7114	.yml	github_workflow_yml	154	fda61a7783d81125f93cf86969dd25864ff05f76c4fee49917de454cff14a6b2	-
.github/workflows/android-build.yml	4562	.yml	github_workflow_yml	116	90db9cc8c34988de7a10db2bf1df8f45443d4f608c3183c3f2b4c33aa3f89a45	-
.github/workflows/bayes_analysis.yml	394	.yml	github_workflow_yml	18	46d56752d2dbe030389906ce1c1a4d8be4c4b092e87546c98b2edf63b5b508f4	-
.github/workflows/branch-maturity-v2.yml	1485	.yml	github_workflow_yml	46	98fb2e173a2fb14e2fc78ea8084115b38d0ac8f169ed4d574fcbe085ec3f6b0d	-
.github/workflows/calc-data.yml	5302	.yml	github_workflow_yml	130	a5d808cb992f3737c0dd731b975f548998043445395bf4aa599f7fc6d5264bd1	mentions_synthetic,mentions_mock_or_placeholder
.github/workflows/canonical-route-artifacts.yml	6304	.yml	github_workflow_yml	140	459c7cabedb6d2e72feca57545cb7e0aad307ac259ec6b65e09446cc55ce97c5	mentions_synthetic,mentions_mock_or_placeholder
.github/workflows/ci-scientific-skills.yml	4548	.yml	github_workflow_yml	124	434a487c4937b376d74a94e207b4a26bd045fab474f85abe53ac68068d406425	mentions_synthetic,mentions_mock_or_placeholder,token_vazio_declared
.github/workflows/claim-allowed-gate.yml	1406	.yml	github_workflow_yml	50	9e78f305ee797ba604f70a3175f4e66442ca7068c8cdc95d8db595ebb1c65963	-
.github/workflows/claim-boundary-quality-gates.yml	3217	.yml	github_workflow_yml	99	efbc563966978d0e6b91b095bdc011ae0aceab5ae8ede5c91f4115e1915f8d49	mentions_synthetic,mentions_mock_or_placeholder
.github/workflows/class-camb-baseline-crosscheck.yml	6721	.yml	github_workflow_yml	152	c5a9131190024320166424a62f40c7a59f40623e7a43a3d633297b28a4c9eca3	token_vazio_declared
.github/workflows/class-camb-first-divergence.yml	3804	.yml	github_workflow_yml	91	0a7a485a4354a3906ee61f5c1efb3a392c7b32baba3e3dacd64b0359eb3b48ca	-
.github/workflows/concept-knowledge-matrix.yml	1645	.yml	github_workflow_yml	58	094903d1c01786d0c6ab68070d1be1459c43c97dfc8f163701f158a25fa60f29	-
.github/workflows/convention-check.yml	953	.yml	github_workflow_yml	31	cd23edb9f4df6136ecf9ff1f8a041ffcaf8e5a08963a507d5ae877828621b031	-
.github/workflows/copilot-setup-steps.yml	3435	.yml	github_workflow_yml	102	9d696c44185c98b588edf6890417a08910dbc3d39ea0c77081e36a32e6a0c36c	token_vazio_declared
.github/workflows/dashboard-build.yml	782	.yml	github_workflow_yml	40	73c147935aa9a333a66034d20702777cde55fc308a2654b3af1423e07f0010db	-
.github/workflows/dashboard-ux-compilation.yml	9587	.yml	github_workflow_yml	284	666c35637ec5694739520843707e3b6cead0b7e3bb8d6c7dc5493c6beb7265f4	-
.github/workflows/dense-feature-matrix.yml	3041	.yml	github_workflow_yml	83	c9cb498e7f75f7e8f3250ab3ef1a012a3b6e52b80cc2eb17e58a2803a1553680	mentions_synthetic,mentions_mock_or_placeholder,token_vazio_declared
.github/workflows/desi-dr2-bao-validation.yml	2912	.yml	github_workflow_yml	82	9f4f08a38297a6692db3bdfbe0dac2f89666bdc5448a6a6cc02b2aee6603dc1a	mentions_synthetic,mentions_mock_or_placeholder
.github/workflows/dha-fisher-ci.yml	3310	.yml	github_workflow_yml	99	6f1618acd7fd6503af2dfb7017bdf9035a2787e881b352a8f4c647e5f5b0d84e	mentions_mock_or_placeholder
.github/workflows/dovekie-wa-lower-bound.yml	5072	.yml	github_workflow_yml	113	60078ab1e8621996af023c9fccef75d20de91d4b25bf2cc69711326a0995a228	mentions_synthetic,mentions_mock_or_placeholder
.github/workflows/formulas-artifacts-validation.yml	1442	.yml	github_workflow_yml	53	a42b8f2d77fe84d4b78ce109798ec621fbebf479305bc4d2fc57b35619b8f22c	-
.github/workflows/formulas-artifacts.yml	1029	.yml	github_workflow_yml	40	ae3b748eb951149bc01e35f7b3d2ea96014b986f3a7ee768ffae5648923a11ec	-
.github/workflows/frontier-research-composition.yml	11476	.yml	github_workflow_yml	265	1e7917599f1aab1cef6a53044c183574d321787b9f85b487b9d8b5db465e88df	token_vazio_declared
.github/workflows/github-platform-assurance-v2.yml	7310	.yml	github_workflow_yml	179	7dc81ea7e7401d4323d978a42cfe376f63f61595f3f4ea6fee59b399a827a569	token_vazio_declared
.github/workflows/github-platform-assurance.yml	5787	.yml	github_workflow_yml	172	0140db0f05406293328c8d2a41a569dcf48fcc1f0cbf0f5901c7658b681fadce	token_vazio_declared
.github/workflows/giza-academic-intake-4h.yml	4015	.yml	github_workflow_yml	106	28c0b668c2db91294e78941f03f3d5c2ca0eb6c229ec6f33eabd9d3e91954887	-
.github/workflows/h0-rd-ablation.yml	6476	.yml	github_workflow_yml	147	c058dc7b845b7ebdda2d44f30ddd2c1ca41d55450f00867097f5791347b2bfa0	token_vazio_declared
.github/workflows/hypothesis-instability-orchestrator.yml	3909	.yml	github_workflow_yml	110	07a5b87762d986b47667e1ab9d02e3d69b6c6a4f1dbde15a7dea01a1cccd7da1	-
.github/workflows/iml_artifact.yml	1741	.yml	github_workflow_yml	64	a7c1fa156d6f552626c53591d4336b28571b1191f1df6c1d508e59bf697f30bd	-
.github/workflows/import-data.yml	4729	.yml	github_workflow_yml	131	06516ae4b5dd4eb9a2a72d07a9ee1d81c06282e202b3868187f7305a4d1aa43c	mentions_synthetic,mentions_mock_or_placeholder
.github/workflows/orbital-shape-angular-momentum-validation.yml	3023	.yml	github_workflow_yml	83	114ecbb7eef6dfc57da35c125f3e127acdd54794db7b97a8ee883855bd83576d	mentions_synthetic,mentions_mock_or_placeholder
.github/workflows/orbital-state-vector-v2.yml	3086	.yml	github_workflow_yml	85	94be5844dc9256096da8c0d76a12f027c98dc4e3edeca00a10f3e462180b9961	mentions_synthetic,mentions_mock_or_placeholder
.github/workflows/orcid-rll-vector-gate.yml	4765	.yml	github_workflow_yml	113	28473ff9f0abf6dac1cec2eabd4fdd2fb6bac5f8e807eacb3aca444f91c00ba8	mentions_synthetic
.github/workflows/pantheon-covariance-materialization.yml	16201	.yml	github_workflow_yml	319	1d943ab42e7afad4d0dedec81d122bc9591e040a5668ac8cd48b24a4bb45ee78	token_vazio_declared
.github/workflows/polymathic-concept-matrix.yml	7958	.yml	github_workflow_yml	186	31babc857396a144f03c9ffb585879c322b559c6fadc8e5f9930dc234fa81ad4	mentions_synthetic,mentions_mock_or_placeholder,token_vazio_declared
.github/workflows/python-tests.yml	3654	.yml	github_workflow_yml	104	63dbb561f7a80ac2aa6490909c8536126f61f6a0ecdb142c07df52a8e1537881	-
.github/workflows/rare-events-evidence-gate.yml	2813	.yml	github_workflow_yml	84	67cbbad5aed75335c336811f50154f6da46fce65fcd6821cc4c7b348bd43bfa2	-
.github/workflows/raw-data-manifest-status.yml	1867	.yml	github_workflow_yml	62	05e003020d70edcbd1c65351080db8deba38db6cfe53e6991f1a9313ea43957e	-
.github/workflows/real-data-bootstrap-validation.yml	3576	.yml	github_workflow_yml	105	12509a38d765bf854dc38bd4f2108d74ed24efb24e59c4c725357f36492a5aa4	mentions_synthetic,mentions_mock_or_placeholder
.github/workflows/real-data-complete-execution.yml	21814	.yml	github_workflow_yml	458	1391721139ea1cb1af87c0a31eef689b1a4f1d5a8a67605bda8f31787f0c11c7	mentions_synthetic,mentions_mock_or_placeholder,token_vazio_declared
.github/workflows/real-data-contract-ci.yml	6588	.yml	github_workflow_yml	164	0cb39ff17571571b61f001b368463db3a360208777a24587de3d7811b715aaaf	mentions_synthetic,mentions_mock_or_placeholder
.github/workflows/real-seed-ingestion-plan.yml	3037	.yml	github_workflow_yml	89	1038948e7f1b324950f3ababa3d8cd501590b19e6d57b1d49642a98729dbe436	mentions_synthetic,mentions_mock_or_placeholder
.github/workflows/real-seed-validation-v0.yml	3536	.yml	github_workflow_yml	107	fd65596175e2540dbe9e001394498e3209727dd44d6515081f41a4e8094f26ba	mentions_synthetic,mentions_mock_or_placeholder
.github/workflows/repo-real-inventory.yml	3243	.yml	github_workflow_yml	96	09d7e611ce135f794eb88461cb55e51fff1cb92444ad5ae93ae6b36c5d50bdf2	mentions_synthetic,mentions_mock_or_placeholder
.github/workflows/rll-balance-report.yml	6744	.yml	github_workflow_yml	180	aa57e79b2c170cd0d3ae3bb77f2afea9c4c2ac104b83b504ba072310da8e0a06	mentions_synthetic,token_vazio_declared
.github/workflows/rll-biophoton-metabolic-transduction-gate.yml	1263	.yml	github_workflow_yml	36	719d84bd0ee1b6736d89218417aa9ffcd8ffb2b7cbd21e59ef1b9b27a6615b35	-
.github/workflows/rll-book-data-pipeline.yml	7673	.yml	github_workflow_yml	190	b8b07467ba5be2527c48ef1c7faa724d31c17939e3c202f493fe51bc5a0af0ef	mentions_synthetic,mentions_mock_or_placeholder
.github/workflows/rll-claim-authority-export.yml	1547	.yml	github_workflow_yml	52	31d73d8a95e47ba8240d034de7e9dce6edec8bb6a35ea6b2cfce2f0757b04d5f	-
.github/workflows/rll-data-pipeline.yml	4797	.yml	github_workflow_yml	124	a4808f37b44186d2d828b0a09065b433b0ee9b3923282bd38478deb2e6e1d34c	-
.github/workflows/rll-desi-dr2-covariance-audit.yml	4060	.yml	github_workflow_yml	101	f80ca06e0e8adec2cd4a0ce0333249d07ef8669dd169aab96125e63f4b5ed4b6	mentions_synthetic,mentions_mock_or_placeholder
.github/workflows/rll-governance-quality-gate.yml	9990	.yml	github_workflow_yml	211	1d70be37ac42d60ae513d57b129426b7301819dbec7a38092e7833ec1e966451	token_vazio_declared
.github/workflows/rll-homeostatic-field-gate.yml	1415	.yml	github_workflow_yml	41	078f6b53fb5fd5fe255574848c41bf68cce058c81b04457146e4b6e5c2673d62	-
.github/workflows/rll-modern-validation-gate.yml	7493	.yml	github_workflow_yml	165	c26efcfe78438cfcf7193b48378981592d62b4fd422b69036f49c9cca9553857	token_vazio_declared
.github/workflows/rll-observer-mirror-photon-gate.yml	1407	.yml	github_workflow_yml	40	518203acf2e22c78fba676a0f21d6e5c7e124f9c2b665607f09fd8c7d070c7a9	-
.github/workflows/rll-omega-adapter.yml	2292	.yml	github_workflow_yml	73	e653d190048209829ff05365116c2597da29ca8b3df4ebfd95f2396096899bc4	mentions_synthetic
.github/workflows/rll-operational-auto-hotfix.yml	8623	.yml	github_workflow_yml	223	08912ccfc627d72953ecbdac29ff5c7fe502c0871e0add6745cf5bb877f8dad5	token_vazio_declared
.github/workflows/rll-pipeline-linear-completo.yml	6182	.yml	github_workflow_yml	167	25c88c3eefffdbd5e2ab47c2d64a70724f43c934a24eaa9609005c0da7707ece	mentions_synthetic,mentions_mock_or_placeholder
.github/workflows/rll-quantum-vacuum-birefringence-audit.yml	5096	.yml	github_workflow_yml	127	ca68386dd66496bf96ccd035ad4a7aeefa1a95267d8c320038e0d2c9aef98925	token_vazio_declared
.github/workflows/rll-real-data-orchestrator.yml	17587	.yml	github_workflow_yml	392	21deeb538e26e67ba4e22348adeb310f7ddf6c2a7a24915b3f2384ef336e6c4a	mentions_synthetic,mentions_mock_or_placeholder
.github/workflows/rll-scientific-navigation.yml	7791	.yml	github_workflow_yml	201	c729c2c4d336da4fb860a1ac978ab17f5de139528472002d6762c63bc54cceb4	token_vazio_declared
.github/workflows/rll-structural-integration.yml	1940	.yml	github_workflow_yml	55	39ce6ff7ce91de71e8d5a139808ff964181bce31623d7c4d3cda24ce9eae5037	-
.github/workflows/rll-structural-math-artifacts.yml	6556	.yml	github_workflow_yml	182	27ff1b2ef2c92cd6b7e6c33c3b78eb30235fcc00fe60123728b5664bd6946676	token_vazio_declared
.github/workflows/rll-studio-contract.yml	5914	.yml	github_workflow_yml	145	ca5d93b91b523af99088553de3553be247e49be8207222d98bed0050b43ef4e1	token_vazio_declared
.github/workflows/rll-v1-tag-provenance.yml	4857	.yml	github_workflow_yml	132	598b7d89f5570c56ee4dbfd486760899b8af423b84784eee4b3b37e6dfb3874c	token_vazio_declared
.github/workflows/rll-validacao-cientifica-completa.yml	43442	.yml	github_workflow_yml	955	544afe0a34d71fb6afbb9b38b16812867eb04c4b899fb13a9499cc9d07f0cc6c	mentions_synthetic,mentions_mock_or_placeholder,token_vazio_declared
.github/workflows/scan-poc-coherence.yml	998	.yml	github_workflow_yml	30	fcdc93e7a6ac0c4aabf55baf303d79cd1bcd2746f7af7bf5d804b71d8fde4778	-
.github/workflows/scientific-cycle-closure.yml	1776	.yml	github_workflow_yml	49	e9d3a913667b4126984b6dba7b95414fb9eda41b7a9d53e45102ef002b2fadc4	token_vazio_declared
.github/workflows/session-evolution-mesh.yml	1959	.yml	github_workflow_yml	51	1a95b4b6cc0de14c90e913e51f3847a92cfc99b52575f91263571a2010d454df	-
.github/workflows/six-sigma-real-data-controls.yml	3867	.yml	github_workflow_yml	102	91b7dec48619f5597df8b454ff201e958c519cf2fc82c5bbbb1c3451def892a2	mentions_synthetic,mentions_mock_or_placeholder
.github/workflows/unified-geometry.yml	1006	.yml	github_workflow_yml	35	45e5f9a596a867b90c101217fad520c1c2f01d75fa0df8fd02487714fe5ab303	-
.github/workflows/unified-workflow-session-orchestrator.yml	11235	.yml	github_workflow_yml	293	16c190e12dab08a702a01d7a51491ad7fd1a3fc823abd3080584e26ea62975a8	token_vazio_declared
.github/workflows/validacao_real.yml	6328	.yml	github_workflow_yml	149	b1407e5d13537a9561ad878e2d1b49009882aa63903eed822b963f00d0e020b2	mentions_synthetic,mentions_mock_or_placeholder
.github/workflows/validate-academic-correlation-package.yml	2503	.yml	github_workflow_yml	66	8feea9032db40c6e2668f2cbdf777c6aa23908047538982d87f2a57dc7949fc0	-
.github/workflows/validate-cross-repo-relationship-registry.yml	10504	.yml	github_workflow_yml	216	33a18d54bc3ff7d0b086347b165a3dee29b4983c4c49c686561ffbc0cc56dd78	token_vazio_declared
.github/workflows/validate-real-dataset-variance-registry.yml	2498	.yml	github_workflow_yml	63	0f0c2c0ae54afb5d3e68bcefb43dff016b4b47ff98751186e69ce3a4eafd925d	mentions_synthetic,mentions_mock_or_placeholder
.github/workflows/validate-schema-contracts.yml	9130	.yml	github_workflow_yml	200	232c6ce45deea80092f0a32af6dc0f98e70a7e7514137b99717bf9b3156cbea0	token_vazio_declared
.github/workflows/validate-sequence-metrics.yml	2360	.yml	github_workflow_yml	65	6597e9c1e9d2953ad25ae107b4ef7f42459d8820c89b080573a46a879a760cd0	mentions_synthetic,mentions_mock_or_placeholder
.github/workflows/workflow-contract-sync-v2.yml	1634	.yml	github_workflow_yml	49	71b4165596b7e831feb03a559dbc83375308982dd4d02f5c55bbf04b65cc140a	-
.github/workflows/workflow-contract-sync.yml	4407	.yml	github_workflow_yml	139	cfd67cb2efc11dfc0e41e48b31090cf803ff662d814859fc390318fc09ff4b54	-
.github/workflows/workflow-preflight-repair-20260903.yml	2535	.yml	github_workflow_yml	69	00231af501f059d275b2928cbf322a50e7a5936204ae9aaf54195d6c020914b3	-
.github/workflows/yaml-deep-audit.yml	2775	.yml	github_workflow_yml	92	751487aea23e8dca38f7cb1d7f8fc50be5ea9286b8cdbb6313f67c8239202185	token_vazio_declared
.github/workflows/yml-syntax-validation.yml	3752	.yml	github_workflow_yml	112	0cf8678cbc8bed69be43777a3ae29839c2c1a4abb1e6ebccd3f842676e64a600	token_vazio_declared
.gitignore	1400	NO_EXT	other	0	6bb2e60d0811940df38a20b8a1134a647e595e34b63be031177ba0c021c077c5	-
ANALISE_COMPLETA/00_INDICE_MESTRE.md	7866	.md	documentation_md	195	5a1e9b973172448ae4c70793d4ccd2a33f5716cf36ac667b6f0b50e8c317ca7b	-
ANALISE_COMPLETA/01_14_Areas_Tematicas_Detalhadas.md	30879	.md	documentation_md	996	3e4bc5643d87980fa7b97686b9c52777adc9a34b55050fbf50b763eea2ffe2fd	mentions_mock_or_placeholder
ANALISE_COMPLETA/Bibliografia_Completa.md	15695	.md	documentation_md	487	2eee964471343efc5893990ce4cafe3926e72756f8a031be29c7f5de80be1c2f	-
ANALISE_COMPLETA/Catalogo_Completo_Arquivos.md	30449	.md	documentation_md	743	d074c0fc51b7fd50ee6c6e083311772992096df44936f2ea51399b0dbe7b269a	mentions_mock_or_placeholder
ANALISE_COMPLETA/Hierarquia_7_Niveis.md	16439	.md	documentation_md	486	f9130e4848c5c028b2000ff898ce4a28b518a947085e2b737750dbac2bd4cb87	-
ANALISE_COMPLETA/Metricas_Conservadoras.md	13107	.md	documentation_md	363	e7d5b339b1a942e165ff9c4edb9ada2dd6e6e1cec8609102483ce94b3aefcd08	-
ANALISE_COMPLETA/README.md	6482	.md	documentation_md	181	fe7b2c694d5741c27d0f356e4a513a4c7dbd0a15c6d40f9d1707e00f6a735c9c	-
ARCHITECTURE.md	6431	.md	documentation_md	239	fa93d30d16f42e9979b89f0310d117024cdd8e9ff9b78a9c0643b238429efd12	mentions_synthetic,mentions_mock_or_placeholder,token_vazio_declared
ARCHITECTURE_CLAIM_GATED.md	230	.md	documentation_md	9	5491db106e52eb70b6e371ef9815083f73980f5babce6846ab5e1c96a8796403	-
CAMINHOS_VALIDACAO_NOVOS.yml	6394	.yml	config_yml	132	c9671d9af19ff795bc76e8a054dab6b3217e55f2eed39015464d5fdd1180d41e	-
COMPREHENSIVE_REPOSITORY_ANALYSIS.md	26386	.md	documentation_md	675	cbb32750c5aa6c82b78d591c0c888add411a7c8fa32d3f5a2517ba5fd51944cc	-
CONSOLIDATION.md	6383	.md	documentation_md	192	34da46c127426465cd99e306e882f9bdd3516764aba7e1a37e2631b60396367d	-
Codex2.md	3080	.md	documentation_md	275	d20d52bbfda4a826470da009bd72c4a23babc34f1203ca1d1bc6b28166b07622	token_vazio_declared
Códex1.md	5330	.md	documentation_md	70	8797929242e2e1bfd26d2014d7ba9fe97791bd974cc861f086431f21faa2b4a0	mentions_synthetic
Dados_artefatos/Readme.md	10	.md	documentation_md	1	9f893208fd81c82b7c5f4c7b361107f93aca24e72320d32b8ec5293a92d753bd	-
Dados_artefatos/bayes-factor-results.zip	2291	.zip	other	0	04f69a4787b93bdf6b685566f1abf15cb3557374aedde05937af6d6c05f8ebf6	-
Dados_artefatos/contrato-falsificadores.zip	2747	.zip	other	0	6b49b57cf94fe36053f0547f1d2bcd04dc6cadb5e558b87cc0d3f1f5a6e48209	-
Dados_artefatos/desi-bao-results.zip	1230	.zip	other	0	0d5fbc463a629249e236657a1aed12823ee4c5155b4da03e7e2a757cef1d3971	-
Dados_artefatos/h0-grid-results.zip	5475	.zip	other	0	14d3ce9640f23da6e7f6f800408ac128d9d93509855f34ea6dc41f4feb394b5d	-
Dados_artefatos/joint-mcmc-results.zip	3334	.zip	other	0	69127b5c4671c0a7ce7bded44ecb0a364d10fc56d8d764f11642778fc282c43f	-
Dados_artefatos/pantheon-fit-results.zip	1521	.zip	other	0	8717dd9d6b793e2981198182a472baf31e899169858d04f412ed736571066f98	-
Dados_artefatos/relatorio-final.zip	1927	.zip	other	0	6cdf4903bd8cd93446652ce80445e7e1cc4b42d8ee64ea67f0341c4914ebe881	-
Dados_artefatos/setup-checksums.zip	1071	.zip	other	0	181b92fcdf8ce303148fd712e8dc2f36b9c885340d75b6acd990875b9924f85c	-
Dados_artefatos/weff-mapping-results.zip	2113	.zip	other	0	6a0ab927da5ab63001b44b2185bb1bde6ef8eef78eb1f3b160b7e958ae77ed17	-
Dados_artefatos/zt-falsification-results.zip	5507	.zip	other	0	5abbd670a7fa0e101cd53fa602772d2803746996fc180d4c7b4bde6b79e215a8	-
EXECUTIVE_SUMMARY.md	1525	.md	documentation_md	25	ee12c2a653663275991e2934cee57d44d1d0ae7a8295d56a0ac4993b489c2cd0	-
FALSIFIABILITY_PROTOCOL.md	6449	.md	documentation_md	74	cd2e083452a9f7c519b22b9577705322e5a923954c59d86fe7775092065ff0d8	mentions_synthetic,token_vazio_declared
GOVERNANCE_REORG_DRAFT.md	16551	.md	documentation_md	252	2774dfc47e9c40bac2b05c8269bef0534806db0984938b23321449cf846425a9	mentions_synthetic,mentions_mock_or_placeholder
Geologia.md	2794	.md	documentation_md	9	5aec77a3472277d18971fe7f505b67c7531b62453c1bfeced3bb462faf569f41	-
LICENSE.md	9514	.md	documentation_md	353	8c5b8b569856c89df46ada9505a274c9c4ddf50c9f359cf04e8ee559a24aa69c	-
MANIFESTO_MIGRATION_FILES.md	3125	.md	documentation_md	54	f5bfff34b30ca9afa697d9b6315ecbcf03bb61f423ec54e3f8898c2f21eacc71	-
Matemática.md	7670	.md	documentation_md	256	16e0699c9a8b0d23b8288f8c22c57769f53731c48547104683c9f0714baa9e91	-
MathRaf.md	4424	.md	documentation_md	82	6b306bca5483c5e4ad622f89b99bbe5902810c66170bec90a701aef819982558	-
NEXT_RLL_VALIDATION_STEP.md	2000	.md	documentation_md	67	f281ca0ff48d674a19bd39eb85c96cf75000f315c238ece6abb83be0520ca00f	token_vazio_declared
Numprimod.md	233	.md	documentation_md	1	5dcf55662f10d4473338bc07e6d5b6b099de111dd2db826223f05a4dfb219ec5	-
PRODUCTO.json	2753	.json	data_or_result	70	13b253b45a538f0b1766809c607ab55466c554dba171ee0bea8220e0bdcb0e26	token_vazio_declared
PapersPub/01_cosmology_pantheon_desi/data_manifest.md	918	.md	documentation_md	29	a248545e2bb5163e984fd6575406bf345a46c7a1046493d7c73c0a645d4ee67c	-
PapersPub/01_cosmology_pantheon_desi/draft.md	19139	.md	documentation_md	383	c808c4364213dfc2ad7b4385be070e4b21a2aaab34dcd3d9cce4006f3237eb38	token_vazio_declared
PapersPub/01_cosmology_pantheon_desi/figures/.gitkeep	0	NO_EXT	other	0	e3b0c44298fc1c149afbf4c8996fb92427ae41e4649b934ca495991b7852b855	-
PapersPub/01_cosmology_pantheon_desi/references.md	695	.md	documentation_md	18	3147f90167c3c3a22380a7908257564092f24a42410426788405c3df07acf265	-
PapersPub/01_cosmology_pantheon_desi/reproducibility.md	1534	.md	documentation_md	39	7313552d01cd1c11af44fa572f086f331b019564d4fc4c89e0be84d08fb2d8cf	-
PapersPub/02_cosmology_growth_structure_d/data_manifest.md	1023	.md	documentation_md	31	802365c3169b892d00f4382caffabdcf70834a6c24ba9a41b6445b120e87095a	-
PapersPub/02_cosmology_growth_structure_d/draft.md	1710	.md	documentation_md	43	cad11b6eee8bacef129b7590849121873bde65b8368e6f6bb378826bc5ba275c	-
PapersPub/02_cosmology_growth_structure_d/figures/.gitkeep	0	NO_EXT	other	0	e3b0c44298fc1c149afbf4c8996fb92427ae41e4649b934ca495991b7852b855	-
PapersPub/02_cosmology_growth_structure_d/references.md	708	.md	documentation_md	18	a7ce378401a9f47a4887cc942e9c2fb0b1674a3df493384552020858ec54fc08	-
PapersPub/02_cosmology_growth_structure_d/reproducibility.md	1545	.md	documentation_md	39	03a49ad95aa443aaf9cf0ba46b87a98249dd7ef0a090185e374928cc2e684867	-
PapersPub/02_living_ai_omega_system/draft.md	14528	.md	documentation_md	528	afee6e6428e7f8b11691c09673ed01115cc6c47d2c083ce8fbcba88bd7afab67	token_vazio_declared
PapersPub/03_cosmology_magnetic_plasma/data_manifest.md	908	.md	documentation_md	29	60202aa0e5deec767c7075e0e7e348082977b648ca23b0595c679d0735bb201a	-
PapersPub/03_cosmology_magnetic_plasma/draft.md	1710	.md	documentation_md	43	ac1798b75dffc6fb908a76ddb933bccd5461c15d999e4b060b0b69b0d2116f4f	-
PapersPub/03_cosmology_magnetic_plasma/figures/.gitkeep	0	NO_EXT	other	0	e3b0c44298fc1c149afbf4c8996fb92427ae41e4649b934ca495991b7852b855	-
PapersPub/03_cosmology_magnetic_plasma/references.md	689	.md	documentation_md	18	e7f28f46710d152283aa0672e46783a861229899fdd2d2220f2804ed90335fcd	-
PapersPub/03_cosmology_magnetic_plasma/reproducibility.md	1553	.md	documentation_md	39	8c7af7edcae99a3d40bcd3e79b60b206bdaa73c5f884fba8446a265952200e5e	-
PapersPub/03_polymathic_epistemic_ecosystem/draft.md	16435	.md	documentation_md	490	a058cb9975a13c017ae30ed04c00648541135277c2e7da5dc50da13a5e8ec23b	token_vazio_declared
PapersPub/04_geophysics_geomagnetic_anomaly/data_manifest.md	905	.md	documentation_md	27	9e5cc544f6a0cdd69ff033ed3eeb7fd9e3b95bfcd94e3cec08446e46597f6300	-
PapersPub/04_geophysics_geomagnetic_anomaly/draft.md	1730	.md	documentation_md	42	36d4bf0489bf51cb2d578359ce770af799fac92380b11e0ada0e1ce7d276c1f0	-
PapersPub/04_geophysics_geomagnetic_anomaly/figures/.gitkeep	0	NO_EXT	other	0	e3b0c44298fc1c149afbf4c8996fb92427ae41e4649b934ca495991b7852b855	-
PapersPub/04_geophysics_geomagnetic_anomaly/references.md	704	.md	documentation_md	17	fd8d8b0ba158190da739c4fab8a6091dddb4bb340f5a3a6e013932fd9449a704	-
PapersPub/04_geophysics_geomagnetic_anomaly/reproducibility.md	1545	.md	documentation_md	39	e0a3f0acc89d5d21c3ddf2635df0155550ea0872339ae8b8a70774914bf3f98b	-
PapersPub/04_rll_light_loop_distance/draft.md	7399	.md	documentation_md	284	8c913af664ff37c3125d9c160d0af191f277eb98d52f672086e028f0cb83cd9d	-
PapersPub/04_rll_light_loop_distance/references.md	6538	.md	documentation_md	146	aef70f4149f832bcbfb65195c388ff398dd48524b41c274f5b537eb12090ef28	token_vazio_declared
PapersPub/05_compression_astrophysics_claims/draft.md	8054	.md	documentation_md	193	978ffb6de4e2117b589e4bb9aced58925ce0919f807dc0c8fc22caca2d42c4ba	-
PapersPub/05_compression_astrophysics_claims/references.md	6887	.md	documentation_md	145	70fc5532284d4b22cf6580f05f570b46b0a973a9735ac4228d85116f35b72d20	-
PapersPub/05_geophysics_earth_observation/data_manifest.md	882	.md	documentation_md	28	b2a34af3bfea6b069b58e43caa4492793a98c0bdf47e77dd708d493854f416e4	-
PapersPub/05_geophysics_earth_observation/draft.md	1682	.md	documentation_md	42	1fb1805181f9cbdeb9c568377322a049100e7555e84e3c27cb90cd39b1df7cef	-
PapersPub/05_geophysics_earth_observation/figures/.gitkeep	0	NO_EXT	other	0	e3b0c44298fc1c149afbf4c8996fb92427ae41e4649b934ca495991b7852b855	-
PapersPub/05_geophysics_earth_observation/references.md	655	.md	documentation_md	17	1c729380f443577c6e9acaeb118f66bfb52cd9283062f3b0fa32428e06fe713e	-
PapersPub/05_geophysics_earth_observation/reproducibility.md	1558	.md	documentation_md	39	d1e11028de4b72157e8732243ca243f9eecfecd9fd045855de44c5f902983aab	-
PapersPub/06_heliosphere_solar_wind/data_manifest.md	902	.md	documentation_md	27	a1b944dd1fc53cca5a30f6f53d6c2fbc5842b27e7eaf32401bed93c7b0db3bd3	-
PapersPub/06_heliosphere_solar_wind/draft.md	1713	.md	documentation_md	42	13669fb4bd22c166c7ecc4327a98d257e1e13a2e408ef30f47f1b3defdf8f1dd	-
PapersPub/06_heliosphere_solar_wind/figures/.gitkeep	0	NO_EXT	other	0	e3b0c44298fc1c149afbf4c8996fb92427ae41e4649b934ca495991b7852b855	-
PapersPub/06_heliosphere_solar_wind/references.md	700	.md	documentation_md	17	506e08b1d2e566bd31ad58b426c0a79d6b337f41ac9742798f4ae69ae7f1a6e6	-
PapersPub/06_heliosphere_solar_wind/reproducibility.md	1541	.md	documentation_md	39	b9a08c24bb65410dd75d42470876a0dd85478d62d7770f454508c3bd94c5f742	-
PapersPub/06_source_state_lookback_rll/README.md	1130	.md	documentation_md	43	93596d6575c53f598124b1e3f3bb7f7d41a619d5c8173efeedac0a154b87871e	token_vazio_declared
PapersPub/06_source_state_lookback_rll/refs_short.md	746	.md	documentation_md	15	339d544666908cb1d0b3403a92df2bc3982f03f07b359d5c6d79185c3a49a891	token_vazio_declared
PapersPub/07_heliosphere_radiation_transmission/data_manifest.md	914	.md	documentation_md	28	6ba3c67e5d52aa9c500bfc36369812d59fbcdd2d99c9062f27db5dc15c3f7d1c	-
PapersPub/07_heliosphere_radiation_transmission/draft.md	1696	.md	documentation_md	42	d2b8c1aa1e3d00285b89517fef561f8f4e84c495052714e13f5d6a68375db490	-
PapersPub/07_heliosphere_radiation_transmission/figures/.gitkeep	0	NO_EXT	other	0	e3b0c44298fc1c149afbf4c8996fb92427ae41e4649b934ca495991b7852b855	-
PapersPub/07_heliosphere_radiation_transmission/references.md	684	.md	documentation_md	17	663c522fcbd26066ee41e76fa45f715a5325472b6df5648b775b2ccbddd80cae	-
PapersPub/07_heliosphere_radiation_transmission/reproducibility.md	1547	.md	documentation_md	39	cb0a12dbd6518e93db7bd7c57d3b8316546011e784f10e3b1a3824bbf5d7d34d	-
PapersPub/08_multiscale_validation_methods/appendix_a_parabolic_canon_pt.md	7517	.md	documentation_md	301	d848b1d9a07b9ba065fd71714098466f9a85b43f9edbfcc66e27d73619c3cbd4	-
PapersPub/08_multiscale_validation_methods/appendix_b_hex_matrix_projection.md	10409	.md	documentation_md	521	672290d0ad2a10e8032b551be909e94dd636a52eabbbb32cf6d05428b2633468	token_vazio_declared
PapersPub/08_multiscale_validation_methods/appendix_c_four_axis_flow_ports.md	4030	.md	documentation_md	224	0cab3679d118b4b772af9fb172c7d0b34a880e480659a6b1214681f531d28d36	mentions_mock_or_placeholder
PapersPub/08_multiscale_validation_methods/appendix_d_cyclic_base_curvature.md	4768	.md	documentation_md	254	30fc3ea3911ea96787203909135a66dd26c08742970a0287023809f05f8c2f75	mentions_mock_or_placeholder
PapersPub/08_multiscale_validation_methods/bitraf64_toroidal_claim_ledger_v1.md	5122	.md	documentation_md	48	1358505f2e8510088ef0e216a82839194a0bd0ebc8ad06b5bf03e30d4d552f4d	token_vazio_declared
PapersPub/08_multiscale_validation_methods/claim_state_ledger.md	7532	.md	documentation_md	82	59a948aff181608c2d5e3287598eeb2ed86ddbe7982b52e9b1f4f975f7f77013	token_vazio_declared
PapersPub/08_multiscale_validation_methods/claim_state_ledger_four_axis_flow_ports.md	2450	.md	documentation_md	28	641b3ba855b6eb4a698e58699718dbdd2a032c2e99ff1a54b520992606a29477	-
PapersPub/08_multiscale_validation_methods/claim_state_ledger_hex_matrix_projection.md	3380	.md	documentation_md	41	fc2b132759cd8ae80a1b317337aaca13006355ec1d876b55110088bcb54c601c	token_vazio_declared
PapersPub/08_multiscale_validation_methods/data_manifest.md	5007	.md	documentation_md	132	3f0071db4471b9bd4a09db04123fed86ca9c308ca718b71ca448bb74cdfd7a1b	token_vazio_declared
PapersPub/08_multiscale_validation_methods/draft.md	26213	.md	documentation_md	870	96c266a22c1bb80f3ba78602715d4e6a4b9e705bb23d4b4b6c6e87b6cbcfb243	token_vazio_declared
PapersPub/08_multiscale_validation_methods/figures/.gitkeep	0	NO_EXT	other	0	e3b0c44298fc1c149afbf4c8996fb92427ae41e4649b934ca495991b7852b855	-
PapersPub/08_multiscale_validation_methods/generated/nibiguiri_full_method_receipt_20260905.v2.json	1757	.json	data_or_result	49	c2c524a4dd5ad99dd3b5b8ee5b59e75a92fae7bddf9727b646119696b3a73ff3	token_vazio_declared
PapersPub/08_multiscale_validation_methods/generated/project_horto_relational_field_receipt_20260905.v5.json	1785	.json	data_or_result	44	5c81ace1b404e5e8e1334e9fbba89cc9e959df0bf41c8d87c62dc36d0c7da372	token_vazio_declared
PapersPub/08_multiscale_validation_methods/generated/rigor_procedure_baseline_receipt_20260906.v2.json	1920	.json	data_or_result	30	0d95edf648e622ef2627807ada5d0965217e6713b99c56a64e7604a5fbe17cdb	-
PapersPub/08_multiscale_validation_methods/math_research_program_48_20260905.md	10519	.md	documentation_md	87	f2ba4d40f0c2f0aa6d8375cbcabe375b2709ee2d67648da1936bc562e91d4fdc	token_vazio_declared
PapersPub/08_multiscale_validation_methods/math_research_program_48_20260905.v1.json	8302	.json	data_or_result	107	74c4d1de0a05cfdf320600c64d3107be4fc795f50b449abce9dea46c06ed6534	token_vazio_declared
PapersPub/08_multiscale_validation_methods/nibiguiri_12_isogonal_antagonistic_audit_20260905.md	9127	.md	documentation_md	199	3d870ff67a099cbb1d212f556f9cfaf16a8501a0d3b0ddef6e413036da325e73	token_vazio_declared
PapersPub/08_multiscale_validation_methods/nibiguiri_full_method_8x12_20260905.v2.md	9136	.md	documentation_md	255	67f80b8259588a54bce2100e0fa91e9a339bad4340c2a7a28625b9781d7ca4ac	token_vazio_declared
PapersPub/08_multiscale_validation_methods/nibiguiri_full_method_8x12_20260905.v2.yml	11167	.yml	config_yml	161	b5f5bd180db38ac2f5e6499eaf7410ca9cc65ae00b7b46674e3f625c1096637a	token_vazio_declared
PapersPub/08_multiscale_validation_methods/nibiguiri_full_method_coverage_manifest_20260905.v2.json	6527	.json	data_or_result	62	12b97bc234821a95f8bf28b6f44c4e1f364b20beafa44656d61674606a9a485d	token_vazio_declared
PapersPub/08_multiscale_validation_methods/nibiguiri_self_critique_engine_20260905.v1.yml	13062	.yml	config_yml	229	49afd0d2252458706373a74b10ec1f6c2c0c32cbf1b8bc52ba7ab411926abe3c	token_vazio_declared
PapersPub/08_multiscale_validation_methods/nibiguiri_self_critique_matrix_seed_20260905.v1.yml	18058	.yml	config_yml	61	c21db7eb5d385301c33eeb47d365e8424c5e38fcd8a3d173641e97836d9e1631	token_vazio_declared
PapersPub/08_multiscale_validation_methods/nibiguiri_self_critique_method_20260905.md	11402	.md	documentation_md	240	af92e3491809d5bdca35407f87224d902e9c3296712153850bd62730b212199f	token_vazio_declared
PapersPub/08_multiscale_validation_methods/nibiguiri_self_critique_receipt_20260905.v1.json	2245	.json	data_or_result	62	18fb1846e7395a95b1eb2c192ac778d0e6f441c6c16804b624c7a85dece414c4	token_vazio_declared
PapersPub/08_multiscale_validation_methods/project_horto_relational_field_20260905.v5.md	7743	.md	documentation_md	217	e14ded2f0831b7fa6ba76ec7ab4be431f9fb0a1b4cc4d137d3a7f436707f28ee	token_vazio_declared
PapersPub/08_multiscale_validation_methods/project_horto_relational_field_20260905.v5.yml	7611	.yml	config_yml	215	b1ecb04386c5b597710092619cb5f1fe4128f6018e1fe94674e5e674e1461c2c	token_vazio_declared
PapersPub/08_multiscale_validation_methods/references.bib	3608	.bib	other	0	ac7e0af00d391bee93395ebdc62f5011c72b5fdef34c72c351fe630a28bde51c	-
PapersPub/08_multiscale_validation_methods/references.md	3820	.md	documentation_md	49	3c722a01034caf01c479d5108cba0300eb03c0a7bf96191d34713cf93ff804cc	token_vazio_declared
PapersPub/08_multiscale_validation_methods/reproducibility.md	4850	.md	documentation_md	159	7d784c146f05ca7d7816a32deb9f1264394c255c12d2ede4019e9a2aae035cec	token_vazio_declared
PapersPub/08_multiscale_validation_methods/reproducibility_hex_matrix_projection.md	2826	.md	documentation_md	123	5381e644aa1ddf22704e9fc539457e394dced1330e69908bbe58e7670b5bc68e	token_vazio_declared
PapersPub/08_multiscale_validation_methods/requests/REQ-RIGOR-ALL48-20260906.v1.json	708	.json	data_or_result	10	ab06b9ac445cbdf52479f927336a0ec967d30c15b843d37fe114305a5a71816a	-
PapersPub/08_multiscale_validation_methods/results/bitraf64_phase1_implementation_receipt_20260808.json	3263	.json	data_or_result	82	8b07abbd4146d2370076e6fdf89f0b7203cf434df05520edf7a4d180ba51a4ac	token_vazio_declared
PapersPub/08_multiscale_validation_methods/results/four_axis_flow_ports_validation.json	1256	.json	data_or_result	42	8293689880410f498d101ab497ab2ef456edb00483388b2cf94e233263fbd9a6	-
PapersPub/08_multiscale_validation_methods/results/hex_matrix_projection_validation.json	1273	.json	data_or_result	38	26c1245a66b4af022e049f7bda7d8b31e54d0d4df3327482bff2b5936f0b2d92	token_vazio_declared
PapersPub/08_multiscale_validation_methods/results/validation_report.json	2758	.json	data_or_result	84	0df986f3158530dc02d064adcca5c962554ade6537e5db69b73e3c4a32caaea3	token_vazio_declared
PapersPub/08_multiscale_validation_methods/rigor_procedure_area_20260906.v2.md	5326	.md	documentation_md	176	4d3f6be1534743d2cec598566ec6b03cecd35f3ca4c38f98d3fc0ff6cfe90abb	token_vazio_declared
PapersPub/08_multiscale_validation_methods/rigor_procedure_contract_20260906.v2.json	7099	.json	data_or_result	68	e686c8ba0fc4ed721f3d741c455c6163a7da842db00bc0a9e025ddcc1c605eae	token_vazio_declared
PapersPub/08_multiscale_validation_methods/rigor_self_critique_method_20260906.md	5433	.md	documentation_md	151	56d1bf5fe655865884a0ceea0a838f0e3e66de27f6f48bee7f4a626eb0a988a6	token_vazio_declared
PapersPub/08_multiscale_validation_methods/rigor_self_critique_method_20260906.v1.json	7554	.json	data_or_result	107	9d0321677be885a642cb724997538322149195d5ba38f568f793539f4447a605	token_vazio_declared
PapersPub/08_multiscale_validation_methods/schemas/rigor_evidence.v2.schema.json	1438	.json	data_or_result	23	ffa51e31f82442201e3ba62ea37d31c546f36258fbad00a31b688c9c1b996f06	token_vazio_declared
PapersPub/08_multiscale_validation_methods/schemas/rigor_request.v2.schema.json	953	.json	data_or_result	18	e6ba8b843f63aae0d3a6a457e005ce9093750cbcd604c867ac4e55de55b13693	-
PapersPub/08_multiscale_validation_methods/scripts/rigor_request_procedure_v2.py	4757	.py	source_code	75	6205d75b11575ebf9ce70eafc00860c80036db8fcab0a3ebb820afe5d0f9520c	token_vazio_declared
PapersPub/08_multiscale_validation_methods/scripts/rigor_self_critique_matrix.py	7026	.py	source_code	154	86ec78a80635e1b4239f9367a37c6e962bf8a26f04b8273e7502953638208d49	token_vazio_declared
PapersPub/08_multiscale_validation_methods/scripts/rigor_self_critique_matrix_v2.py	11773	.py	source_code	183	71e541a6e0fa08997c4b0713c7c969d59c579acadffe488799dc0e6a41334d90	token_vazio_declared
PapersPub/08_multiscale_validation_methods/scripts/run_nibiguiri_full_method_v2.py	11673	.py	source_code	268	60be31db740a685c21567ebb31a308ebc7a4bcfb8057b2daf1b16c4d38d918cf	token_vazio_declared
PapersPub/08_multiscale_validation_methods/scripts/run_nibiguiri_self_critique.py	13476	.py	source_code	356	4a99083b0266e4f5330360a437bd07a83a28af057bf5fa9eed25d0ff04d1441b	token_vazio_declared
PapersPub/08_multiscale_validation_methods/scripts/validate_bitraf64_phase1_receipt.py	1806	.py	source_code	44	b2c41dd2c0086e1effc5c196fb1458686232936e19c8eb66c5ec4413a8acc928	token_vazio_declared
PapersPub/08_multiscale_validation_methods/scripts/validate_bitraf64_toroidal_claims.py	3462	.py	source_code	92	0f7b4fdacdd8206183a663616e4c8e9beb48de00bae4aeac9243ddf8bc31c7e6	token_vazio_declared
PapersPub/08_multiscale_validation_methods/scripts/validate_formalism.py	10086	.py	source_code	258	0a2715119d560d4f29b5b8a06bc3ef5f72172abb57b4d5fd1d5cf84860b28bca	token_vazio_declared
PapersPub/08_multiscale_validation_methods/scripts/validate_four_axis_flow_ports.py	7339	.py	source_code	207	9f4f295cced726815de043aea95e4f7fcd678486737feb4b88cfba9cc6f62f9e	-
PapersPub/08_multiscale_validation_methods/scripts/validate_hex_matrix_projection.py	5387	.py	source_code	154	4e851bc6497ef0ef17a1479d3c5bd8434d31d4eba3d5328964ea51879f021c6f	token_vazio_declared
PapersPub/08_multiscale_validation_methods/scripts/validate_math_research_program_48.py	4814	.py	source_code	93	4f49002a936884ce54d0a0a0eb88f34831e02a7c0fbf2c6c7aaa8edc815e1b27	token_vazio_declared
PapersPub/08_multiscale_validation_methods/session_theory_hashing_20260905.md	14037	.md	documentation_md	460	85d209cfb28b30a653d747cef79d812467dba4d28491a1198aa9a4dd18d0ccd1	token_vazio_declared
PapersPub/08_multiscale_validation_methods/session_theory_hashing_20260905.v1.json	5543	.json	data_or_result	100	7570ca1d6affb425cc9a6871696bf2ba7a4a83d663c38b2640f6e12bb345741d	token_vazio_declared
PapersPub/08_multiscale_validation_methods/tests/test_nibiguiri_full_method_v2.py	4479	.py	source_code	80	0df02e64fac9c953c2ae9b4714cccd7bf6522b7818dd565ab4c71239ee7278b9	token_vazio_declared
PapersPub/08_multiscale_validation_methods/tests/test_nibiguiri_self_critique.py	3801	.py	source_code	97	030afd9da3d2f7f0fb8b27c8b8f97ebf899d31e2ba55b5061e94876c0a109043	token_vazio_declared
PapersPub/09_language_entropy_formalism/data_manifest.md	918	.md	documentation_md	28	64ba0a753b843ccc03e07a8259dd2c9f858e71d50cec11a452bd94c752feb0c6	-
PapersPub/09_language_entropy_formalism/draft.md	1729	.md	documentation_md	42	0c63e04cce1c2f62dc846cd99670331ed5ce83ce744723e71289cbd7ab87c1dd	-
PapersPub/09_language_entropy_formalism/figures/.gitkeep	0	NO_EXT	other	0	e3b0c44298fc1c149afbf4c8996fb92427ae41e4649b934ca495991b7852b855	-
PapersPub/09_language_entropy_formalism/references.md	694	.md	documentation_md	17	0e1720a719a67dc25574656ccd3dcc5b520cc7f9b8292331667a7094980e2b4d	-
PapersPub/09_language_entropy_formalism/reproducibility.md	1555	.md	documentation_md	39	9c05bd9ece70444b303d2f5ceec2cb2d4ecbcf67f590bf0b2540097d8f668cce	-
PapersPub/09_poincare_ball_7d_freestanding/claims.jsonl	2636	.jsonl	other	0	4ac5fee0939b077af592a098e20ab7fe3b5397ab7ca4258e1e8fdba9a76f7210	-
PapersPub/09_poincare_ball_7d_freestanding/lateral_emergents.md	6909	.md	documentation_md	299	f66501001a065281540f14a820a49b8bdbdba5df3e761a773b0b49e7629f9085	mentions_synthetic,token_vazio_declared
PapersPub/09_poincare_ball_7d_freestanding/lateral_memory.jsonl	4099	.jsonl	other	0	fe6a387601a2232c60bef180229d0e493af7c0485cf96324de8f40f086ddedb8	-
PapersPub/09_poincare_ball_7d_freestanding/paper.md	7242	.md	documentation_md	258	5ca6028945feb03cb78e0f0a08bbba4a2461c637f504756b6ebe246f6209802e	token_vazio_declared
PapersPub/09_poincare_ball_7d_freestanding/references.bib	898	.bib	other	0	4c59d4aed9340b943ae078ec768ab6434de76c2f3a86f21e224c88000e74e83b	-
PapersPub/09_poincare_ball_7d_freestanding/results/emergent_validation_report.json	2986	.json	data_or_result	69	14b938b84f17d88dda1c5978e54f7fc470c56ca84b0df33333cd7926d9498512	mentions_synthetic,token_vazio_declared
PapersPub/09_poincare_ball_7d_freestanding/results/validation_report.json	3161	.json	data_or_result	47	1f69a1ff7c8875898e037973408d305bd01554d974ab37a7b916c5ca311dd527	token_vazio_declared
PapersPub/09_poincare_ball_7d_freestanding/scripts/validate_poincare_7d_ball.py	5797	.py	source_code	152	a76e40cec0d4d347389aab5c48015c9004e19ca1ffee83ab81577702cd82b484	token_vazio_declared
PapersPub/09_poincare_ball_7d_freestanding/scripts/validate_poincare_7d_emergents.py	8449	.py	source_code	207	8849c93860bffa5e525f453a38e2b950a13d751963154488e909ecd4cede78b7	mentions_synthetic,token_vazio_declared
PapersPub/10_lowlevel_reproducibility_kernels/data_manifest.md	894	.md	documentation_md	28	ab017d3657c057917a2dea518680d147aaccd78dacaabcd9c2f409cd550a7b59	-
PapersPub/10_lowlevel_reproducibility_kernels/draft.md	1692	.md	documentation_md	42	8a04ca5f63823d61bd3b099098da99b88d30907f6069a796419040764e64755c	-
PapersPub/10_lowlevel_reproducibility_kernels/figures/.gitkeep	0	NO_EXT	other	0	e3b0c44298fc1c149afbf4c8996fb92427ae41e4649b934ca495991b7852b855	-
PapersPub/10_lowlevel_reproducibility_kernels/references.md	665	.md	documentation_md	17	a3f2f04a06bfa4cfe087283da9d8f565f0eb18601fc50582183f484b472d5ae7	-
PapersPub/10_lowlevel_reproducibility_kernels/reproducibility.md	1546	.md	documentation_md	39	8421a54e28fc9704503ce30902caf774f02d71502f717f1da26e4d9a9036de9d	-
PapersPub/11_giza_continuous_archaeoastronomy/claim_state_ledger.md	3975	.md	documentation_md	36	fea1939a3650bfd6b3d786731469d056a0fda67eca80fb1ed1027e3370f70739	token_vazio_declared
PapersPub/11_giza_continuous_archaeoastronomy/data_manifest.md	2455	.md	documentation_md	49	519daf47cdbc148346375ed717bb1dd26361176edd1311f9f700360beaa3bc91	token_vazio_declared
PapersPub/11_giza_continuous_archaeoastronomy/draft.md	12479	.md	documentation_md	213	60f4cfae655cbc459e9a21cf1b29a7a6f846fd13d8100e5529db694d43085e01	-
PapersPub/11_giza_continuous_archaeoastronomy/metadata/author_correspondence.yml	5002	.yml	config_yml	129	4993a69f599d9e3bd7d773f67aed1448d5e9d561fa401f6eca8d7d715cda6162	-
PapersPub/11_giza_continuous_archaeoastronomy/metadata/vixra_candidate_intake.yml	3689	.yml	config_yml	103	ba7ef368914935df01143100960351e92a0515065c19ca0116451637bd7cd94d	token_vazio_declared
PapersPub/11_giza_continuous_archaeoastronomy/references.bib	4874	.bib	other	0	29f56cf3dd51f8a46a775fcbe3da475d471e73bd55d2ec56ea1355a719e3d7d9	-
PapersPub/11_giza_continuous_archaeoastronomy/references.md	4987	.md	documentation_md	54	d01218576e452e4ec508a17bc02819a33abf719577588ff5c35b8e6acfef936d	-
PapersPub/11_giza_continuous_archaeoastronomy/reproducibility.md	2173	.md	documentation_md	67	e14feba3e4ef8e9e261038636b72b417d70c7d1b2d6a0f0cfaadc3f32d3e4f37	token_vazio_declared
PapersPub/2026-08-29_RAFAELIAN_EXACT_RATIO_GEOMETRY_SESSION_FEEDBACK.md	6170	.md	documentation_md	181	928c281186a07e85a171431c4d0e9a27289dca916c7addb664843cdacd399c58	token_vazio_declared
PapersPub/INDEX.md	4332	.md	documentation_md	16	511767b4dade346d86150851bac5f8230c1bdbf40e39c0ed49464c57b208e794	-
PapersPub/README.md	4607	.md	documentation_md	63	69b08232746f891e3d458968178f40f42dd9f530397940770c5200fc822acaee	mentions_synthetic
PapersPub/Teoriatide.md	5684	.md	documentation_md	91	eeae5b7fbae95a36cc1d37a9c98fdb204d9a3f4cbb34c5c50c8bb38c34f13968	-
PapersPub/Teórico rafa22.md	907	.md	documentation_md	47	d2a16e5603c45d0a534de5579dd59b572660cbf94751ef0fdd22d69832fc1914	-
Provaw.md	7653	.md	documentation_md	282	c1ba139adcb8a10a7be844f6707ce6fc8d01cf9859edf9551bf382df6ad5fdf0	-
RAFAELIA_COSMO_STRUCTURE_D/README.md	569	.md	documentation_md	18	bdc2040e1d3b976b6bcf8d2579ea9a3726d53be33ffdcb865b3ebc7a69bfbfe6	-
RAFAELIA_COSMO_STRUCTURE_D/core/agn_feedback_bridge.md	1167	.md	documentation_md	29	a9c7a29410cbe2710b9028181853f0689216fe278c0c2e7305d3150f8a8e7560	-
RAFAELIA_COSMO_STRUCTURE_D/core/equations.md	1111	.md	documentation_md	34	be7c52021f9e025097fb584a4a79df068a642ba4ee49d8ae71b427068de1a883	-
RAFAELIA_COSMO_STRUCTURE_D/data/README.md	281	.md	documentation_md	10	88cc9751b71114155e9308c876862eb36daa09a5f2e05caf6bd4cb349b4e3875	-
RAFAELIA_COSMO_STRUCTURE_D/paper/draft.md	7007	.md	documentation_md	84	9f44abb7e40477bc9a1e070eb061b17f2f0ef20fe21e0560283222f988f6fce8	-
RAFAELIA_COSMO_STRUCTURE_D/paper/evidence_traceability.md	5022	.md	documentation_md	31	f3cc20514489a7f862288027ba625d49870957be406c6e51ae1da09727170f2c	-
RAFAELIA_COSMO_STRUCTURE_D/requirements.txt	30	.txt	other	4	5462a6315c3e006295f3b37a7412e15b75b20fcc928be8a39c410210ce36a3d6	-
RAFAELIA_COSMO_STRUCTURE_D/results/README.md	227	.md	documentation_md	9	88994e7c206f071950ad93a5a2da2ef465a3681aef488199f427320613044e39	-
RAFAELIA_COSMO_STRUCTURE_D/rll_pipeline/__init__.py	126	.py	source_code	2	d499c3974bb48bebbda4b2fcebf1fa93d62399605a0bc7c6fe832d472711c4b5	-
RAFAELIA_COSMO_STRUCTURE_D/rll_pipeline/cosmo.py	138	.py	source_code	2	907952541ca345b8a7134cd0b319def923e85eea263eda6df856e9bd3d6d7b4a	-
RAFAELIA_COSMO_STRUCTURE_D/rll_pipeline/feedback_agn.py	152	.py	source_code	2	21ba382e85578dbc3d86d47882a781a3370153a19061db396d0438c0212e2b46	-
RAFAELIA_COSMO_STRUCTURE_D/rll_pipeline/growth.py	140	.py	source_code	2	bdd71ee9fa64f30f60ea4f965f69b29c25237d0676c579ec533dda64aa4d0af1	-
RAFAELIA_COSMO_STRUCTURE_D/rll_pipeline/likelihood.py	148	.py	source_code	2	9faca68a20d3774de131d379fb5944f5ac3bf4ecea197cabe999098db1887a44	-
RAFAELIA_COSMO_STRUCTURE_D/rll_pipeline/make_example_data.py	201	.py	source_code	5	0b1763ac33c3a7fc731eab6f16ce0bb2d5f7cef2e78b5fb9e6c57095012161db	-
RAFAELIA_COSMO_STRUCTURE_D/rll_pipeline/models.py	521	.py	source_code	23	efbde31e1daf3f554c37c5fd80ef1b2504a2122b7d4d2fe07a4aa916d33ca1f1	-
RAFAELIA_COSMO_STRUCTURE_D/rll_pipeline/run_all.py	272	.py	source_code	7	c2c61a4d37c95eae8eb47541da84651a8b93b92ec506fecdefb28c034c914c8a	-
RAFAEL_kernel.sh	42744	.sh	source_code	1044	d31a526fb2fba6ced488c79cf3a42afdf8ab68fafd9bc3104bae269230c2bc10	-
RAF_VERBEYES/DONE/STAGE.yml	832	.yml	config_yml	31	f9361bc5ac9f5f970c7a24621d3a27b46ab801052d7b9a143caf0cb7c48d7dbf	-
RAF_VERBEYES/ESPIRAL/STAGE.yml	1685	.yml	config_yml	50	01b7f9e925f5d333d4f3cd46ad259e152c902c50fcfdb44abf11c80c6d7b701d	-
RAF_VERBEYES/IN/STAGE.yml	824	.yml	config_yml	29	9eecb36d682477e26999159780aa5c168062bfc53abb6bb188d6a50e5970ec6e	-
RAF_VERBEYES/PIPELINE.yml	2439	.yml	config_yml	82	93b0360d5b09081bcaa9af35dc78888012e470d6c21b8546c1d9a9f2f0b67ae1	-
RAF_VERBEYES/PROCESSO/STAGE.yml	886	.yml	config_yml	31	33642d4da929b3d08bd70ab77858e40542edeb125bdafbda6bb5b4e408802188	-
README.md	12295	.md	documentation_md	172	1e7c06ce22ed3e5e5ddaefd4997a1bc75711ec55b7b59db4c12485b5deb5574f	mentions_synthetic,mentions_mock_or_placeholder,token_vazio_declared
README_MASTER.md	18563	.md	documentation_md	400	54adb929a34d3f90b0df25360a415b95624a7262010e16441535347306dce003	mentions_mock_or_placeholder
REFORM_LOG.md	17616	.md	documentation_md	551	926aba362ff6a65a9d3b3b36d938903fc2205c8f17c5d6f4e861efda736b476d	mentions_mock_or_placeholder
REPRODUCIBILITY_MATRIX.md	4329	.md	documentation_md	42	ff08411906739200059310aba72cb5d23a0181d2da4795826f7355fcd750b4b4	mentions_synthetic
RESUMO_REFORMA.md	12664	.md	documentation_md	356	b0302a29238a8f6f1bbdd55f9eb1371f6f753d02f445d5fd4af4423fd6943c2f	mentions_mock_or_placeholder
RLL_FALSEABILITY_MATRIX.md	3948	.md	documentation_md	74	d78bbdf1afd6af898ded6f15071cdab5438df3ce00fba960dccf2cd1e3738487	-
RLL_JSON_EVOLUTION_WATCHER.yml	5152	.yml	config_yml	132	41040fe61c1fb0291163b63cbe39bfee2cc638043f6b92015b94eaf3db15ff32	token_vazio_declared
RLL_MATERIALIZACAO_CORE.md	2727	.md	documentation_md	144	1dfbf63c269583b4964650b08e21d48ea232d2dbb9f273add49104167834f987	-
RLL_REAL_VALIDATION_PROMPT.md	2835	.md	documentation_md	120	1e9e90ec8c49c91b381c4a869d51049a3464e2272efb5f212871c054d80ee7bb	-
RLL_REAL_VALIDATION_REPORT_TARGET.md	695	.md	documentation_md	33	049b91dcfa6bdd59beb127bb929f912eb3a31bb53534be98d18017ddbc576658	-
RLL_WANDERING_BLACK_HOLE_TEST.md	1682	.md	documentation_md	50	55ac198787501354d374debbbaf9300d38cf0e0363ef56b34bf02dd3505adb5e	-
RMR/00_COMO_LER-1.md	134	.md	documentation_md	3	a541720961e3aaea2b3e19686ea6d8fb44c86602c33e9b88e480bbd2170a08f7	-
RMR/00_COMO_LER-2.md	134	.md	documentation_md	3	a541720961e3aaea2b3e19686ea6d8fb44c86602c33e9b88e480bbd2170a08f7	-
RMR/00_COMO_LER.md	266	.md	documentation_md	5	92d6c9e9b1fc421ee77a14c609c91028e920ee1838e00f9f750136b8aea14f86	-
RMR/02_CODIGO_README.md	11279	.md	documentation_md	530	e4632ee5094196947042d2d58618303821b08d72ded1fec6d5ace03f6790f79f	-
RMR/03_METADATA.json	10475	.json	data_or_result	337	bd53c6590d66bae7b7bcf77a1737e6ad86b3c65e85bb967e7b6030a47d628ed9	-
RMR/04_FIGURAS_README.md	10106	.md	documentation_md	296	74e7d3ef98a37f5f9210e84efc78fe8608b768a868f5e84f1131d413a488a5de	mentions_mock_or_placeholder
RMR/05_TESTES_README.md	2971	.md	documentation_md	122	7de6824e7765adeb3b9d4119aad43e8408c50fe481f4d9b7ed6f267625ce0551	-
RMR/06_COMPARACAO_README.md	3296	.md	documentation_md	102	1226610240dc97f555a31cf8c4d8f0380321cbfadf3c2b164589c868355da960	-
RMR/06_COMPARACOES_DETALHADAS-1.md	148	.md	documentation_md	3	3cd532ec50c104958033ef8f6dae3557077978ef33ae1c4668e74f9a777df57d	-
RMR/06_COMPARACOES_DETALHADAS.md	294	.md	documentation_md	5	8d375cac20c0c952401cd51579e41324d84d1ffb3be97231b36a2041218ab88b	-
RMR/07_TEORIA_README.md	4456	.md	documentation_md	162	efbfb1f4dc098c97bd1a7d341cd98e52b0fb46c2fc7f91c085ba1c1d494fcab9	-
RMR/08_RAFAELIA_README.md	7634	.md	documentation_md	278	40698acc1683f3fca68f2dcb1b7913660e588c1672617a30b90f79fd0b15602c	-
RMR/09_GLOSSARIO_COMPLETO-1.md	286	.md	documentation_md	5	5ff16bbb10aea2fbc8a78c39ce1d22dd9d777e1ce7e0a4175d78b600ffc58810	-
RMR/09_GLOSSARIO_COMPLETO-2.md	144	.md	documentation_md	3	9863949bfb34ab0c8d3de9af924121cb1e6388462d860b546778723ee33de079	-
RMR/09_GLOSSARIO_COMPLETO.md	286	.md	documentation_md	5	5ff16bbb10aea2fbc8a78c39ce1d22dd9d777e1ce7e0a4175d78b600ffc58810	-
RMR/1.md	1	.md	documentation_md	1	01ba4719c80b6fe911b091a7c05124b64eeece964e09c058ef8f9805daca546b	-
RMR/10_FAQ_COMPLETO-1.md	138	.md	documentation_md	3	84ff0b9386aa615fe31584837a6f547f68ea59fe01e16b7a6cd5256f62d73790	-
RMR/10_FAQ_COMPLETO-2.md	138	.md	documentation_md	3	84ff0b9386aa615fe31584837a6f547f68ea59fe01e16b7a6cd5256f62d73790	-
RMR/10_FAQ_COMPLETO-3.md	138	.md	documentation_md	3	84ff0b9386aa615fe31584837a6f547f68ea59fe01e16b7a6cd5256f62d73790	-
RMR/10_FAQ_COMPLETO.md	274	.md	documentation_md	5	55d95f3117c29565a9b7307a228996ff15ad76488800c2e77817b0bdc1954591	-
RMR/11_DOCUMENTO_PRIORIDADE-1.md	146	.md	documentation_md	3	9a46279da4764157f2180cdde40d419fe91eac8ef250e591bf7f6291b15f9185	-
RMR/11_DOCUMENTO_PRIORIDADE.md	290	.md	documentation_md	5	066855e2edc1ab3454b3b234cc502be0b9f12bef0776fea974b946967215346b	-
RMR/INDICE_MAESTRO.md	9911	.md	documentation_md	363	a8339ecd364bc5f217da7bde3e356479465473c34560004ec47a4b9ecf5ed036	-
RMR/requirements.txt	1339	.txt	other	38	94e3505b67318a5d5cb8a153cc8fe1bbcfe2605ab9e57034b64b87fc583a8ba9	-
Rafael te.md	28321	.md	documentation_md	1353	5ee6c5341c4d41e30fd6bc7ab007e9676aef01133c79a4ac12211f7cc1323665	-
Rafafinsnce.md	4854	.md	documentation_md	32	9cbfcfa71f1e2fd84f292221b5de8352c535968fbd2dfa26cbd0d74a312d70dc	-
Rsfael	777	NO_EXT	other	0	d09d82c24b53368b6c5d16cd84af454b2623b74d06bcc400bdeca0131b9a9fba	-
SCIENTIFIC_CLAIMS.md	2604	.md	documentation_md	38	72fc2f14593923aa9c99708927b2b040ecc2bd5ab10d4a73f458a0af8d3a6028	mentions_synthetic
SCIENTIFIC_CORE_SCOPE.md	3275	.md	documentation_md	60	e4f7ef8b7cd4cff69f627c4d61ba480b4e3faca77a1e37bba3faff36f94fdfe8	-
SECURITY_SUMMARY.md	4623	.md	documentation_md	94	7a835ad9a348571b9676f78db52d562032790ed92e7163792de124cff9b14cd0	mentions_mock_or_placeholder,token_vazio_declared
TEXTO_DESCRITIVO_ANALITICO_TECNICO.md	4080	.md	documentation_md	77	50e1729ad666e67857b4a80456cd6efba548bb6ec58f84d2a08bd54152478417	-
Toadd01.md	14093	.md	documentation_md	340	f51b67478bf0016e344fad4bd7fa6e62733b64e024dc0a44e9b42586a9b1fb45	token_vazio_declared
VALIDATION_STATUS.md	4902	.md	documentation_md	67	82a9920a40a03e480778dd46cb8394d9ac343531fe174b6ba95d1d60044d189b	mentions_synthetic
app/build.gradle	3178	.gradle	other	0	945919b91059cf982324b1438e5866402df9d3c381f1d4eaf64f798ba81ab2bc	-
app/src/main/AndroidManifest.xml	552	.xml	other	0	87b6e6b3cb6cfd35028197767db92d2e0688b97a8af5aea80d42f15196169db2	-
app/src/main/cpp/CMakeLists.txt	505	.txt	other	21	f3325ba631e6624820971c22852932bad497794d11fc0305418d371def2b1548	-
app/src/main/cpp/rll_jni.c	414	.c	source_code	16	0292ef8c4a77ee5bc05d9a1158720b40589acdac57d47a407fa7019bd9129935	-
app/src/main/java/org/rafaelia/rll/KernelBridge.java	262	.java	other	0	1bd4751b0dde65085ab07df1f89512d960afe9cb1909a4ee15806dcb29d7dee1	-
app/src/main/java/org/rafaelia/rll/MainActivity.java	544	.java	other	0	7915119a0e8a539013c84f911777a64a0c6315d0a7f59407c292891a512ab39c	-
apps/dashboard/.dashboard-excellence-contract.yml	16790	.yml	config_yml	391	1fdc64a3ca8cb6d84c4c887b210d0bee296f56e55815813e3bd959ecc47593f7	mentions_synthetic,mentions_mock_or_placeholder,token_vazio_declared
apps/dashboard/.eslintrc.json	259	.json	data_or_result	17	a41fafedfe08915f5c89164c05b555db55d8a3b9c185c19a54361334dd7da416	-
apps/dashboard/.github/workflows/dashboard-excellence-orchestrator.yml	24103	.yml	config_yml	621	4d869293f9bbe21a0f252ebf53c224efe74b2eb3aae8ff28da33e53c001b55b4	token_vazio_declared
apps/dashboard/.gitignore	353	NO_EXT	other	0	35701c9e48553a049776161bb84afdac1970e6aebdaaa3fa4a23d7f5c864386d	-
apps/dashboard/.orchestrator-config.yml	16647	.yml	config_yml	422	e5cfac51474ba0f86b65f37d4e4cddf27bae8fe5fac0a6fa05b9903acad7765e	-
apps/dashboard/ARCHITECTURE.md	8539	.md	documentation_md	425	1df9a6089166fe2242a43273527039f72142d9c35c6dd88ac3a3158c81a00c66	-
apps/dashboard/BUILD-GUIDE.md	8911	.md	documentation_md	445	84a54149d45ad1cbb633a86758223269e993095cfd96c9a3534efb5b1b12ddb2	-
apps/dashboard/EXCELLENCE-GUIDE.md	12294	.md	documentation_md	493	68670c6bee3db3b9abe8c10b81b4f956f76731f4648f388bb0e5a620f68854bc	-
apps/dashboard/README.md	4557	.md	documentation_md	201	a0beb2a9b08798936cde1885645b99732c547b1aa87c0ff096755f1e4883a5ce	-
apps/dashboard/build-ux-compilation.yml	20885	.yml	config_yml	637	c2b155dd81cc9aed9f956047a8e7813efabddd2ddbe2e1501ebf7ff68ae5be20	-
apps/dashboard/compile-ux.sh	17520	.sh	source_code	449	b6c0c8be7ba91323f3219a739c9bb6f81849cdd897cac30d3cd3b89fd8be8ee8	-
apps/dashboard/index.html	909	.html	other	18	f1b7c47d63e9ff1c1d9479a25746c9e5c210f6c88fd23b11bc2b02d430ca5c4e	-
apps/dashboard/package-lock.json	184518	.json	data_or_result	5299	ee6dc6dc4d72da9ffdd751d33c8ff4b521ac8dffcb0970ebae72128247f627a9	-
apps/dashboard/package.json	880	.json	data_or_result	35	f76a26f1ded3050fdf1346e2c24c94b03aca0af6ccd225e08a1ac9b327ec0678	-
apps/dashboard/postcss.config.js	80	.js	source_code	6	190c877db466995bf1482f4a16abd06e04a89ede3119341e2a86ff96e1737b27	-
apps/dashboard/src/App.tsx	3716	.tsx	source_code	111	4337e0a616bddb4d139cb301687bdcd22d47013e3b506c55e4b8104cd52dc850	mentions_mock_or_placeholder
apps/dashboard/src/components/Analysis/AnalysisPanel.tsx	2351	.tsx	source_code	72	d12c4e91d4620a47ebb7e48530d2f2df852345a611d92a9c216dd7b359c9e79b	-
apps/dashboard/src/components/Charts/AnalysisChart.tsx	4543	.tsx	source_code	157	1302e32ea16058ef23018ae379b997e3b7433cb68eedc99975de55f941030008	-
apps/dashboard/src/components/Dashboard/DashboardPage.tsx	4458	.tsx	source_code	152	5fbfd356ee802b5afec1b3a0d3f820ce7a46d44355b8db21f1291cbfe2e04fe0	mentions_mock_or_placeholder
apps/dashboard/src/components/Export/ExportPanel.tsx	4063	.tsx	source_code	110	69201b880ff2943c5745fcc0c1f2658b7d1c6ce0abff4395ef7b441c9950cd85	-
apps/dashboard/src/components/Layout/Header.tsx	2027	.tsx	source_code	51	63e3e1e861b1f4a5c7305cce22089308e829162c39f526f9348ff39b9cb429b4	-
apps/dashboard/src/components/Layout/Sidebar.tsx	2796	.tsx	source_code	83	e67baca5a110d9ec3af96cd996292a5a9acc19bd2f966a2cb153a25e3896612f	-
apps/dashboard/src/components/Settings/SettingsPage.tsx	5445	.tsx	source_code	147	dff4d95edc3371fb2d87d8ca1ee84189eb9fc37fcff1eb6ea0fd32e93ec9ca49	-
apps/dashboard/src/components/ui/Card.tsx	1910	.tsx	source_code	78	0bfeebf4497abfe92d2f63fdc446b6504473f861f01a56b584f7bd2175fb688e	-
apps/dashboard/src/i18n/config.ts	707	.ts	source_code	30	b532a05f26d755cc1c46e2a76f9ddb9296354165c45c50552a5e760b9c84d5d9	-
apps/dashboard/src/i18n/locales/de.json	1529	.json	data_or_result	62	83c2db0495c1eb6dfcce028db613daf7645463a413a55d32191de0dca43c05cb	-
apps/dashboard/src/i18n/locales/en.json	1426	.json	data_or_result	62	ef729e782d5f769bbf03497e427868c5e2ea28109983d9307ab7d5743cf31c81	-
apps/dashboard/src/i18n/locales/es.json	1544	.json	data_or_result	62	130c6175ce71a69bcfa6b4e7b7a83238a3aceeb574c457b1372a6f11e8322fd5	-
apps/dashboard/src/i18n/locales/fr.json	1541	.json	data_or_result	62	290b922d173eff55de8103d804d0cd090972075539316c70d03f23a5224aeff2	-
apps/dashboard/src/i18n/locales/pt.json	1542	.json	data_or_result	62	110085294886ec29cf3ce366d4c94504c7f296da54d149ac8a20ae1f52e2b863	-
apps/dashboard/src/index.css	1343	.css	other	73	d5415c0c7ef32ad9f5c7abea16fec885dd186792a1e8be07cb652bc00f31d367	-
apps/dashboard/src/main.tsx	259	.tsx	source_code	11	c9adce7abe0098beec83e26a964f27c1cb09a3180b4cc44463b11c2ad2e71d22	-
apps/dashboard/src/store/appStore.ts	1064	.ts	source_code	40	55a57bc984811c11b500237e05577d57a2d5ec164ef9aeb8889c0c97dfc82495	-
apps/dashboard/src/types/index.ts	699	.ts	source_code	38	e1e0fa38dcb3de9334db3e8092e8377fe50e67277f9950a8a9820240b4f7fe02	-
apps/dashboard/src/vite-env.d.ts	38	.ts	source_code	1	65996936fbb042915f7b74a200fcdde7e410f32a669b1ab9597cfaa4b0faddb5	-
apps/dashboard/tailwind.config.js	1209	.js	source_code	52	fae59461a0576d82ee2a263ac0a68633fc6304769a0652a89bee5592f9ae1099	-
apps/dashboard/tsconfig.json	808	.json	data_or_result	29	2f851967cac31b3fdc091452de30cdf837045989752795d5ee0146cbbf1d7e99	mentions_synthetic
apps/dashboard/tsconfig.node.json	213	.json	data_or_result	10	9e2abb169ea87b7190613a1d4da57ca608463a453bd4231fa3aeee5e308370dd	mentions_synthetic
apps/dashboard/vite.config.ts	249	.ts	source_code	14	8b59cc16d37fd863c09b37aaf20d52b0180fd2769211abafcf6ed04469706c40	-
apps/dashboard/vitest.config.ts	355	.ts	source_code	18	560d1193cd56132e07de87f03452a7423e4308743c953fbe48f33516702d8104	-
artifacts/EVOLUTION_TRAIL.jsonl	2401	.jsonl	other	0	1b67adcd45a32df93db3d78096a02203358ebb840f4532b60deeeb2e7b97f3de	-
artifacts/audit/RLL_ALL_REFS_TOPOLOGY_RECONCILIATION_20260808_V1.json	1382	.json	data_or_result	39	6abbdadea27d780b8bd98397916f7861042bc5d3d9e062083bcf859f6387c7c1	token_vazio_declared
artifacts/audit/active_ahead_technical_promotion_20260807_v1.json	3616	.json	data_or_result	96	9f1fab8b4c3cef7d066018fd07a5391d64725e3a690df87a734a4badbe4e07b2	token_vazio_declared
artifacts/audit/branch_advance_forward_port_v2_20260807.json	1177	.json	data_or_result	31	3460da9972f87c6d47b8760e59be12ff64949bfe7565d1c77b3c6e4252ea49dc	token_vazio_declared
artifacts/canonical-coupling/hz-real-validation.json	1702	.json	data_or_result	63	3e1115cf5a05404e4e89934035a6e33a650e7f3443e9ba7d75bcf121ba62b588	-
artifacts/canonical-coupling/joint-real-model-v2.json	2994	.json	data_or_result	98	49a2155e565fa489dbe9a055498b985e913b4ac6770afd1eb269ed296bb8a2dc	token_vazio_declared
artifacts/canonical-coupling/validation.json	3060	.json	data_or_result	130	9bb07c61437fb8c1881a1a95fabf1c2f0cb59708f3012db8f130b719f9b9cf68	mentions_synthetic,token_vazio_declared
artifacts/fase29-integrity/validation.json	831	.json	data_or_result	40	cbc1fb5ddda07847990e8bcfcced07ecbaba2a654ed9ff5a46539d47310097f0	-
artifacts/formulas/FORMAL_ACADEMIC_REPORT.md	25858	.md	documentation_md	135	5a88eb906a59b5b1a3adf9c4eb5382b65800451cce7305c63eb798e5672a728d	-
artifacts/formulas/RAFAELIAN_BASE_SHIFT_PRIME_FLUID_20260829.md	3102	.md	documentation_md	69	3fa9025b6686ee9d7a1232c1e83ecf0f42b553335ca30a867ab05134475efb46	token_vazio_declared
artifacts/formulas/RAFAELIAN_EXACT_RATIO_GEOMETRY_MAP_20260829.yaml	2267	.yaml	config_yml	60	185cfef3ad934e8707a1d1b926f8f72e0df81415f95fd79284367db7a905e088	token_vazio_declared
artifacts/formulas/RAFAELIAN_PERMUTATION_PIPELINE_20260829.yaml	1122	.yaml	config_yml	34	6829c0768977a7626e94525a23d29388a6c0a3525f5856586bf3718c186762ab	-
artifacts/formulas/RAFAELIAN_REPETEND_ORBIT_GEOMETRY_20260829.md	2900	.md	documentation_md	109	401b7c8be684c52b49301942f66bc7d78397d03ca631450980c393108649a420	-
artifacts/formulas/RAFAELIAN_SESSION_DECLARATIONS_20260829.yaml	823	.yaml	config_yml	21	6f49047863a6eac5ed9fb54265fc8679facb6eec36f09f61aee8eecd680fd665	token_vazio_declared
artifacts/formulas/README_RAFAELIAN_EXACT_RATIO_20260829.md	467	.md	documentation_md	9	95a455742431388e6222a4e1d57fdfc6523d57a5018a64d3dd464fe5a25a272a	token_vazio_declared
artifacts/formulas/SESSION_FORMULAS_53_INTEGRATION_V1.json	625	.json	data_or_result	14	acaba0cb2c82fa8733fc01eda7d107fa93f1af8cceac8121baff1b22ed8d5a39	-
artifacts/formulas/formulas.csv	60629	.csv	data_or_result	360	6a46be92d3295d62abfa962b67ef18bee3234a40db73ec727999e0d05b86920b	-
artifacts/formulas/formulas.json	86007	.json	data_or_result	1797	29de23d64e3e362815965da74c00c2ac9e77e27e01b00bdf628058790b67e9ea	-
artifacts/governance/DES_SN5YR_LICENSE_AUDIT_20260807_V1.json	1506	.json	data_or_result	28	3f68f20702ab369dded36bb572a4d91342783b5711c652413f587f11d0d99fc0	token_vazio_declared
artifacts/governance/RLL_GITHUB_EXTERNAL_SETTINGS_RECEIPT_20260808_RUN31244716847.json	2796	.json	data_or_result	67	048505b53be361ad9d5c99ff41e560c8302e11f6f277d4a1bb767a84cff6c303	token_vazio_declared
artifacts/governance/RLL_MAIN_LAB_RECONCILIATION_MATURITY_RECEIPT_20260816_RUN31978654984.json	917	.json	data_or_result	27	1293d3d0f4c1777a9edbb163728631da0f62a0fa4f776b204e62c435ec7db068	token_vazio_declared
artifacts/governance/RLL_PYTHON_ANTI_REGRESSION_RECEIPT_20260808_RUN31228779216.json	1277	.json	data_or_result	31	3b1dc703eeaaf6d14cdb01c549e2b8ac446f2d01922c7e76f4b7b92b2921ae1d	-
artifacts/governance/RLL_RELEASE_REFRESH_RECEIPT_20260807_V1.json	1470	.json	data_or_result	40	557b6c9103ebfc50b4285ad24a617f7dcbf736e73ebc4d0eb7497d3a1b9eb543	token_vazio_declared
artifacts/governance/RLL_RUNTIME_ZERO_JOB_INGESTION_DESIGN_RECEIPT_20260816.json	1450	.json	data_or_result	37	1668e8dc524fe0c1a40a0b851f2b5a9d38a09845a0614e6e31e4035f750505c7	token_vazio_declared
artifacts/governance/RLL_RUNTIME_ZERO_JOB_INGESTION_PENDING_REMOTE_EXECUTION.json	482	.json	data_or_result	14	3c6b75b5f82135ac4f2dc38228f361e83115270b70c76973ec22309f145b07f1	token_vazio_declared
artifacts/governance/RLL_RUNTIME_ZERO_JOB_INGESTION_R3_20260816.json	783	.json	data_or_result	26	41d3ebbc36ac5649ad51a64f89db152bb2e77848d150090598f48baa4002e956	token_vazio_declared
artifacts/governance/RLL_RUNTIME_ZERO_JOB_INGESTION_R3_G1_20260816.json	1397	.json	data_or_result	38	b10571f620486c770f5199d8d21707bb30f86d4d64d0d1e0a934906cf79430b0	token_vazio_declared
artifacts/governance/RLL_RUNTIME_ZERO_JOB_INGESTION_REMOTE_RECEIPT_20260816_RUN31978075898.json	1937	.json	data_or_result	60	e5c989e2a9266fe3527b0f326c76e11fcb619b31238f9e43e5a652ee385d35f6	token_vazio_declared
artifacts/governance/RLL_WORKFLOW_CONTRACT_INVENTORY_DELTA_20260903.patch	993	.patch	other	0	71e9a1352f11dfcfa09f1ae02af0b41eb888c54a681af3b4d46f8ff2715bf218	-
artifacts/knowledge-matrix/CHECKSUMS.sha256	288	.sha256	other	0	7e424414155eadce96a0db69c5f427aff0df92f9623fe6fe796702c44ec82c75	-
artifacts/knowledge-matrix/knowledge_matrix_hypotheses.jsonl	2517	.jsonl	other	0	806d3044882bec526ce2dbf1508aee4d58fe48a900dd3e67071656352046e339	-
artifacts/knowledge-matrix/knowledge_matrix_summary.json	494	.json	data_or_result	28	127ae06295d69e4bded185c05eed8dff0b0254eefec59df196717d8f672ded59	-
artifacts/knowledge-matrix/rll_knowledge_matrix.json	417076	.json	data_or_result	13588	070e910d09fe603012b67ff3eb2b8a6524211891e37f564798e41fab2583d5f6	-
artifacts/pantheon/RLL_PANTHEON_FULL_COVARIANCE_MATERIALIZATION_RECEIPT_20260819_RUN32285275333.json	1881	.json	data_or_result	42	a4e0ad72883f4ed3fe45a0fc0f3619b5b96472b167644a4a6760632894db82c6	token_vazio_declared
artifacts/pantheon/pantheon_input_readiness_v2.json	2188	.json	data_or_result	62	107f69a557c79ad2d567fb288545f79ff3289b9297adbb2ab7cc5f66249176e8	token_vazio_declared
artifacts/rafaelia_q16/2026-07-10/dual-artifact-manifest.json	1997	.json	data_or_result	64	c60bf2a5b42f3bee855533a1e1f5fd8cfbda6755302b0bf2898a5bbdb5896a5e	-
artifacts/rafaelia_q16/2026-07-10/manifest.json	3151	.json	data_or_result	91	ccb95e6fcb114f8cdebab0c9065eb7f18a0896f80f861a9098a7328082617753	token_vazio_declared
artifacts/rll-real-run-impact-vector/COMPUTE_REPORT.md	426	.md	documentation_md	11	352c5578a7f954d8e7def016b711e30432d7ceed5330e0a02c99f1838dbfa20a	mentions_synthetic
artifacts/rll-real-run-impact-vector/MANIFEST.json	3467	.json	data_or_result	112	60164322fa4c5d80a3f73ce836bb751205f5f1d9872d9b5f3ab1d955d79e01d9	mentions_synthetic
artifacts/rll-real-run-impact-vector/tables/BAO_processed.csv	1442	.csv	data_or_result	11	b7e590168ac0a12d51b2349c468300ed659e6a8ba6d422fb915a39b04cf39874	mentions_synthetic
artifacts/rll-real-run-impact-vector/tables/Hz_processed.csv	4774	.csv	data_or_result	34	19a25807c714ba5f18a819063effbb9a8415404cfe0a202a30960b20117ebc99	mentions_synthetic
artifacts/rll-real-run-impact-vector/tables/geomagnetic_metadata.csv	216	.csv	data_or_result	3	188f12d90d8747685c150f410066a8b4bb7a7392824fbd7b91e855d97072db6f	-
artifacts/rll-real-run-impact-vector/tables/model_comparison.csv	225	.csv	data_or_result	3	d1945ae07c1e12f5536e370b34d96ec5d7a07c302a2c83be0abfd2e3a94f1e40	mentions_synthetic
artifacts/rll-real-run-impact-vector/tables/rll_components.csv	5552	.csv	data_or_result	49	6684d89f39d2eff1852347709e5af3705e84a7281b0e4c15514113320998a67e	-
artifacts/rll_balance/20260709-132833-utc/input.json	258	.json	data_or_result	6	61a1b3ec3edf41a66e67098add8a7efe6ca0ea407d3090d3bc187a0379b624f8	-
artifacts/rll_balance/20260709-132833-utc/manifest.json	1810	.json	data_or_result	43	59e01c6ce98ee1ebb1f1f3f006739e22f92d1c668c46c1397b591776b76f6366	-
artifacts/rll_balance/20260709-132833-utc/rll_balance_report.json	2619	.json	data_or_result	90	e86d5ea2e40f456fdf9db4d239ac3754c6e3db389cf5b55561905f788ae4aa37	mentions_synthetic
artifacts/rll_balance/20260709-132833-utc/rll_balance_report.md	2933	.md	documentation_md	107	b076260ce414429ff3b2c2c0975fd8d8e2eb053b3bb86957ba6236dd80b3a05c	mentions_synthetic,token_vazio_declared
artifacts/science/RLL_G3_DESI_PANTHEON_COMPATIBILITY_RECEIPT_20260819_RUN32286390824.json	3048	.json	data_or_result	67	20a24c43a1ed864a6063ce57518e0a6cc2e0b10376f6fad5775afd9f42713dad	token_vazio_declared
artifacts/science/RLL_G4_PANTHEON_FAIRNESS_RECEIPT_20260819_RUN32286390824.json	3119	.json	data_or_result	80	2d8a622d9eaaecfb02c47768ccd0c06852adae510d970ded29b61b15d32c4ef7	token_vazio_declared
artifacts/science/act/RLL_ACT_DR6_AVAILABILITY_AUDIT_20260808_V1.json	2513	.json	data_or_result	47	4469fe3df7dacb3e06a5fc79e06d49d558f0da098be50c8a516d8169ebeb0b85	token_vazio_declared
artifacts/science/act/RLL_ACT_DR6_CURRENT_STACK_MISMATCH_20260808_RUN31234326583.json	3226	.json	data_or_result	88	3869b4be39470397329b5a53ea44e62b81eb9d85be30950ca5c4154554363961	token_vazio_declared
artifacts/science/act/RLL_ACT_DR6_MATERIALIZATION_RECONCILIATION_20260808_V1.json	2034	.json	data_or_result	57	11d6fe2345fa86da120b3b274f6705876cc07e7dc1984c9f70feb01f188b2d10	token_vazio_declared
artifacts/science/bayes/RLL_FASE20_NESTED_EVIDENCE_AUDIT_20260807_V1.json	3715	.json	data_or_result	93	15f2a106f54d66418edfbf3c255d4bfa3ce7af0f2a79109278bd192ca3a52514	token_vazio_declared
artifacts/science/bayes/RLL_MODERN_DOVEKIE_3MODEL_BAYES_RECEIPT_20260807_RUN31226738703.json	4503	.json	data_or_result	114	f24c4b90559549c03580ca35fbb0ac6bff2305c2267aef1c4954ba5704327267	token_vazio_declared
artifacts/science/desi/RLL_DESI_DR2_REPRODUCTION_BOUNDARY_AUDIT_20260807_V1.json	2623	.json	data_or_result	46	bc22fc1f3a1a84c3881cca18b17c7a0569aa58f620c5bbfa94d00aacdd9238da	token_vazio_declared
artifacts/science/external/RLL_EXTERNAL_LIKELIHOOD_AVAILABILITY_20260808_V1.json	3041	.json	data_or_result	44	12551c44d5c22913491f9be93205fd9e6daf251cb3e1362299213a9fa5f1cc59	token_vazio_declared
artifacts/science/h0/RLL_H0_PRIMARY_SOURCE_PROVENANCE_20260808_V1.json	4404	.json	data_or_result	92	932b5ba32f9d11a68e6b7b9c3b6a8b5d46da851d125fc16f7cce3079b2ebd625	token_vazio_declared
artifacts/science/h0/RLL_H0_RD_BOLTZMANN_RECONCILIATION_20260808_V1.json	1850	.json	data_or_result	48	d19e271dc416903491886094b86bb5c57865a87b56b226263da011c103906529	token_vazio_declared
artifacts/science/h0/RLL_H0_RD_BOUNDARY_AUDIT_20260807_V1.json	2349	.json	data_or_result	45	0b6e75df6657d0b3e6b718c855a250f6f802ab60802d7c5ef256ac3b42f4d58d	token_vazio_declared
artifacts/science/h0/RLL_H0_RD_CONVERGENCE_RECEIPT_20260808_RUN31229739077.json	2629	.json	data_or_result	66	56cfb67cafdd7c7c56e04ed14d5f4c981cf65c19913c203466a234aca1e850c5	token_vazio_declared
artifacts/science/h0/RLL_H0_RD_EXECUTION_RECEIPT_20260808_RUN31229187067.json	4002	.json	data_or_result	103	d3063107735d9e0a868c3b525373c2d48f690e119eaedfdd81f2a4c9bdf525a2	token_vazio_declared
artifacts/science/modern_papers/MODERN_PAPER_VARIANCE_AUDIT_RECEIPT_20260807_V1.json	5367	.json	data_or_result	118	8ba0594b8566c52259a355f489d92da5fc69504075e922312c581356aa25d4cc	token_vazio_declared
artifacts/science/perturbations/RLL_CLASS_CAMB_BASELINE_RECEIPT_20260808_RUN31231315944.json	2992	.json	data_or_result	76	a53ea7cbde4c4ced64ad7803c04a57e9f28b71b78302b517bcb3b570e1f08388	token_vazio_declared
artifacts/science/perturbations/RLL_CLASS_CAMB_BOUNDARY_AUDIT_20260807_V1.json	3830	.json	data_or_result	68	318926aed9f050196eedc7129b7db9abf93f7aa3b68017296e67a4ecfbb41f7b	token_vazio_declared
artifacts/science/perturbations/RLL_CLASS_CAMB_LMAX_BOUNDARY_CLOSURE_20260808_V1.json	2607	.json	data_or_result	47	a19795e8a4b9e52ccd75b92a976e611bcd8ef2ff5b2ad3be36271c9af8b0b97c	token_vazio_declared
artifacts/science/sn_modern/RLL_DOVEKIE_CPL_WA_LOWER_BOUND_RECEIPT_20260807_RUN31227378178.json	2791	.json	data_or_result	60	05da2977fca4a3eee4ba76f3c9e0e2c8824daa433ed184d087b640c28a140154	token_vazio_declared
artifacts/science/sn_modern/SN_GAP_CLOSURE_RECEIPT_20260807_RUN31225058309.json	4088	.json	data_or_result	79	16cfc3a700f851b1b6b956d1b898dc6a3c445ff6e4562ff3fdc2401989a98d52	token_vazio_declared
artifacts/science/sn_modern/SN_MODERN_EXECUTION_RECEIPT_20260807_RUN31215323284.json	8457	.json	data_or_result	184	c30c4d682400f155151e4f081ce69231453233652e060219b7b9a40b515f2f00	token_vazio_declared
auditoria/RLL_CLIMATE_MULTIPHYSICS_LOCAL_RECEIPT_20260729.json	3137	.json	data_or_result	89	94d03439f4d2ef156e4d4583a892774b5405cfc7a0394fd6bc9fc5fd84ba0550	mentions_synthetic
auditoria/RLL_COSMOLOGICAL_MATTER_SPECTROMETRY_V2.sha256	872	.sha256	other	0	38a3be54d869c708695be739429865b107e85dfa2f2423ed0866db2f1464855e	-
auditoria/RLL_COSMOLOGICAL_MATTER_SPECTROMETRY_V2_LOCAL_RECEIPT_20260730.json	2746	.json	data_or_result	71	93ea7dd6a8ad8ac39fa4c11b6313d6fe0f377563bfddc68de94a435a1d88c8ed	mentions_synthetic
auditoria/RLL_FORK_AUTHORITY_LINEAGE_20260827_V1.md	6362	.md	documentation_md	111	5de331ba121196025f3c0bd8abcb5ba8087a6dfb4dbb64fe76cdb29c08123662	token_vazio_declared
auditoria/RLL_NAVIGATION_ARTIFACT_AUDIT_31064223594.receipt.json	664	.json	data_or_result	18	f4316ce5b16e5576ecf3551d701142cdda5ae2ab7a7fcb5041b2de36d8cd32bd	token_vazio_declared
auditoria/RLL_NAVIGATION_ARTIFACT_AUDIT_31064223594.sha256	255	.sha256	other	0	f65b034f8ecd563853164ea301a911383fb458a2b7228777b15e8f03572a9252	-
auditoria/RLL_NAVIGATION_HOTFIX_TOKEN_VAZIO_31064223594.jsonl	2272	.jsonl	other	0	421ebbce8525b06afde5fe7292e590fe742719a5cdc5e8003663cd4e4d98a98a	-
auditoria/cadeia_custodia/DRAFT_CUSTODY_RLL_PR_607_20260728T215902-0300.json	2524	.json	data_or_result	1	73fe43084c304d7899a5586c034ecc44520d05c15c82398b0d18a98f70d34532	token_vazio_declared
book/01_fundamentos_visao_geral.md	1283	.md	documentation_md	34	9ac7fcad56ece7c0203acb43833d62c389b178c79f4589dd299e8384d7650a96	-
book/02_fundamentos_status_dados.md	736	.md	documentation_md	18	912d0dda1bddd613c9f11357f2ee1441ee6a31ca63be4c6c17d69efcf6fd1ffe	mentions_synthetic
book/03_fundamentos_preservacao_integridade.md	750	.md	documentation_md	18	f2a63c7f2d44324a47ba4fe8b491888d80464ac932da74e646de98914fdf8560	-
book/04_formalismo_equacao_unificada.md	11956	.md	documentation_md	185	315cf4ec72f62a6b6bcd72e54d85ee5a5385e0cf71386b17d8d6ff8195c4787f	-
book/05_formalismo_funcao_transicao.md	724	.md	documentation_md	18	ee52a11e80a302e4b4392485a037a830f98c0616cadf821fb41b8037803b561d	-
book/06_formalismo_parametros_componentes.md	699	.md	documentation_md	18	cbb896339982179a688a17f34598af4614a73dfd3ba1285c5d33b8570d7c95c2	-
book/07_formalismo_lagrangiano_eft.md	733	.md	documentation_md	18	ae45a7be9628c0fdab4231da6b0bb47ea7d91d166b1d0e5320393646b6c2218c	-
book/08_hipoteses_hipotese_central.md	1358	.md	documentation_md	35	64fe7d139e1ae857cf457621067b45778e4e26de33c1d127033cd2fcda4f1d02	-
book/09_hipoteses_setor_magnetico_plasmatico.md	16171	.md	documentation_md	233	bf47b75db913ad7fe81a7e1dbed3f9e139bf18183f3884d0b9d22c61ef8973a7	-
book/10_hipoteses_entropia_margens.md	744	.md	documentation_md	18	cd8608e36c1a5f18fe6bdbb7d1864d5e698c33371dee261639ff652002a7659c	-
book/11_metodologia_pipeline_validacao.md	1309	.md	documentation_md	34	81195faa689f8bf288d3fd26a27a04e5892dfaf76f4993cfe4da07b1d09c2458	mentions_mock_or_placeholder
book/12_metodologia_dados_mock.md	753	.md	documentation_md	18	808e0856cfcc8fa29b4eef5f08f6d387e1a9244ae5c3d761a51244f5e4d7d1a5	mentions_mock_or_placeholder
book/13_metodologia_dados_reais.md	697	.md	documentation_md	18	0946d438b6119d33bd25c62efcaa6b0a9b222d5f4a47c35bcfda01abf17065ea	mentions_mock_or_placeholder
book/14_metodologia_notebooks_scripts.md	699	.md	documentation_md	18	6804045bf4d84b5882bf756eed2b29ed8099d74159e142db1338e8c6a9ec537f	-
book/15_validacao_expansao_hz.md	850	.md	documentation_md	19	da25a9ef08b6024c2f8374f4e8adf50437f42ef5ddfa01cf3311c1c8d22a0f3e	-
book/16_validacao_supernovas_dmu.md	854	.md	documentation_md	19	40b0d220072c71f3e3498e6830e4111b5f357d6430ae0328d3f079e21e89a0b8	-
book/17_validacao_fracoes_energia.md	728	.md	documentation_md	18	714a658d1d16422869c09f1070bdabc44d05d571341901b47ab30c9c5b329891	-
book/18_validacao_crescimento_fs8.md	734	.md	documentation_md	18	77457b9ae839c43b6e5efcc116eb73d19b1277d283c9062340762cbec761e1b6	-
book/19_validacao_lentes_aglomerados.md	725	.md	documentation_md	18	847cb8654b4d45d1f5398bc2f1a3d308046c213671482c43506388ca56489804	-
book/20_validacao_rotacao_galaxias.md	709	.md	documentation_md	18	9594fe0f3cf87d357d758861e7c20b8ce55b721b30792359fa29f24251ac22cf	-
book/21_validacao_desi_boss.md	4907	.md	documentation_md	75	d3cdd9e31eb56e76db548fe4fc41639387e3f89eb4b42b59059176fee83f0ecc	-
book/22_validacao_jwst_agn_smbh.md	4880	.md	documentation_md	77	3b16cdaa2e19f23c6e9ea4f3ea6b9eddd57ef66ab7cfff7575a40b8474da9521	-
book/23_resultados_estatisticos.md	704	.md	documentation_md	18	e35a940a7f1b8d13021993bdfc8b958b21d9d8017026f796f8a9c515633b3250	-
book/24_resultados_figuras_painel.md	26082	.md	documentation_md	339	d11e9357c240de05a71e3f449e482eb93e073a195067e8f478c91d2182e70329	mentions_synthetic,mentions_mock_or_placeholder
book/25_limitacoes_status_atual.md	709	.md	documentation_md	18	a65a13882245954298a5bc6dda73e8f3468c59ec5f3b82b7cabf9cb1de22afb0	mentions_synthetic
book/26_limitacoes_degenerescencias.md	732	.md	documentation_md	18	ddead0c2e91163e49d383e87a2426304d0c2773eb1e66dfaf092b507837cbc57	-
book/27_limitacoes_escopo_cientifico.md	722	.md	documentation_md	18	f74dbca013ffe1b31a536851803ec39b35a053f24cb9ee7fd854646aeda076ee	-
book/28_governanca_indice_mestre.md	707	.md	documentation_md	18	b6f55a69dfaaa5a5f1439836cbb78fdb666660385ba477bced0e2ef1358f17de	-
book/29_governanca_inventario_completo.md	719	.md	documentation_md	18	44d1584997b35d9e78aa721f1de17cc736b0ddfc8b7edc045eef78883a03b26b	-
book/30_governanca_releases_reformas.md	683	.md	documentation_md	18	5b4cbe54035f0ed87c8ef2b003358529f4b8f69d4088d3d183d0f74fc74604cd	-
book/31_roadmap_curto_prazo.md	3023	.md	documentation_md	62	2318d4f2350e66b1aff48c519ac3063b71724e7669a8b0b314feceb6a65046da	-
book/32_roadmap_medio_longo_prazo.md	695	.md	documentation_md	18	afd69d7233fd1f3c0fc1328ce346b0fb6738f661bacdcd22ea1938a4b6324cf0	-
book/33_apendice_glossario.md	27143	.md	documentation_md	719	0b76b6908550debb30ee1138a75250272635c8244832af38d305348b07267677	-
book/34_apendice_faq.md	919	.md	documentation_md	28	2f8089112fb214c9522551d2ae9a544ee6771ab6c706f8b5b13766f7dd23f390	-
book/35_apendice_como_ler.md	666	.md	documentation_md	18	d4eb1369df33202c9c940eef26a4caaa3faace596c8d18e2db6d7a7bcdd862f7	-
book/36_apendice_analises_completas.md	724	.md	documentation_md	18	0184da5d42034c76d76a3e207d56b69b66bc92763c6b94524119a51f61832a0f	-
book/37_apendice_trilha_autoral.md	709	.md	documentation_md	18	847943a7861a84d6d28c3298a3d7f8803724e8de30f4653a3720c45283dab8c6	-
book/38_apendice_numeros_rafaelianos.md	3372	.md	documentation_md	34	143e805dd5bc98b5767189dae3c3a01ba74e589ad2dd1e4de9b470af84a5398f	-
book/39_apendice_referencias_fontes.md	3126	.md	documentation_md	65	331a91be3cefed6b6b41dfd0f86dedfc2525acffbae5acad78d79313bdebeb96	-
book/README.md	10899	.md	documentation_md	567	c14de5f52d8e40e3c74093edac0878bf9c13c3639563e265511e49eb73c64792	mentions_mock_or_placeholder
build.gradle	73	.gradle	other	0	36d655a9067d39892bba80896925f12e70f6b0d7481fe914ec6a61bbbde967cb	-
configs/cross_repo_academic_roles.v1.json	2635	.json	data_or_result	44	e868022e91c958b6a8c4bc488684c0ef52c1f94e3cd97c4e1ca7253b54676c65	token_vazio_declared
configs/orcid_rll_sources.yml	2021	.yml	config_yml	74	b509ae4f9d3477968d36b6b955ac60973569ca56a285aa468f095facfdb15e52	mentions_mock_or_placeholder,token_vazio_declared
configs/project_sources_manifest.v1.json	10673	.json	data_or_result	234	3bf6e73eb25568648570ff90185d6ab4f7888124ca9b3892aee3772bb9419c0e	-
configs/project_sources_seed.v1.json	13004	.json	data_or_result	311	5d4abb699cbff3e11b8e9d6c96035b283fd9ef2c7deaf84a44cc6c724e61377e	-
configs/rll_geophysical_systematics_link.example.json	1109	.json	data_or_result	35	d81b52d349f08758f66755756279c6d4a42c7eeadc442baec3686d7de6cda9d8	token_vazio_declared
core/lowlevel_runtime/README.md	6648	.md	documentation_md	136	7c45672d9f699b18df3b916fd430f42ff67a132de780defbc19f5305ee94293a	mentions_synthetic,token_vazio_declared
core/lowlevel_runtime/asm/arch_detect_x86_64.S	154	.s	other	0	70f4ae02947603f74b46df6d2e5d308df60738ecb2f3583b8fa643570b96249c	-
core/lowlevel_runtime/c/kernel_bridge.c	469	.c	source_code	23	78a4114f348f2862d293f947d284ba5d023fb004666af7d7a50db4564bba3933	-
core/lowlevel_runtime/c/pantheon_freestanding.c	4096	.c	source_code	149	c6553b280813354757fa80c7dc02c8ab0c763596841c2baae16d0897af5f886b	-
core/lowlevel_runtime/c/rll_canonical_coupling.c	11575	.c	source_code	376	cd135798414ffaadc9cba1262fed4124dd38fbb0f8d23c46b11b4aa824bd7662	mentions_synthetic,token_vazio_declared
core/lowlevel_runtime/c/rll_canonical_entry.c	3672	.c	source_code	123	ea88d7d334c99ffc303a4af3c106a4fb754f71358b15ae504eefe028895b197d	-
core/lowlevel_runtime/c/rll_canonical_freestanding.c	22380	.c	source_code	698	a0f8aa5d0adf5293545d3846223ee297c42efd0eb6549ec71a22dbf9a70af9f8	token_vazio_declared
core/lowlevel_runtime/c/rll_canonical_hz_data.c	3152	.c	source_code	42	d94f5ec3a5e43fdcf04f956617063b0f5a7d1b1fbf2ddace1de755f22ab6e177	-
core/lowlevel_runtime/c/rll_canonical_real.c	13974	.c	source_code	410	e8c0a1ec7debc4f85aec6e99628cdf8ce468506a05329672ce03cecfff188242	-
core/lowlevel_runtime/c/rll_canonical_real_data.c	5218	.c	source_code	70	95b725b2ead97bb780bf6b597319dec1fda63554a4b576dd5e5e0ce9a852ee98	-
core/lowlevel_runtime/c/rll_canonical_real_inputs.c	27024	.c	source_code	590	b8f1fb868b90afeeba69603e58956a05579e21b6443b8d9ef5f7745255576e25	mentions_synthetic,token_vazio_declared
core/lowlevel_runtime/c/rll_canonical_real_models.c	5580	.c	source_code	170	0a82a434f5037a31ba0ba31887b344b1ac23f948f694076f98e34e45c37f0837	token_vazio_declared
core/lowlevel_runtime/c/rll_canonical_real_selftest.c	2425	.c	source_code	46	427e926d066b6d53420ccb5e6eec0d70dac60e6d64e6ef83ca16e4b18fe40204	-
core/lowlevel_runtime/c/rll_canonical_region.c	13292	.c	source_code	324	1f805deca55e507c8628b2e990a0ad645084500aa84cbac53f74ce47ab8a5d9a	-
core/lowlevel_runtime/c/rll_hz_freestanding.c	6285	.c	source_code	209	bed6b4805e401294fc8c8211a39a17fa85618cf6798b3b3726719cac0c29db9b	-
core/lowlevel_runtime/c/rll_hz_moresco_2022_q16.c	2058	.c	source_code	47	ef105c2123f9314b6033dc4f11d131f4d53f3bad5f2637fad64d0db2ec04f665	-
core/lowlevel_runtime/generated/rll_canonical_project_sources.inc	11741	.inc	other	0	9cbd2d6e764c21654f9fd19eee9df281ea1ea4cc490063f2f9409aa68529de47	-
core/lowlevel_runtime/include/kernel_bridge.h	197	.h	source_code	15	2bed0f0706ec3b4e6d691aa725d1afb73cfbedd0cb4ec5168a9322fdde0b1193	-
core/lowlevel_runtime/include/pantheon_freestanding.h	1637	.h	source_code	59	7bb29da84b1d5f0ad824e618d1d5857a30c264d10b641802a8d3b39f1d728719	-
core/lowlevel_runtime/include/rll_canonical_coupling.h	4292	.h	source_code	159	67e2b17601913c542caf2a852a0a9ffeebdf347a25dd8318d36da3caa5564e21	mentions_synthetic,token_vazio_declared
core/lowlevel_runtime/include/rll_canonical_freestanding.h	3652	.h	source_code	134	b2a03f2ddb504d90841d9356c36e260d730b6f37b1de6e551f4b5ceb930b727a	token_vazio_declared
core/lowlevel_runtime/include/rll_canonical_real.h	3692	.h	source_code	122	e0777b8dd6932452a5dec09c45586de4467e6e8fe7bbb33fcba312128e5e8ae2	-
core/lowlevel_runtime/include/rll_canonical_real_inputs.h	2697	.h	source_code	101	91e30b63c98db7df12741bc25c4c9e194542076fd180f07096329719e11d806e	token_vazio_declared
core/lowlevel_runtime/include/rll_canonical_real_models.h	1507	.h	source_code	52	9b175783224807377cfcf765dc97c70a7c4912626c743df6eb1bf2b3fcdc00ad	-
core/lowlevel_runtime/include/rll_canonical_region.h	4346	.h	source_code	132	bbfe432858341ac66709970577122d7af2b3a7272cd95f6aa33cd7e7ff558f8e	-
core/lowlevel_runtime/include/rll_hz_freestanding.h	1602	.h	source_code	62	73647bc209cb0604c6002509e3aa6c43aa44f4104c030a2c6eaf708e8b4f494d	-
core/lowlevel_runtime/java/KernelBridge.java	247	.java	other	0	68868a5b5112e5c42f420dcaa02d1715b37c632fc9040b4af1fdbc0a8ee9957c	-
darkmatter.md	20833	.md	documentation_md	335	b81611fbd5b2179abd09e6527f0d54ef80bdf72039a3ad4c6e4bd8b3fca29cbc	mentions_synthetic
data/CITATION.cff	294	.cff	other	0	8c73f93e5c0d1f4f2b9b4a315d2d6c27852c96846f0e2b155866d463e884b339	-
data/Hz_superposicao.ipynb	3891	.ipynb	other	0	26355e77ae4011e8e8d630d02cf555ac29a9fd079f5a2be86b827725e4719427	-
data/RelativityLivingLight_v4_bundle.zip	4096271	.zip	other	0	957575ff422fb72be0411f1329c649eabdcb9f8212676aa172309e7355ce3859	-
data/bayes_result.json	111	.json	data_or_result	1	a8d5a4b96b8c784f529cc2ae0e40362ed6c48d8b0a71949151574e8cea33e448	-
data/ciencia_Hz_superposicao.ipynb	2818	.ipynb	other	0	45d99f85caf705a2a022b2bb9ad1d27751d2931838e6b1cc1f1f02b701610a53	-
data/climate/rll_climate_multiphysics_registry.v1.json	13875	.json	data_or_result	226	2d29482cbaa597eb869c01bc94355ea0788c040a0375bd8c3bfe9e53a78220bb	token_vazio_declared
data/climate/rll_climate_source_registry.v1.json	6260	.json	data_or_result	157	c9ec5a535bf327b33eb0fe8849f3e79f8a26ec3030c86df370ff7dcba9d8a784	-
data/climate/rll_external_compute_registry.v1.json	1195	.json	data_or_result	35	14611c04a8c1bb8ff7e5d362ec009d3213b1feabf2c94d2eb26699acd7a3c7f1	token_vazio_declared
data/comparison.json	94	.json	data_or_result	1	2f541168874ffb9966ea9300f8bc73e151d2cc6580925a917fda4ecf8ac23d16	-
data/contracts/cosmology_model_family_shadow.v1.json	19483	.json	data_or_result	963	e9ac94d74910c575fe3837ce852203ec5d9a9911e5f6d452690e55144e102e49	token_vazio_declared
data/contracts/cross_domain_equation_intake.v1.json	21522	.json	data_or_result	400	2cb63a0733a98f734d3d3d7b7b4c95ce7bce850c4e17cf4f4e95237a815fd2e3	mentions_synthetic,token_vazio_declared
data/contracts/dataset_rights_manifest.json	8586	.json	data_or_result	191	aab504b2b21faac95aa477ba4a08f165d0190fcf7cd9020e9e36140df628732a	token_vazio_declared
data/contracts/dataset_rights_reconciliation_20260822.v1.json	5354	.json	data_or_result	114	78d14deacf3f797df07a1065dbc38c2a57f03a7ad033142f4f8b02b92917528c	token_vazio_declared
data/contracts/desi_50_hypothesis_intake.v1.json	1687	.json	data_or_result	35	fc43c5597709b25ee28d303eb886d7d53a71595c5b5bf480c75e35187bf1e42d	token_vazio_declared
data/contracts/eht_mpemba_observational_protocol.v1.json	5712	.json	data_or_result	78	5c875a504aa4ae4f7dc00a7c9c2f28418218042028554ad908975010dd0107fc	token_vazio_declared
data/contracts/fase29_integrity_lenses.v1.json	3713	.json	data_or_result	40	bfd4c1b0e9a2a4862337519e8fe1393784a0cc54052a7e6ba912fa827431508b	token_vazio_declared
data/contracts/frontier_possibility_ladder.v1.yml	5336	.yml	config_yml	102	82886115629cabcdcc224bee40b6c22389b5f967f72ca947fd1ff6800486c475	mentions_synthetic,mentions_mock_or_placeholder,token_vazio_declared
data/contracts/frontier_research_composition.v1.yml	8066	.yml	config_yml	170	b37047363eccf8a5f0fb9d9e11fb26b7617c43856d9f4dc9c630d7be56b2455e	mentions_synthetic,mentions_mock_or_placeholder,token_vazio_declared
data/contracts/geomagnetic_pole_dynamics.v1.json	4649	.json	data_or_result	106	d29bcaf4dcf42656e943e9a4a6c4149b20e819d5922b09d0b7d3d656e54ae09c	token_vazio_declared
data/contracts/gravitational_cascade_trigger_network.v1.json	2566	.json	data_or_result	49	a290ae7fd7a347bd96eb55988359acd6ae6162aa280da9b92aef1287613bde0e	token_vazio_declared
data/contracts/gravitational_reverberation_response.v1.json	1394	.json	data_or_result	30	5b44fd25d6ad2d3870259b6fbc010518610d3586b45f94aea89b6bfe3da03ff1	token_vazio_declared
data/contracts/hypothesis_instability_barometer.v1.yml	3152	.yml	config_yml	143	d3ba30832ab1cd1087d29516787771e554b5cbcbfd26f56f0cec77a014541331	token_vazio_declared
data/contracts/late_time_cascade_observables.v1.json	2231	.json	data_or_result	73	c1241c83c10363127691c03022161a80eb1d159e35902e3de4f9cda8f2198520	token_vazio_declared
data/contracts/magnetorotational_jet_bridge.v1.json	7916	.json	data_or_result	165	a7b0a1612ce5cda14e605dec24f90a672262b4d69de9a18d665e3586d29bc7e2	token_vazio_declared
data/contracts/model_family_multiseed_receipt.v1.yml	2151	.yml	config_yml	72	b889b0ad2c8efcb725d0ed02258fab1c03687eb5088ab7646b424c375543d51b	token_vazio_declared
data/contracts/mpemba_horizon_falsifier.v1.json	11520	.json	data_or_result	100	c4ebe47acdfdf1bd0520027f9c56f8c0013fcc66e5df25b5fc5ec73bfea33ac3	mentions_synthetic,token_vazio_declared
data/contracts/novoexport_formula_crosswalk.v1.json	2561	.json	data_or_result	87	13f47cd9cd13a461f651548c7d4176bef27637494908146ed581815375c0890e	token_vazio_declared
data/contracts/relativistic_compression_radiation_bridge.v1.json	1972	.json	data_or_result	45	e69e336c7c7de32ae9478307ed4d65a70f4ea88ea407c31762689af2ea95c44d	-
data/contracts/rll_auto_shadow_intake.v1.json	1927	.json	data_or_result	41	53489729f24111bd9bd4d0cd984855a335dd651c5db3fe23650610f859cc3d45	mentions_synthetic,token_vazio_declared
data/contracts/rll_climate_engine_bridge.v1.json	2123	.json	data_or_result	52	245ba98224aec3c78311b7acbb11116ba610178f3b9d18a1dba55cf7c71b91cd	token_vazio_declared
data/contracts/rll_falsifier_bundle.json	6765	.json	data_or_result	175	424f70582b5e880cbfb125ec59620edfdc9a84ee5756d94f1511feccdfc4a9d8	token_vazio_declared
data/contracts/rll_formula_test_matrix_24_source_binding.v1.json	2513	.json	data_or_result	49	4fa9d8b79aa0d06539f2847e7444515902ca187795e247de5be0865c9ed7568d	-
data/contracts/rll_g3_dataset_compatibility.v1.json	5139	.json	data_or_result	76	c3f2213e329d484fe08d1a2fa3986fee780b04efcc2bfa98333d4b75425250a1	token_vazio_declared
data/contracts/rll_g4_background_tournament.v1.json	4193	.json	data_or_result	87	6cb3be394e583b79450e075122058a054296b8be9a6f574f316f894fe6ead825	-
data/contracts/rll_g5_canonical_background_likelihood.v1.json	2565	.json	data_or_result	69	9b259d74d303174f69986097df359f6a360691501717a034829e26f41e8530b7	-
data/contracts/rll_g6_canonical_inference.v1.json	3539	.json	data_or_result	72	e64823b9fbe42c11e66fd169709adb455234f6922e97d557330a817dd8af3f6f	-
data/contracts/rll_scientific_validation_orchestrator.v1.json	10410	.json	data_or_result	192	9b622ad35c10488bea57e2e5bcdd4d276adc7910b4657c7b4f22403c030473cf	mentions_synthetic,token_vazio_declared
data/contracts/session_multiscale_avalanche.v1.json	1422	.json	data_or_result	30	9b53a4947abc5c35cfa59e98d6208ea6848f89eb115126037c79538a680cbdb8	-
data/contracts/spiral_plasma_thermal_bridge.v1.json	1666	.json	data_or_result	57	8a04b015a6e786b3f9fc5328dfc295d3eed5bd8ebc196fb905c63b33f00fc3f0	-
data/contracts/theory_practice_calibration.v1.yml	11316	.yml	config_yml	182	00f78e48656513302d1a7c02e21cf02e9d83216986389e1dbdd555fcda34e7a5	mentions_synthetic,mentions_mock_or_placeholder,token_vazio_declared
data/contracts/toroidal_research_cycle_adapter.v1.json	7130	.json	data_or_result	126	8b35d6cdd9d00855067ff51eeb20ff42f95455693aebc076111959e2b9fcc06f	mentions_synthetic,token_vazio_declared
data/density_decomp.ipynb	3054	.ipynb	other	0	80a0a2ea4c3f44c35cf68f3f4e988a94f894fbfe8223785ab8dafbef62fd3df8	-
data/duplicates_archive/Hz_superposicao (1).ipynb	1710	.ipynb	other	0	a3e626e1f2ea57f55df53018988097228e37d064d251e891e899dba17d6b95ca	-
data/epistemic_void/factor11_discrete_ontology.json	4296	.json	data_or_result	90	70b52ce6d09900f7ccc651f00515a0f19ceabd155fbdbbcfb9d6feb27b062893	token_vazio_declared
data/epistemic_void/rll_epistemic_void.json	18482	.json	data_or_result	375	485a7ba5d4c3b9291f893f7aa6046addea38d4e1c5a505868dcd0f282ccb7e7d	mentions_synthetic,mentions_mock_or_placeholder,token_vazio_declared
data/evidence/geomagnetic_pole_dynamics_receipt_20260908.v1.json	2834	.json	data_or_result	64	1ae254621b246842ac1011b8dab2c1bca8d73bb751be540b032dc42270d9e9dd	mentions_synthetic,token_vazio_declared
data/evidence/rll_biophoton_metabolic_transduction_gate_20260815.json	1725	.json	data_or_result	32	e69baf4ec732262722099cc8c61c6d224c51254aa4f31f93eaa950b69299d17a	mentions_synthetic,token_vazio_declared
data/evidence/rll_homeostatic_field_gate_20260815.json	1569	.json	data_or_result	32	f852b97347358ddbf8d3e03b3d7e500943fd5bb85eb38f01659e724c268f22c1	-
data/evidence/rll_observer_mirror_photon_gate_20260815.json	2067	.json	data_or_result	43	f575e0a0f6712cec65d2a76080f7164ea568528f5bd5d94dc8076b8de552a058	mentions_synthetic,token_vazio_declared
data/examples/bh_flux_presets.json	892	.json	data_or_result	27	c2cff4b374c9a9103ff7a3900e279e4936ef9eb81f7fc12c0ab080b5c8ef369c	-
data/examples/cosmology/late_time_cascade_observables.example.json	560	.json	data_or_result	21	9f136f4d372a48c7afae88233defc16e89c23e790f61d87edb7a169e7e72e09b	-
data/examples/crossref_rll_synthetic.json	628	.json	data_or_result	14	a14b47afc04179fb6033ad091e0b3de6804ea39508f5355a411bff73a82d36a0	mentions_synthetic
data/examples/datacite_rll_synthetic.json	937	.json	data_or_result	31	550189de7e9f7ccb3adf6c2443a88e40a7da0e158ef42a49be69536065561e5f	mentions_synthetic
data/examples/openalex_rll_synthetic.json	822	.json	data_or_result	31	03592895f030d2909d3ea9c53a418053ac4082b4918b36ddf07e608ac8dc11c9	mentions_synthetic
data/examples/orcid_record_synthetic.json	1490	.json	data_or_result	40	5ffc1fc00fd395e676a836766d3ddf855ce0281c1b96a7cd23efb0b0127fd399	mentions_synthetic
data/examples/strong_gravity/gravitational_cascade_mousetrap.example.json	1296	.json	data_or_result	20	dfccaaf0b8dc894aa2d9d50cd2a46167de9d478e81fcc26039be1bddd5e39aeb	-
data/examples/strong_gravity/gravitational_reverberation.example.json	768	.json	data_or_result	21	477169336146dded8197a96df19141a26acd16959c5f436180e8f37d6a0d9ebf	mentions_synthetic
data/failsafe/desi_dr2_bao_FROZEN.json	782	.json	data_or_result	22	e2f296a6176f4737a824d7af59305b7052406fdffdd287ae692d7a019db5be7e	-
data/failsafe/fsigma8_growth_FROZEN.json	597	.json	data_or_result	18	1c8f34cdbae632d5edeae36ef395f0f68b02619833d7e2a47a1fa4498a0ebf29	-
data/failsafe/hz_cosmic_chronometers_FROZEN.json	601	.json	data_or_result	18	e4a157c90ecaa9740f9c6baaca0aca06d0179ca065f5ccf47b3ea5dd5b26f72f	-
data/failsafe/pantheon_plus_shoes_FROZEN.json	634	.json	data_or_result	18	74692d62f476f65ed462f3842ab7f61bf2b9ddf1a041889b254c4480321c8ed4	-
data/failsafe/planck_2018_cmb_FROZEN.json	654	.json	data_or_result	18	23e55ea997f2a3afa7955d0fb47713c076482f1c7c4afc944deea4d235fc4027	-
data/fixtures/qcd_primordial/rll_primordial_negative_fixtures.v1.json	1997	.json	data_or_result	53	ca6361b8e230cb9dc5729ef8233f2d042b8cdb5ef14ee20b56e98c36a1366e44	token_vazio_declared
data/fixtures/rll_edge_science_water_operators.v1.json	617	.json	data_or_result	29	89e070bd57ae3dbfdca2ad021b2957625798f042cdeb06a303e54b5d161d1b2d	-
data/formulas/FORMULAS_ARTIFACTS_MANIFEST.json	5833	.json	data_or_result	119	d4c35e66d45f6a5b5fe95b6b7f34725e1138bc798c1b8df8cb9f078231937e51	-
data/formulas/FORMULA_INDEX_CONTRACT.json	1971	.json	data_or_result	50	57505c6775897028156f879d5e4769608bb28ee4bdd4f6e90b3e5393abf93c31	token_vazio_declared
data/formulas/RAFAELIA_FORMAL_UNIFIED_CORE.md	4205	.md	documentation_md	253	28a2dd26158c84d61c23109733cabfa91d360909549920dbdcedd90d1f9e8ddb	-
data/formulas/session_packet_public_mirror_20260716.json	7497	.json	data_or_result	188	b52c72ebb8c901f143cca52f3744fbe19910997cd08db12232eb17cf2c158fb5	token_vazio_declared
data/formulas/session_reality_science_claims_20260716.json	9161	.json	data_or_result	178	42e5c17c7d8e2d59fa498e3742b1f7fc9675b54d95d0db04e1fb9241b2c4c0f7	token_vazio_declared
data/governance/ACADEMIC_MATH_TRUTH_BOUNDARY_V1.json	2021	.json	data_or_result	65	a140598aeeed8bdc79f631d13b984cde9e15e63dd6fd3c0188d4770e6d56a413	token_vazio_declared
data/governance/F_GAP_P0_ACTION_PINNING_V8_20260811.json	1598	.json	data_or_result	39	f226e0b0f90b89a09b24bb79ca4f1a16978976acfa92db1e343be23f57302482	-
data/governance/F_GAP_P0_DENSE_ACTION_PINNING_V9_20260811.json	1469	.json	data_or_result	34	2f065fcd193236261adfb3d30dc5775661fb0dc39772ca6b34c65faa9d6d54e5	-
data/governance/F_GAP_P0_FAILURE_SEMANTICS_V11_20260811.json	1613	.json	data_or_result	38	54c0ced1faf3e3a62b26e07aab882391b6933a5c1c42c5ff2162a070ce08f727	token_vazio_declared
data/governance/F_GAP_P0_SEMANTIC_GOVERNANCE_V10_20260811.json	1815	.json	data_or_result	41	7012495d244e87af39b5e4f9addb11a2f21b4d28818dfd8fcc768fbb02e3b856	-
data/governance/GIZA_TORUS_GEODESIC_ACADEMIC_OBJECT_MAP_V1.json	3300	.json	data_or_result	86	ea16c707676a1b3755eb8c88f03fb902d71e25eba0c301ace762d876a4bd2ecb	token_vazio_declared
data/governance/RLL_ATLAS_CONTINUOUS_EVOLUTION_ENVELOPE_20260827_V2.json	14535	.json	data_or_result	165	727c9eb5d845b1587bb5b46a51e40384d2e13dd6f34536594cc29277a8e3b9a5	token_vazio_declared
data/governance/RLL_ATLAS_EVOLUTION_GATE_20260827_V1.json	9129	.json	data_or_result	177	1067a905750307b5e7d6cb4d9471b01df538977f57884a455ac601ed94c44f35	token_vazio_declared
data/governance/RLL_ATLAS_G234_EVIDENCE_RECONCILIATION_20260828_V1.json	8126	.json	data_or_result	79	ee2bf703728cad0df5888bcd37e8a18d2d779f8d97b1ac6617759df79f7d5a84	token_vazio_declared
data/governance/RLL_ATLAS_SESSION_INTERACTION_TRACE_20260827_V2.jsonl	3927	.jsonl	other	0	24facd362ed1335c9652f56c2c2e8ea60ebdd2de610a53b9cbd90775d387ad1f	-
data/governance/RLL_B0_B1_ARTIFACT_FLOW_GRAPH_20260816_V1.json	8861	.json	data_or_result	97	6a974003a0dbc0c7963099b91bb38b438e1939b43eeb0006b2b2e9fdaefc74a7	token_vazio_declared
data/governance/RLL_B0_B1_COMPATIBILITY_MANIFEST_20260816_V1.json	4894	.json	data_or_result	114	44e1fe2c85926cf54513f6a564e12b067a8c67cb7370e142c60011353f995f54	token_vazio_declared
data/governance/RLL_B0_B1_DEPENDENCY_GRAPH_20260816_V1.json	8827	.json	data_or_result	82	d1fa9414b155115da751d511c5f310e67490204a3eabfa330557550fb9a519c3	token_vazio_declared
data/governance/RLL_B0_B1_SUCCESSOR_ACCEPTANCE_POLICY_20260904_V1.json	3673	.json	data_or_result	71	74bc69beeec66e23c1d5b2585d77c57e96fe87b9a570affd3b65042dc41db278	token_vazio_declared
data/governance/RLL_B0_B1_SUCCESSOR_GRAPH_ARTIFACT_FLOW_20260904_V1.json	5125	.json	data_or_result	115	797880d1c46a4b5e53c4b14177ddf9aafe6bd9a01f09ff7ab182e8ea4ee4aeb3	token_vazio_declared
data/governance/RLL_B0_B1_SUCCESSOR_MANIFEST_20260903_V1.json	3877	.json	data_or_result	76	29c0bdfe0515a3cb2ed8018331602aa5590ed0b751ebb54bf073c0f80373658d	token_vazio_declared
data/governance/RLL_CREDENTIAL_AUTHORITY_POLICY_V1.json	4412	.json	data_or_result	103	a4faa8f4175484cea4dac4471c332a3e3f35a7e5016aebc3655b7ba1bf305e0d	token_vazio_declared
data/governance/RLL_DIVERGED_REF_COHORT_20260808_V1.json	3188	.json	data_or_result	53	93f742e7d1e8dd62be589a290f2c95336340f968869550739ab6630cb0a53136	-
data/governance/RLL_DIVERGED_REF_TRIAGE_20260808_V1.json	8421	.json	data_or_result	162	7f9a65b428bc7b385facc5520814d31ca8f84a71faa72d049eccf3717a6522af	mentions_mock_or_placeholder
data/governance/RLL_ETHICS_LICENSE_FRICTION_CONTRACT_20260816_V1.json	4849	.json	data_or_result	72	67270237f6a2d50d544c0d53d304aecf69ab1357b2b91c4f076aa7e323148ea5	token_vazio_declared
data/governance/RLL_ETHICS_LICENSE_FRICTION_LEDGER_20260816_V1.jsonl	5893	.jsonl	other	0	53f0f9f583b1e4aaa5b5cc40da484c28c3dec0a7e3693bd75641e1ca63a25d22	-
data/governance/RLL_EXECUTION_QUEUE_20260806_V1.json	17057	.json	data_or_result	401	2222b182ff73cc394a7d88c88de1c1a66f17c3866ef152cdd2ab31a3f17e262d	token_vazio_declared
data/governance/RLL_GAP_CLOSURE_INPUT_20260807_V1.json	4436	.json	data_or_result	53	0194b651026af38c1306e65c19c93dc710a0a5e3a07175135be72e480b6aabce	token_vazio_declared
data/governance/RLL_GAP_CLOSURE_INPUT_DELTA_20260808_V2.json	714	.json	data_or_result	22	fe0b46c5403f9528481b9aaa4c31faeeef6dc1118b680f403ed3598264ea7791	token_vazio_declared
data/governance/RLL_GAP_CLOSURE_INPUT_DELTA_20260808_V4.json	547	.json	data_or_result	12	26c5641782bd2277aeaa9e5118e2ee2f4bbce7e95d9e05215873a9e5a336289a	token_vazio_declared
data/governance/RLL_MAIN_LAB_DIVERGENCE_SNAPSHOT_20260816_V1.json	2019	.json	data_or_result	51	b2805d5e0f4904f233d85e50da345ac77d697ecb4232102ccd25e83fc65248a6	token_vazio_declared
data/governance/RLL_MAIN_LAB_PATH_OVERLAP_20260816_V1.json	1661	.json	data_or_result	42	0f1d66fe16dc610b8fc57cd2640488b876c86311ab8896817a8df7c4418a7b74	token_vazio_declared
data/governance/RLL_MODERN_BAYES_PRIORS_DOVEKIE_20260807_V1.json	1944	.json	data_or_result	45	d1edf91e74651aa403086e2947e07f4ab3afa34295640060c9641696defc7065	-
data/governance/RLL_MODERN_VALIDATION_GAPS_20260807_V1.json	14551	.json	data_or_result	273	6493424a4ba55fe6f14e3a66cb28d955683dad81533d0b24032880cff1cc4aca	token_vazio_declared
data/governance/RLL_MODERN_VALIDATION_RECONCILIATION_20260808_V2.json	9721	.json	data_or_result	180	6a7dbff79400acf711cb6658caa341fbfd1a6f6a68f5c14ee85c04d02042ac27	token_vazio_declared
data/governance/RLL_MULTIPHYSICS_RULER_BINDING_20260909_V1.json	2141	.json	data_or_result	20	6bbaaf1a8c8b86adcca040f8f2ae0db8893b6d8478c9bafd65e3eb7b8e4c3a60	token_vazio_declared
data/governance/RLL_OBSERVATIONAL_TOPOLOGY_20260808_V1.json	34608	.json	data_or_result	797	fa81270e5f1d704e63f19d5050ebade0e631ce46b19a8a1ec66f4086a8fe0996	mentions_mock_or_placeholder,token_vazio_declared
data/governance/RLL_OPEN_WORK_MECHANISM_REGISTRY_20260808_V1.json	22259	.json	data_or_result	375	672c5ad625ceb8a281cd60f7bf3c429b19a778b03f1eb1867eec997c9fcc5ba3	mentions_mock_or_placeholder,token_vazio_declared
data/governance/RLL_OPEN_WORK_MECHANISM_REGISTRY_DELTA_20260808_V2.json	3782	.json	data_or_result	72	aad8cda1c3d48229e97372b71ec19523bca99e4613bc6b4b16b46c15ceaf7475	token_vazio_declared
data/governance/RLL_OPEN_WORK_MECHANISM_REGISTRY_DELTA_20260808_V3.json	3108	.json	data_or_result	51	db7928518ac16fb6e113f2b509d6580ae02c5b1e2bb1ef5778eba44d300e9f24	token_vazio_declared
data/governance/RLL_OPERATIONAL_AUTO_HOTFIX_POLICY_V1.json	4494	.json	data_or_result	141	d22ba0f3e6b63f9fdcf8ca74ee2077ea070079fe926c499dc99aa6a96c51016a	token_vazio_declared
data/governance/RLL_OPERATIONAL_GAP_LEDGER_20260816_V1.jsonl	6534	.jsonl	other	0	6c33416c031d60c5cd1a17eb0501266922e4485b6f3dbbc36e4bf17e1d4aa522	-
data/governance/RLL_PARABLE_INTERNAL_REFERENCE_INDEX_20260816_V1.json	3202	.json	data_or_result	37	08952ae14fe5042c756b10ae7fefb7f73435c023f55e8d029064382b827b2638	token_vazio_declared
data/governance/RLL_SCAN_POC_COHERENCE_REGISTRY_V1.json	905	.json	data_or_result	30	3957c3daefcf75ffc299f82ef7c2944e61874e3611f8554c196cedc43280e594	token_vazio_declared
data/governance/RLL_SCIENTIFIC_VALIDATION_URGENCY_20260819_V1.json	10826	.json	data_or_result	176	212b7d304a9a5efc37c7e493163e3c5deda5aade352c26c76d4aa212fd9fc9ca	mentions_synthetic,token_vazio_declared
data/governance/RLL_STUDIO_UX_GAPS_V1.json	5244	.json	data_or_result	114	b1ceda90fe374ef269fbfd8de706227a41c3b5f8fb6e0c09b17727ff88b4f05d	token_vazio_declared
data/governance/RLL_TOKEN_VAZIO_CLOSURE_OVERRIDES_20260807_V1.json	14928	.json	data_or_result	221	ff95c18bf809ae266388eea149fc708999566e987ac077ceaff7ff203fd82361	token_vazio_declared
data/governance/RLL_TOKEN_VAZIO_CLOSURE_OVERRIDES_20260808_V2.json	6198	.json	data_or_result	85	a8990b24170463f4d6fc3c3c32b7b671dd57f41aa2a364491a3166f837ea8d7e	token_vazio_declared
data/governance/RLL_TOKEN_VAZIO_CLOSURE_OVERRIDES_20260808_V3.json	3476	.json	data_or_result	47	c0f2cd9518cb6e67847391c6655851e58cf523dcfc42f4176185670a5c15480a	token_vazio_declared
data/governance/RLL_TOKEN_VAZIO_CLOSURE_OVERRIDES_20260808_V4.json	2346	.json	data_or_result	36	86107716624d4dac10926aa7020f5ce98d8c95bd378cf0664f7688acc47070bf	token_vazio_declared
data/governance/RLL_TOKEN_VAZIO_CLOSURE_RULES_20260807_V1.json	10129	.json	data_or_result	185	24bcac58c268d04104952ce367676a19999154c6306e29b6a3ed74483066bf2c	token_vazio_declared
data/governance/RLL_TO_ADD_LEGACY_CUSTODY_20260225_V1.json	3039	.json	data_or_result	58	7a362539e3ea22ec0078ff9dac714bc3dab5010734e7d8c22e4e104334b41daa	-
data/governance/RLL_UNCERTAINTY_VARIANCE_LEDGER_20260807_V1.json	24688	.json	data_or_result	281	46a5b903b953e5fcaa8156ec8c195c1b5159a103fa2b0c0ca05f397f7af99e4d	mentions_synthetic,token_vazio_declared
data/governance/RLL_VALIDACAO_CIENTIFICA_REFERENCE_VALUES_V1.json	969	.json	data_or_result	20	fe99dc62df2ff9986d1342023f5f57e6137561a4f9f9ca86c36e53d0f7a3a83b	-
data/governance/branch_advance_registry.v2.json	8346	.json	data_or_result	58	5ec5684090855300a517a2ac1ea532da3431eaa83a99c63112de0ba25fa785be	token_vazio_declared
data/governance/rll_agent_authority.v1.json	2045	.json	data_or_result	66	84efe3566606ecdea13d7b98d1c1cea4f226afcbf0f9134ca39ce842013e9f2a	token_vazio_declared
data/governance/rll_fgap_review_supersession.v1.json	1348	.json	data_or_result	31	d008eed000e745ddf3a324902563dc7178ef943e077ac6fe6890799a83d5da1c	token_vazio_declared
data/governance/rll_publication_boundary_v1.json	1083	.json	data_or_result	40	06dbc8e9935104e735e684211cba228d846182b9e0055eb2ba59f0130b8587d2	mentions_synthetic,mentions_mock_or_placeholder
data/iml/daise_input.example.json	149	.json	data_or_result	7	4399cd4c9a96acc33569919bd8b8f0e419254846cd2656963d9433cdcd7c962b	-
data/iml/daise_input.json	404	.json	data_or_result	17	562ffea1cc9cee22db227da7c2275b552a5bec75e71a14e3641837231bc0d533	-
data/import_registry.csv	167	.csv	data_or_result	2	d291377689ab46eb96b03f71c88ba7ca596c2009e4950498f2dd0169cd53cfc7	-
data/inputs/cosmology_joint/README.md	2064	.md	documentation_md	49	557a866bedf4196545e05010061687defb0169dd5ddabd23afb2e2afa8ab23b0	-
data/inputs/cosmology_joint/desi_50_hypothesis_intake.v1.csv	10505	.csv	data_or_result	51	f108ccc00633647f92f6e42be4c51729f885dbb051b0f5c8be0ee83d4fa59878	token_vazio_declared
data/inputs/cosmology_joint/five_family_42_hyperform_shadow_candidate.v1.json	2991	.json	data_or_result	69	fbff6364c24db237249a0db723aa2d21c36d822af8d9ab7e5b7fc78e4fe2dc5f	token_vazio_declared
data/inputs/cosmology_joint/frontier_research_queue.v1.yml	2752	.yml	config_yml	64	a00c68698c758da0897e5acd2a8f848a8f97d1fbc5a212545bdace26bd557393	mentions_synthetic,mentions_mock_or_placeholder,token_vazio_declared
data/inputs/cosmology_joint/h0_rd_ablation_matrix.csv	3106	.csv	data_or_result	7	e4af33281e7829c3061896f2c64409599adb03e2e3eeccb33450aaf25f64af12	-
data/inputs/cosmology_joint/h0_rd_ablation_matrix.json	5182	.json	data_or_result	96	db0bf95b13441482884947903d0156e8f3ebe9416a9a537a0010248ac3fe9871	-
data/inputs/cosmology_joint/joint_real_inputs_manifest.json	3014	.json	data_or_result	59	3e7945c12086e8b4647393f8f0f9ecb7fd62e7a8de005fe47f13a088f48f59c9	mentions_synthetic
data/inputs/cosmology_joint/parameter_origin_registry.json	18949	.json	data_or_result	406	c4c54baad5640dab81d85c8c037019aedbcdf011351b256bf5961c0dca269ee3	-
data/inputs/cosmology_joint/rll_formula_test_matrix_24.v1.csv	9205	.csv	data_or_result	25	1182d4b6210c8889c3eb152a70756c21473cbd3372629fb8bbe3924675a4da85	token_vazio_declared
data/inputs/cosmology_joint/rll_outcome_action_matrix.json	6015	.json	data_or_result	66	00846208d7eaa42ebb08643c5e57227e162749d4b96301b869f320b710200f51	token_vazio_declared
data/inputs/cosmology_joint/rll_successor_hypotheses_20260827.v1.csv	4694	.csv	data_or_result	8	5dee20f5df2572852aefee8cb97cadca692197b1663cfb6ed1e56cf246e6db67	token_vazio_declared
data/inputs/qcd_primordial/borsanyi_2016_full_sm_gstar_table_s3.v1.json	3548	.json	data_or_result	65	d39633ed839c43d02d228736a7cd7d0e4e4d9fd93589e50a6bbe4128b9c2316a	-
data/inputs/qcd_primordial/hotqcd_2014_eos_fit.v1.json	2580	.json	data_or_result	58	9ed426fa13dcffd40dceb48c968c1ccd039c483755d6921d09ff7ef3811a1806	-
data/inputs/qcd_primordial/rll_bp_physical_contract.v1.json	3063	.json	data_or_result	55	5b5c75bdb95b4c75dfe689657986ebcd1f7cce4457d0db89c526c120c8c22cfb	token_vazio_declared
data/inputs/qcd_primordial/rll_primordial_attention_ledger.v1.json	9347	.json	data_or_result	38	58be0acf46f060faddc8ea9516c74666f14329622427ff380ed9f2339d672b57	token_vazio_declared
data/inputs/qcd_primordial/rll_primordial_evidence_registry.v2.json	8001	.json	data_or_result	30	9274f8dec1093ecac9861872749a4cd7b3009814f652002e8cdfb7cf33e7931a	-
data/inputs/qcd_primordial/rll_qcd_s_sector_sources.v1.json	3168	.json	data_or_result	77	3df661c3abee694d0d5944bcd867cdafad2be52c6fe1917b0f9404871260ba8a	-
data/inputs/structure_d/Hz.csv	336	.csv	data_or_result	9	75b7c9c06dfe685f679104f5723e813097157d764293e908bac81db627f11478	-
data/inputs/structure_d/Hz_cov.csv	185	.csv	data_or_result	9	0391f3d7b69d49e086fccf9ec246bca35d14660ae3c67633559cc7517e12021f	-
data/inputs/structure_d/Hz_cov_matrix.csv	474	.csv	data_or_result	8	be09b53a9c1fa66acd5b95355f0f266f0d340d77ee76692ccf0d38e8e5a18f23	-
data/inputs/structure_d/README.md	3047	.md	documentation_md	82	024d5a5d1fba3c3a05afef33b739b932b9b69e4d58ab5266406a21e50b5f918f	mentions_synthetic,mentions_mock_or_placeholder
data/inputs/structure_d/fsigma8.csv	317	.csv	data_or_result	8	fe19ff5f82b967af7ea065c8ee17c5a22e639ec8364d2f266dfa18ed7d9aa4cf	-
data/inputs/structure_d/fsigma8_cov.csv	167	.csv	data_or_result	8	434f3aaaf4cfed9b834816acaf624be0b998bf1aa6ff04e1ad6f6927b6554238	-
data/inputs/structure_d/fsigma8_cov_matrix.csv	494	.csv	data_or_result	7	0022fcb104101981fab6fbe865768c9baa4bfc6b7b4caff0cc84133232b3eb46	-
data/inputs/structure_d/mock_data_contract.json	519	.json	data_or_result	30	5ed50926e9d6903e2ee4a2f3644a1c4c6923c2fcc8418816211728d9d4a1b7ca	-
data/inputs/structure_d_inspection/inspection_items.json	7598	.json	data_or_result	199	14647b298e8dfcbd9259ca47fc6d58be6a72085f1072fa2c48603e9eb87cd2c8	mentions_synthetic,token_vazio_declared
data/knowledge/session_unified_interaction_20260716.json	7981	.json	data_or_result	165	c013313677a7c980c70816cab9d2605a269a3bc98e4097b555c6be9d1cdea378	token_vazio_declared
data/knowledge_forest/rare_events_claim_registry_v1.yml	3601	.yml	config_yml	101	4afc91cce8d13195396b73df8b32de4b11a11e2ab4c6880c2b00708394e05c49	token_vazio_declared
data/knowledge_forest/rll_route_flow_events.jsonl	8681	.jsonl	other	0	3e65916916f4f3ea1c61cefaa8c16a76a7afcf8022e58f85e08d6d857cebfe39	-
data/knowledge_forest/rll_route_forest_blueprint.json	18931	.json	data_or_result	31	fa97b14c79545948ab2b9c1f4ab3d3e21d646c68490d0f72112cf1cf0a3c97f0	token_vazio_declared
data/knowledge_forest/rll_route_forest_overlay_20260731.json	2210	.json	data_or_result	76	c9360938e061b10f84b40280988f79ff4b6173d399a74b8556d9389aafed9ea0	-
data/knowledge_taxonomy/rll_universal_taxonomy_416.modules.part1.b64	4284	.b64	other	0	d1aba327fedc356a925b6c05e840147d89dea051e68298351844697d8988c2fd	-
data/knowledge_taxonomy/rll_universal_taxonomy_416.modules.part2.b64	4284	.b64	other	0	919582ceb228080cb44afff4c70579fbb9a92d9ed00c7153161892967d140e38	-
data/knowledge_taxonomy/rll_universal_taxonomy_416.modules.part3.b64	4284	.b64	other	0	e02fa8f81b48141688740be8b26d35b3b4834459428d7f72e2dd70df2775a4ec	-
data/knowledge_taxonomy/rll_universal_taxonomy_416.modules.part4.b64	4276	.b64	other	0	8b8fb7a7d4bd1fa27da145b9a030a9ef5a7d08a6dc63929477e73be56b78a23b	-
data/knowledge_taxonomy/rll_universal_taxonomy_416.v1.json	6827	.json	data_or_result	73	3261bf8d4d3a6b629273e78658da43287c1c712191cf2433cc4df59a44d8e2ae	token_vazio_declared
data/lcdm.json	11699	.json	data_or_result	1	41df820a8d6938c9ab55bd1f1f91e7c5e33f5471f020566087cc07da817d9af1	-
data/ledgers/REAL_SEED_RECEIPT_20260731.json	960	.json	data_or_result	23	28cda3ebb16867ce331c774cae6aa426067fcac67bef4cd580eff087eb63e4c1	token_vazio_declared
data/ledgers/energy_momentum_observational_ledger.schema.json	2527	.json	data_or_result	66	cce81163e08bf80970f7644ffcea561b0d6807427244afa69592c1608a38cb5b	-
data/ledgers/energy_momentum_observational_ledger.template.json	2080	.json	data_or_result	15	44eb41316c61e6c695bdf99b9bc0984bf42e444b8a592a6837e1cf29b57a6954	token_vazio_declared
data/ledgers/orcid_rll_integration_state.json	1533	.json	data_or_result	30	d251b27e5aed5337b3a632969ce13b8b373dafe0650ac22bab6898cd7bb375d1	mentions_mock_or_placeholder,token_vazio_declared
data/ledgers/project_sources_integration_state.json	1168	.json	data_or_result	31	254d2b82fca1c03682f2926a4713b49d9a7185eaa298d78948f75f3c1160eef8	token_vazio_declared
data/manifests/dados_reais_fundamentais_v1.json	9309	.json	data_or_result	187	8fb9cc460bd1892c65adba6f54abbcad9595f0780714d208057f28cee1356f5f	token_vazio_declared
data/manifests/rll_edge_science_water_chem_bio.v1.json	19237	.json	data_or_result	1	380d7bfc5b43ee1d1300f7b0f26f07fefa3a74573016be741f56b61977b40636	token_vazio_declared
data/manifests/rll_environmental_signal_manifest.v1.json	9218	.json	data_or_result	242	e87f70e6889cb2e2d6f407bb23484121f5612dd359ee7d47141bd1f6893a375a	token_vazio_declared
data/manifests/rll_multiphysics_filament_matrix.v1.json	10866	.json	data_or_result	203	74f954a598b849b2dfb13dd7a7451c998c3e1339f873b341114801d7fb1f79d9	token_vazio_declared
data/navigation/scientific_mechanisms.v1.json	11503	.json	data_or_result	280	979e6a949a1b3b0463d58220667f032e0023559b2bfdd83d6f2be1125a16d3e1	mentions_synthetic,token_vazio_declared
data/observational/cosmological_matter_spectrometry_registry.v1.json	3391	.json	data_or_result	163	250735932b61c696ef4144e3bff0ca0c2fa802f555c5916d5fd0aa12a406e475	-
data/observational_sources.yml	4502	.yml	config_yml	137	2158f7340434eeb20e28251dfab96e11f4a94471a43158065f4898ec8e621d23	-
data/omega_operational/rll_omega7_operational.json	12459	.json	data_or_result	301	206b89dcac8358204b30e76a488a8f86fcb4777ac0c0e0fe34699997487e598f	token_vazio_declared
data/outputs/mcmc_rll/.gitignore	114	NO_EXT	other	0	c16c1e427ad3405a42f783198ce4706c6608cd0df7f958acfa540c02e88024aa	-
data/outputs/mcmc_rll/README.md	499	.md	documentation_md	5	39ab8948543cc19b8034c6342ca4022fd80738a80fb3a3791582d086787d3389	-
data/pantheon/README.md	1666	.md	documentation_md	48	da6338a3dbecbd1364642022fb76452ac406fbe17df87bc607af6090867ea787	-
data/pipelines/cosmology/late_time_cascade_observables.py	8659	.py	source_code	243	a03924c41fc6557b4c176de4f371dfcd208fc9956581faa3aa63cfca725e32ee	token_vazio_declared
data/pipelines/geomagnetism/pole_dynamics_gate.py	16615	.py	source_code	432	0c8e998c2abb06f67295cb1ef4d6130f5fcd4141fd03ebd2e0a5ff99cb40076f	mentions_synthetic,token_vazio_declared
data/pipelines/geomagnetism/trajectory_geometry.py	7755	.py	source_code	215	480f504de2199d3dbc0ce40a77f32a3f5a5d234e5e491274f64680b2a1a9df05	-
data/pipelines/strong_gravity/gravitational_cascade_network.py	8020	.py	source_code	228	cbee7e888c29f6fd64e003611b1ea09e0e96bdebd1b9b20ef05443c0c3c974d4	-
data/pipelines/strong_gravity/gravitational_reverberation_response.py	4235	.py	source_code	83	45ea4f48fd503234c80d4705f176ff46f266209a659c9e340f4619099cb5e94b	token_vazio_declared
data/pipelines/strong_gravity/magnetorotational_jet_bridge.py	15955	.py	source_code	426	d5065b6cd49ab3e4618810f86e5e27b0a3c634a843a5e6564f854e60c6012277	-
data/pipelines/strong_gravity/mpemba_horizon_falsifier.py	15659	.py	source_code	319	fb2d1a8333a63e4da090278a3261bbff2a1f173a856be39e67a2ea3a352696bf	mentions_synthetic,token_vazio_declared
data/pipelines/strong_gravity/relativistic_compression_radiation_bridge.py	8444	.py	source_code	231	aee87541b7a41eb1480801a6402cf9cc303c9a665a8bf4b0697611095307aee5	-
data/pipelines/strong_gravity/session_multiscale_avalanche.py	7267	.py	source_code	152	fbecf5d56cb4f68e0d15d7b8bd9a91f3f73720f80082d5b80afd370b9291a8b8	-
data/pipelines/strong_gravity/spiral_plasma_thermal_bridge.py	8378	.py	source_code	251	10653d4aec0e26392391a37e4f0575114c0e5847951859bf5676aef31f4aca1a	-
data/pipelines/strong_gravity/toroidal_sine_reference.py	8221	.py	source_code	215	2d11cab16586128b6200f03d78749073715803168c3a65618dd69858e40ef913	mentions_synthetic
data/pipelines/structure_d/__init__.py	409	.py	source_code	25	f404a67940d5c7cacc8299c7860c4fb6778d46696cc259b7867ff1a1759fb13c	-
data/pipelines/structure_d/cosmo.py	6542	.py	source_code	228	91302e9463e13235339ca9042a7f95617c9e9d60f2c6270f2b1682c9c5f4ece1	-
data/pipelines/structure_d/data_access.py	10179	.py	source_code	276	26bbe2fea57199c1bc290de937af37af04fc8e46f170ce0f2eeafb9055409c56	-
data/pipelines/structure_d/datasets_config.json	7675	.json	data_or_result	256	cd981d6c4ef049935acf997f94458edee48bf9be55e9018ba7d69aade698c67d	mentions_synthetic
data/pipelines/structure_d/energy_momentum_bridge.py	11162	.py	source_code	277	bd1ff7cf6c59ac894b1a0e8dfec8f0759dee0e481ccf56d87c072fc31f9ea367	mentions_synthetic
data/pipelines/structure_d/feedback_agn.py	916	.py	source_code	26	feee58af0e29ab4bd3b4ca741c45250130e95c54e0dfa9f8fcdb2ef4507219f2	-
data/pipelines/structure_d/growth.py	650	.py	source_code	17	51ce065c45a140378f1c64f07cf29bcf14071e89c83961b55bd86d00f9f84aa6	-
data/pipelines/structure_d/inference.py	13272	.py	source_code	429	de5c93c931580d5f942bdf725a76e052fc411215b75d0282759d7ae6087981cb	-
data/pipelines/structure_d/joint_real_likelihood.py	31728	.py	source_code	725	0d92b3010272fa44baadff938cb14355962a7bc652b4edf2f1fd6667cd8b87f7	mentions_synthetic
data/pipelines/structure_d/likelihood.py	15486	.py	source_code	448	a5eb2a2587a2b3a7baf0fe8415cb61924546e2dcd1abd90d9ec5fb40983fe9b0	-
data/pipelines/structure_d/make_example_data.py	6242	.py	source_code	161	85a4e0edc16fcd1cf149b215c46de39978511ec73204e0c0a89c584e4bdb3942	mentions_synthetic,mentions_mock_or_placeholder
data/pipelines/structure_d/model_family_multiseed_receipt.py	16623	.py	source_code	432	5b303b544a21263a6b25287df83e0d0f92a885ef2490121dbfdb3f3d423f5028	-
data/pipelines/structure_d/model_family_shadow.py	19246	.py	source_code	574	aae91e8556ce5b545ec5293bbc23e1cbe720053036cdf62b224a4705eaa212fc	-
data/pipelines/structure_d/models.py	8534	.py	source_code	290	410b691c701d75bb9d1eae61a1299241b9f9fcdc6638e0171e0f08eba7a685ed	-
data/pipelines/structure_d/reporting.py	15601	.py	source_code	434	b778df7f0499969bb94e416368a485540071e7a35322032c775f4430db6f8d4d	-
data/pipelines/structure_d/run_all.py	36231	.py	source_code	952	6f92f9aef003ba357fed0ec680aef9bc826021570131833b37a4b75be1a8baed	mentions_synthetic,mentions_mock_or_placeholder
data/pipelines/structure_d/run_all_real.py	13269	.py	source_code	396	b001598ae92af05891062af4f68e9f80ccdfe244ffce9b1655e1ff1c65a2ea1f	-
data/pipelines/structure_d/schema.py	4037	.py	source_code	107	e638bb998946834b71d5ef6af1e02d1db89e7bd55e00f8ee05568ea3aa9a6c0c	-
data/pipelines/structure_d/sensitivity.py	5693	.py	source_code	165	35d94cca0ed70fced081dfc8aa88fe3c7e8505a22998af5e1c89c6ca7eed61ae	-
data/pipelines/structure_d/synthetic_real_boundary.py	13148	.py	source_code	335	2b2fe59ee461086048069cc808d18ab8e36ca2300a6bf12a0accf7749665a488	mentions_synthetic,mentions_mock_or_placeholder
data/pipelines/structure_d/systematics.py	2232	.py	source_code	76	ed6e7f4c62a589616755e75194bb8d662366771102c83fccbfb9cac28cff4aef	-
data/pipelines/structure_d/test_cosmo_extensions.py	1498	.py	source_code	50	5cc5c0f64b2fcea9f78e45266644e4f536606264da267094958525509aa157f1	-
data/pipelines/structure_d/test_run_all_real_f_log.py	1409	.py	source_code	38	e5f9315f6b57438a4db40cdaac7274405547351770003b509e35c8a41a1ee782	-
data/pipelines/structure_d/test_run_all_regression.py	38530	.py	source_code	895	391b88b1572a0794e0ac69b50b691e66432a31cfe2d071f1705dc7864f310b10	mentions_synthetic,mentions_mock_or_placeholder
data/pipelines/structure_d/test_schema.py	1432	.py	source_code	46	85ed7baf79bc792d7419a04e52b89679d311fca97c758dfd02971ba8d5061c6a	mentions_synthetic
data/pipelines/structure_d/test_schema_validation.py	2176	.py	source_code	74	8ac56df203806e1c0e54d4e09c7dbd3d48feb1d05b070eb891238e5a61f0202f	mentions_synthetic
data/posterior_unified_synth.csv	2479312	.csv	data_or_result	25001	1ff8978bfb7e6af880193d197800ba4cf0d784f367ff71f63d3dcfa704e5c1f7	-
data/project_sources/seed_v1/README.md	1797	.md	documentation_md	41	4ce25e13d624b0219ff05209bf1a781f185aa784bce0d9ab36d44094298e72bc	mentions_mock_or_placeholder
data/project_sources/seed_v1/corpus.public.v1.jsonl.gz.b64.part00	8000	.part00	other	0	5ca49a05c57daebe748e3ae6eee7c4cb40dc642a6dd65c3102ea8300eb4813cc	-
data/project_sources/seed_v1/corpus.public.v1.jsonl.gz.b64.part01	8000	.part01	other	0	6df30f75464dd18df3bb2f2fdea1b634fea6c3c2e48d4af0141b4accd0bba520	-
data/project_sources/seed_v1/corpus.public.v1.jsonl.gz.b64.part02	8000	.part02	other	0	5d7fef5d58af91abf350b80dbc1b655314ff1092d4e708bf1304c1d3d8819287	-
data/project_sources/seed_v1/corpus.public.v1.jsonl.gz.b64.part03	8000	.part03	other	0	cf685e8e7d875a2fac95de570653370b461a9c195056bd3b3812e9aac62a2f06	-
data/project_sources/seed_v1/corpus.public.v1.jsonl.gz.b64.part04	8000	.part04	other	0	e51da48e3be07c4768b1ac2f0ea3843990806fa829069a3bc72e8990784082f0	-
data/project_sources/seed_v1/corpus.public.v1.jsonl.gz.tail00	8192	.tail00	other	0	83d0420506ce4df0042095b55202afaa084afa893b5e908dbb0758a1639d215f	-
data/project_sources/seed_v1/corpus.public.v1.jsonl.gz.tail01	8192	.tail01	other	0	5826f8c3adc4adcf46071a96da50191957ff6a52bd41c521481e8a7b12106c4d	-
data/project_sources/seed_v1/corpus.public.v1.jsonl.gz.tail02	1643	.tail02	other	0	73e71682803e8402a109261aaa0eade0821c29d88fd1254412e4d77613e04bdc	-
data/provenance/drive_formula_graph_patch_20260808_batch1.jsonl	20239	.jsonl	other	0	b218879fc9df2797f550ba4f148972fb10478bddf2dfa682c1280d2e21546b49	-
data/provenance/drive_formula_index_20260808.json	16643	.json	data_or_result	72	1d6bf6059f4855d0c7f320d02f7b67af408fdece0f4f32614fe0c48953c0a7cc	-
data/real/BAO_data_real.csv	331	.csv	data_or_result	11	1decb159dd8c276e356e1f2ca45028da0079302a0b7b279797d8e40aab0c9527	-
data/real/CMB_shift_real.json	2148	.json	data_or_result	33	e86d996131cf4b3758f4fe0319b6c7da752a38ab2f141abaa81bec66d8e6d979	-
data/real/Hz_data_real.csv	1033	.csv	data_or_result	34	1194fe2066dc3d92b4870cfb03d2cdbe2a316deae2e1355943f7f2ccca6d52b6	-
data/real/REAL_DATA_SOURCE_REGISTRY.md	1808	.md	documentation_md	39	8b907f1760f1462a213aea55be7d7e322152cd44829c6096f53fddc5e435e69a	mentions_synthetic,mentions_mock_or_placeholder
data/real/bootstrap/canonical_route_checklist.yml	5408	.yml	config_yml	174	95369c717fba5b8f5fae99f80247be66c1b20f15a228379f720961aaa50f9373	token_vazio_declared
data/real/bootstrap/dense_behavior_feature_orchestration.yml	2568	.yml	config_yml	63	88f5863df6cf2fe5e3556bea6a055a1c0b269a04a0ccb6366b5d8baf0347abdc	token_vazio_declared
data/real/bootstrap/real_data_requirements_bootstrap.yml	7738	.yml	config_yml	228	c7de623235686389f71b39d8a4b2f4500271890fedcaf765d2345854e982e9f5	token_vazio_declared
data/real/bootstrap/real_observational_seed_v0.csv	1542	.csv	data_or_result	6	12640cc7c8f4a9a17128ef1f0f7f8c71847d36e8a73a6eb549368acf55e15246	-
data/real/bootstrap/real_observational_seed_v0.yml	7353	.yml	config_yml	175	8cba5a711f71ab4c17db03df8ab8e586c65403e771f5212421160299781849b0	-
data/real/bootstrap/real_observational_seed_v1.csv	2743	.csv	data_or_result	8	93497684eca2cab44bdcf4eec4d7cda0482783ce644dcee4281a9c6b3a4610a4	-
data/real/bootstrap/real_observational_seed_v1.yml	9717	.yml	config_yml	243	983e353dbda482e9afa8cb25fdfdf67bb3e0cc3ea43563aa07885333826acfe5	-
data/real/bootstrap/real_observational_seed_v2_orbital_shape.csv	1657	.csv	data_or_result	4	9517189de1479034fe6dc103d597cd4e38809106fa6b83a25c9b4a0055254d79	token_vazio_declared
data/real/bootstrap/real_seed_pipeline_orchestration.yml	7887	.yml	config_yml	227	b8f90f3fcdc9c2232cb6e686f7a305a5bdaccc3a2c8f3a7df84eee0ceb0d9a17	-
data/real/compact_objects/remnant_boundary_sources.yml	4817	.yml	config_yml	147	656783efbd3afe5edbc3d41fdb5f50c3a709950aa4229af9c0ed18292b291fe4	token_vazio_declared
data/real/compact_objects/wandering_black_hole_sources.csv	1389	.csv	data_or_result	4	bf1a85f6feb7ebd4d34ae5193ab8620b818e3f77dda214e967343cfe7b2411cf	-
data/real/compact_objects/wandering_black_hole_sources.yml	8338	.yml	config_yml	200	63cf639f7409bdfcaf089227afc386687963e793e72a7be5d342e6be8cee495e	token_vazio_declared
data/real/cosmology/DESI_BAO_MATH_ARTIFACTS.yml	3154	.yml	config_yml	86	3611c3b97f799c057aed07ee7b823b9866b30e1731a0cfa0f328728b5670243b	-
data/real/cosmology/README.md	6130	.md	documentation_md	78	2c3c5b0c81fe56ce04467bee54d476f4a2f85365633e7aed3863b5185b09253d	token_vazio_declared
data/real/cosmology/RLL_ALL_REAL_DATA_MASTER.csv	4537	.csv	data_or_result	21	e430b7a6c3c745ea58d3a738f57636a3dc633214142a2054abfefb1dba16c4a4	token_vazio_declared
data/real/cosmology/RLL_COSMO_VALIDATION_MATRIX.yml	3097	.yml	config_yml	96	5125a06d02ee614e340ceb9f95d01f15e7d4bbaed271d0becefde4a28a04f2b9	-
data/real/cosmology/RLL_REAL_DATA_REQUIREMENTS.csv	2241	.csv	data_or_result	14	47b2f67ca54b8d02b0a28b60b6bffcb3822efb81e3c928a3762ed0d411a107a5	-
data/real/cosmology/VARIANCE_POLICY_NOTE.md	149	.md	documentation_md	3	22dd0b7a5bc5cd119bc798b7d5bc24622977529fa49692c897153729ba5fa26d	-
data/real/cosmology/dataset_routes_minimal.csv	264	.csv	data_or_result	5	57e6291c0c14258631dd9062db2926cce3fb4b83c1d7511617f5e9bd4fef851e	-
data/real/cosmology/desi_bao_dr2_cobaya/MANIFEST.json	9142	.json	data_or_result	190	c39fa13c513b935b78c0fde7a260c3c7231a71e395bcd60099d62f4cdcccecdd	token_vazio_declared
data/real/cosmology/desi_bao_dr2_cobaya/README.md	2662	.md	documentation_md	65	c8eaee0c77b0290ba506884afc0f7a99e4ec82d5623c1550066d3eb85ce1ccc4	token_vazio_declared
data/real/cosmology/desi_bao_dr2_cobaya/desi_gaussian_bao_ALL_GCcomb_cov.tsv	2547	.tsv	data_or_result	13	1d40b03d7ded75b609e2c1a38aacfa1b5eeff4795f2e8600b13e73fa2b1bee73	-
data/real/cosmology/desi_bao_dr2_cobaya/desi_gaussian_bao_ALL_GCcomb_mean.tsv	459	.tsv	data_or_result	14	138f09ca5d08506c1a45c4a1c50773f98b257e6b8981d95546e1fd5fbfee4ebc	-
data/real/cosmology/desi_bao_dr2_cobaya/desi_gaussian_bao_BGS_BRIGHT-21.35_GCcomb_cov.txt	15	.txt	data_or_result	1	06d7260009fa0030171753fe2f8ece92c5e167da5fdf57f3a98aa2dfe9dc142f	-
data/real/cosmology/desi_bao_dr2_cobaya/desi_gaussian_bao_BGS_BRIGHT-21.35_GCcomb_mean.txt	63	.txt	data_or_result	2	06fc72ca4f4b4a03973c514bf7568c856716ff76a8c05df02e42b93aca769d59	-
data/real/cosmology/desi_bao_dr2_cobaya/desi_gaussian_bao_ELG_LOPnotqso_GCcomb_z1.1-1.6_cov.txt	62	.txt	data_or_result	2	8d1afedca817a80f44c9dd492101d6653f1f353a59da6f24a6bcb0f0d80ad6bc	-
data/real/cosmology/desi_bao_dr2_cobaya/desi_gaussian_bao_ELG_LOPnotqso_GCcomb_z1.1-1.6_mean.txt	98	.txt	data_or_result	3	75d2dd246d2f17145f202fccf80da0bd723a67270a76f83b5be204161e204794	-
data/real/cosmology/desi_bao_dr2_cobaya/desi_gaussian_bao_LRG+ELG_LOPnotqso_GCcomb_cov.txt	62	.txt	data_or_result	2	8c8f5270dc3db24cbecd9aee1e463819a93e4fbfb0805fdf18357c39e5a8e95a	-
data/real/cosmology/desi_bao_dr2_cobaya/desi_gaussian_bao_LRG+ELG_LOPnotqso_GCcomb_mean.txt	98	.txt	data_or_result	3	c34585b9afdb683e68c2522e9715950fd24b63435ceb8a94ae52acd5d2626f4a	-
data/real/cosmology/desi_bao_dr2_cobaya/desi_gaussian_bao_LRG_GCcomb_z0.4-0.6_cov.txt	62	.txt	data_or_result	2	1fc0b21fd34a0e194f3fce2601ea3d1f411b03c7c1006c5b865b9f66991b8740	-
data/real/cosmology/desi_bao_dr2_cobaya/desi_gaussian_bao_LRG_GCcomb_z0.4-0.6_mean.txt	98	.txt	data_or_result	3	86336445497058eee24ecf255e8a7486d8b46d709daa7a919566a58818dbed0c	-
data/real/cosmology/desi_bao_dr2_cobaya/desi_gaussian_bao_LRG_GCcomb_z0.6-0.8_cov.txt	62	.txt	data_or_result	2	16fa8c323f54139ef1249a24f8f9c8663dbac7890d5a6d9c3b97e84ee89847ae	-
data/real/cosmology/desi_bao_dr2_cobaya/desi_gaussian_bao_LRG_GCcomb_z0.6-0.8_mean.txt	98	.txt	data_or_result	3	6d2f38d0727b2aefcd82fdd5a1c6df5a7d34ad8459437c195d575b5ad0c6ab32	-
data/real/cosmology/desi_bao_dr2_cobaya/desi_gaussian_bao_Lya_GCcomb_cov.txt	102	.txt	data_or_result	2	02a049dbf3a1cd391189948516378a694abfd8d5b5cba1a15e97c6c5cf972357	-
data/real/cosmology/desi_bao_dr2_cobaya/desi_gaussian_bao_Lya_GCcomb_mean.txt	99	.txt	data_or_result	3	9b4ab92080d038d0a0a5d76b9abead4e3919d7227e343d1e7feab7103e1f30cb	-
data/real/cosmology/desi_bao_dr2_cobaya/desi_gaussian_bao_QSO_GCcomb_cov.txt	62	.txt	data_or_result	2	7445c6bca01e2732b15ff29e832cc7b682c27d096f3b3ae8a171b63b20e8f6da	-
data/real/cosmology/desi_bao_dr2_cobaya/desi_gaussian_bao_QSO_GCcomb_mean.txt	98	.txt	data_or_result	3	9bffdd0bf27615ab5225e5232fcdf53e16318bf9d06b031a2756d6e89368dadd	-
data/real/cosmology/desi_dr2_bao_covariance_summary.csv	635	.csv	data_or_result	7	e28ca909bbd3c68399f59003e95560eb5fd0b25d209b5feaa66cd9cc19837b6e	-
data/real/cosmology/desi_dr2_bao_primary_points.csv	2729	.csv	data_or_result	14	5ab328705937c69cedb662bbb35888df20c6cabf3810ec3c5e7376d69ccb0a69	-
data/real/cosmology/fsigma8_growth.csv	581	.csv	data_or_result	8	09aec32d662f5f585876279e14fdda73634032d0da7d46efdac4a20a349862cd	-
data/real/cosmology/fsigma8_growth_README.md	656	.md	documentation_md	30	3639c4c972beb94bca981330a93cdac412ed317841bb8f0d55c821a02512e52a	token_vazio_declared
data/real/cosmology/fsigma8_growth_real.csv	2428	.csv	data_or_result	17	3781a2fa7bce9ea600060f9feb6e74ba49f4baa4ce2e7344803295c912318211	mentions_synthetic
data/real/cosmology/fsigma8_perturbation_test.yml	4365	.yml	config_yml	100	6e56464f5058f8750a4b5f91484b17de2da5edef6b73b997f5b875117cf6f03f	token_vazio_declared
data/real/cosmology/h0_grid_expansion.yml	3137	.yml	config_yml	89	9a64cc3dd1cfbcc7c9c05f4e2db8b253c11069f40aece51873e703f6e5a6269e	-
data/real/cosmology/import_data_public_real_urls_2026_07_09.json	5483	.json	data_or_result	89	022e43283f36c1f66eebed1557acda17f8541bbb584549be347327bef612ba0c	mentions_synthetic,mentions_mock_or_placeholder,token_vazio_declared
data/real/cosmology/observational_sources_manifest.json	4692	.json	data_or_result	108	64d85bea8903f7b28361df1c2540c838833f09b588e8619aed7147e5881c598d	token_vazio_declared
data/real/cosmology/pantheon_plus/MANIFEST.json	3862	.json	data_or_result	85	d08203e9c7bee89c81e557867f5b8e968a277845b135e4554ef67739f5f25a4b	-
data/real/cosmology/pantheon_plus/Pantheon+_Data/1_DATA/README	171	NO_EXT	data_or_result	0	475fb5dcddb83e836d3105da07fc886db6583e6cc9cac1aebf138b2080388b8a	-
data/real/cosmology/pantheon_plus/Pantheon+_Data/1_DATA/all_redshifts_PVs.csv	279184	.csv	data_or_result	2288	06641b9d3a54fc8ad1ce5a58dd11c6dce84af37e2f312326d2be0ca881a37d8a	-
data/real/cosmology/pantheon_plus/Pantheon+_Data/4_DISTANCES_AND_COVAR/Pantheon+SH0ES.dat	579283	.dat	data_or_result	0	1cb0fc379ef066afdc2ffd1857681cc478024570d8a3eba284fb645775198cf8	-
data/real/cosmology/pantheon_plus/Pantheon+_Data/4_DISTANCES_AND_COVAR/README	4056	NO_EXT	data_or_result	0	e2b0d262757f01c1794a938c78d32600a21e289b2a0320e5c660c4c6fc9aa87e	-
data/real/cosmology/pantheon_plus/Pantheon+_Data/README	559	NO_EXT	data_or_result	0	0ee97297352a5ba4cd8103b21ffded8f9f01db75db93e193957dc05fdb195ac7	-
data/real/cosmology/pantheon_plus/README.md	148	.md	documentation_md	5	aebbe5d60292a548f008173b122073622f1f1c113af65ee988d29c53f51aa677	-
data/real/cosmology/pantheon_plus/README_RLL.md	1104	.md	documentation_md	22	3ef5df3da32d4c2582ac0f0fa54f9592b0b399381f39eb2656542138a33e0557	-
data/real/cosmology/pantheon_plus/SH0ES_Data/R22_orig19_NIR.out	130117	.out	data_or_result	0	3f2fe90d77f5899f68e836038552235604156033cc3ddb555da1c8d328d71318	-
data/real/cosmology/pantheon_plus/SH0ES_Data/README.md	2454	.md	documentation_md	31	fd845e484a184ad9740dddf26550db9d6d154d1631c1b30622dcecefe8ee7174	-
data/real/cosmology/pantheon_plus/SH0ES_Data/lstsq_results.txt	721	.txt	data_or_result	47	37d2d423d06b6a2100c47578eb9b1c566a575caf6ade0ed61f6b9586d2a35c95	-
data/real/cosmology/pantheon_plus/SH0ES_Data/optical_wes_R22_for19fromR16.dat	115019	.dat	data_or_result	0	ebe99cc20c27bbbf32791a1a55cd3bc27a0ac3e79d59d8b971b9b365617ca51e	-
data/real/cosmology/pantheon_plus/SH0ES_Data/table2.README	815	.readme	data_or_result	0	3747acd166dcb77eab2e6145a17116bc04f1d7283e972ec2db0ff823bcfcb8bf	-
data/real/cosmology/real_cosmology_inputs.yml	5961	.yml	config_yml	138	23e51c2922e8a0f7615b41ac6ac0cbdd24302e9135f5945c44b2457305490e23	mentions_synthetic
data/real/cosmology/real_data_addition_registry_2026_07.json	6837	.json	data_or_result	159	9ce91fc9c577fb7dca04d2d10b2336467a03c60a7794bc2edad8e06d0ed1a1dd	-
data/real/cosmology/real_source_signatures.json	9968	.json	data_or_result	263	1dbbdc3ab7284f776d836c07576dba6851fb8c5cf16e6f925074c812f7c783d7	-
data/real/cosmology/variance_policy_registry_minimal.csv	411	.csv	data_or_result	5	24d09d5448581df1fbf8fa9ca64f88f3fa0017e98b1e96770bffc3b9022f5058	-
data/real/cosmology/weff_cpl_mapping.yml	3780	.yml	config_yml	80	cd029fdd4c5fc99ca36a2cf50e93f24ef5e8ebdffad86495dbe5c8708837cf8a	token_vazio_declared
data/real/cosmology_observational_seed_2026.csv	1100	.csv	data_or_result	5	bd15cfc605aaf299fe1dba406f4e1c32935f69bbe6e4ff82a6ab1b200c16e155	-
data/real/cosmology_observational_seed_2026.provenance.json	1668	.json	data_or_result	30	e234dce615cb5f482fefa13810c7c26ebfa5f5c9dea07cdc0ce6069a64152798	mentions_synthetic,mentions_mock_or_placeholder
data/real/cosmology_observational_seed_2026_references.md	1810	.md	documentation_md	31	b1b41e12cb5e0ad61941eb787ef600e32df4c2eb354e4ca6a0d556de73697dbf	mentions_synthetic
data/real/desi_dr2_bao_covariance.csv	2606	.csv	data_or_result	14	4c95c45bf14f8eb49bf03fa512984448428920f7a2ba0a846dae30ed1da08658	-
data/real/desi_dr2_bao_measurements.csv	718	.csv	data_or_result	14	ed83affed17413bbd12fc27e028a8d70a9039aa8e2468bd5513fcd5bf1bb70c7	-
data/real/downloaded_non_synthetic/cosmology/README.md	1930	.md	documentation_md	25	ac73891c8ad5335c8e8c1fd1217650809516ea763524f7a91279d4b755ec7d60	mentions_synthetic,mentions_mock_or_placeholder
data/real/downloaded_non_synthetic/cosmology/desi_dr2_results_i_arxiv.html	84766	.html	data_or_result	797	3eb18773acd00ea7a77f68efd79f1964ec2392ce78121c2aef63989135914c3f	mentions_mock_or_placeholder
data/real/downloaded_non_synthetic/cosmology/download_manifest.json	1059	.json	data_or_result	32	0529f22d74b24a0b6fca2c680260944bf2b3344a6a135a1baafec9d9987d7268	-
data/real/downloaded_non_synthetic/cosmology/pantheon_plus_sh0es_readme.md	148	.md	documentation_md	5	aebbe5d60292a548f008173b122073622f1f1c113af65ee988d29c53f51aa677	-
data/real/evolutionary/README.md	1033	.md	documentation_md	30	a8647979c3900f4fbddbc3863e6b909d3c78d2dcc32826eb8957de5316169a5b	-
data/real/geomagnetic/README.md	528	.md	documentation_md	13	f656779671e24b23be9914d3f809a7588fa2fcf679f48d35fd55106fa87a2033	-
data/real/heliophysics/README.md	457	.md	documentation_md	13	b578454c041f19946739b791f3a2ba336f9d78589c7ea58ba3b0bb8c15e7f138	-
data/real/high_z_smbh/high_z_seed_sources.yml	4252	.yml	config_yml	130	bdee494ef60c6d38740c2b59afdec5ad8984929d57b2eb0e6b81744163e36984	token_vazio_declared
data/real/kinematics/hypervelocity_sources.yml	4189	.yml	config_yml	129	00b7da1d4142a0acedd15bc5ce496b60f3075683c109032be9ef10e1180d74e8	token_vazio_declared
data/real/lensing/dark_lens_sources.yml	4895	.yml	config_yml	151	76e62fbad83495c18f74c8dc7b94bdf5f18d158eae57bbc28188da0f67366026	token_vazio_declared
data/real/orbital_dynamics/angular_momentum_shape_sources.yml	4496	.yml	config_yml	132	66e31530068fe951725ae75609f85cde96bca4c822f48a452136f3c2662b6fc5	token_vazio_declared
data/real/orbital_dynamics/orbital_shape_angular_momentum_seed_v1.csv	1637	.csv	data_or_result	5	d5b5b26bec52b59aaf4352fba6751d01f73b4120b7320574cdc048df29dced58	-
data/real/orbital_dynamics/orbital_shape_angular_momentum_seed_v1.yml	4098	.yml	config_yml	118	7a42abfdd033a43841179de7a0b21c86af4cca4e4d89813c9b259bd699e601f8	-
data/real/rll_real_sources_manifest_2026.yml	5897	.yml	config_yml	118	45501ad4d4a0c11ad79ca6213c450bc3f9dd291697d0a385eb16474e62d74c36	-
data/real/strong_gravity/eht_2026_d01_01_manifest.json	2985	.json	data_or_result	65	52a7ce1a94945888001d0c87840798d24a8e6b6bbf004fdaaed447798b6177ea	token_vazio_declared
data/real/structure/residual_gravity_sources.yml	3762	.yml	config_yml	115	9bcd53bb0da0d89e61c111433e45a154d5f5f615e052f2b0df98c3bd1273301d	token_vazio_declared
data/real_sources/real_data_registry.json	3254	.json	data_or_result	74	0601028aa75f57c942cfec78d88a3c525cba6071a2d9d64d68ed769429c98a51	mentions_mock_or_placeholder
data/real_sources/rll_joint_cosmology_real_inputs.iml.yml	7207	.yml	config_yml	153	c67a8f1ac624cdea6419a2458c52ce0a1ea7e7820697ce66bcc4b300054d2e37	token_vazio_declared
data/real_sources/rll_latent_theses_registry.yml	9587	.yml	config_yml	242	26c9ac30a2839f0dd36e9dd1563b45375c0b46889a4a5b90cf19dee792bbffc5	token_vazio_declared
data/real_sources/rll_pantheon_real_validation.iml.yml	3311	.yml	config_yml	85	2a836c0ed26ef686210a080b3b28c6977b1e7bfca22af8c4ff0e443cd768d5af	mentions_synthetic
data/real_sources/rll_quantum_vacuum_birefringence_crosswalk_20260903.v1.json	15674	.json	data_or_result	287	42ebd8aee5f189fee99549498b4b8d933bd0fa2c169174b500a15a798f2b15f3	mentions_synthetic,token_vazio_declared
data/real_sources/rll_real_orchestrator_inventory.iml.yml	4763	.yml	config_yml	110	f3fbda51e10c27100f2c3e2fe1464b29410a55ab5df2f301c3798475fba679b8	token_vazio_declared
data/real_sources/rll_recent_observations_crosswalk_20260825.v1.json	12438	.json	data_or_result	253	3d45887cf526cb190a067d2a1e3bf862656d620e20dddc202454f83a1d2a046d	token_vazio_declared
data/real_sources/rll_required_data_gap_registry.yml	6575	.yml	config_yml	136	f41d8e042e53bfe1f7049036ac839bb0c2bb0fc7416d4fb16774025928d8a5d0	token_vazio_declared
data/receipts/project_sources_local_receipt_20260726.json	1055	.json	data_or_result	31	78d32ec8b0a5ee509eee78ea3016f21a4ce658e5e46bfaa4c25987af09c3b039	-
data/receipts/rll_canonical_region_sandbox_receipt_20260727.json	2729	.json	data_or_result	62	8b9863ea59688dcb15f5cbb4522c7b92e9a186b4f3cd3b9bda527deaf0a50bbd	token_vazio_declared
data/registries/rll_b10_geophysical_transduction_consumer.json	4176	.json	data_or_result	87	de9f12fb969f8f7968ab4279c5cae5943c0ccfc2906d6245eda44c3e148eb0fe	mentions_synthetic
data/registries/rll_b10_geophysical_transduction_registry.json	5581	.json	data_or_result	109	c9433764224e7072c735d2b86da1e6a569ff8751b1a00b3a8315f560e12363a9	token_vazio_declared
data/registries/rll_environmental_planetary_registry.json	3354	.json	data_or_result	108	d0f2cf53b72dd13d926432214f7f4e29fe2c6962610e8ad063fadbea74bb3d0d	-
data/registries/rll_mathematics_papers_theorems_consumer.v1.json	1659	.json	data_or_result	42	c0da84d3f9a70c7121a0ba442eff50a9a41595dde71ee7f02d4c4dc112d706c6	mentions_synthetic,token_vazio_declared
data/registries/rll_mpemba_horizon_closure_registry.v1.json	15787	.json	data_or_result	252	dfc11fe2006e681326dad0a2d2111e4865840b3f30c500b732b8934f95fefc7d	token_vazio_declared
data/registries/rll_mpemba_horizon_source_crosswalk.v1.json	1485	.json	data_or_result	25	f87f34dc4aae195792b679a1cd84a28ef1b77025df7c155988b4aa04e0bf130b	-
data/registries/rll_operational_integration_registry.json	7387	.json	data_or_result	134	5262485ac611ffa833cd9c4e1fdcc9f30f42adb6f2d2a9c75126257082f7eec5	mentions_synthetic,token_vazio_declared
data/registries/rll_recent_primary_sources_2026.json	9782	.json	data_or_result	198	eea94c82b6589ce4a310a9960595ea4e195e85d77211106d93fb0ace79957bdb	token_vazio_declared
data/registries/rll_session_evolution_mesh.v1.json	5811	.json	data_or_result	93	2721776e931589c0d8bd1f24649e498024dfa861510529348e0837ed7ea91c9d	token_vazio_declared
data/registries/rll_session_interaction_ledger_20260827.v1.json	5113	.json	data_or_result	51	939c98df870ee9728773d194891dbd9ef85dddbd76638ed869a3ec3aece6bc2d	token_vazio_declared
data/registries/rll_strong_gravity_calibration_registry.json	6144	.json	data_or_result	121	ffe1a6c123532acc1c5eaab1590e2ffd6299a155ac1e38f38a77f9f109a6d171	mentions_synthetic,token_vazio_declared
data/relativity_bundle_results.zip	4095297	.zip	other	0	5c0cca45792747d3538eb7feb26e537ca69ea1845087a56dc6950a3899139084	-
data/relativity_living_light_models.csv	148820	.csv	data_or_result	601	88f44ff22de8c66af99f1d10dc5acfec127af8885f4e8bdc56b06c22c5ce1ad9	-
data/results/bootstrap/dense_behavior_features.json	9963	.json	data_or_result	41	d42168438f4f529762d492a8803eedc0e397830085767ab527cdef4acf3e3b48	token_vazio_declared,cosmology_validation_marker
data/results/bootstrap/dense_behavior_features.tsv	3573	.tsv	data_or_result	20	285a760d41ccc4b9d92f99f4aef3d57db27cb8a5b1361b38815e99827442c2be	token_vazio_declared,cosmology_validation_marker
data/results/bootstrap/dense_item_value_map.index.md	303	.md	documentation_md	22	7b56f3e52cfa25a77069db20a1ace1f215781180f9060c089b064b0003f4c077	cosmology_validation_marker
data/results/bootstrap/dense_item_value_map.json	10920	.json	data_or_result	29	e5fb241638a1c9e76c64ff35901c01f41f449520d0273d72475cbdc7134bf00e	token_vazio_declared,cosmology_validation_marker
data/results/bootstrap/raw_data_manifest_status.json	4606	.json	data_or_result	20	9c80adb1481ad9b1ee2906c644aa1a1ee6fee5354dd8a4eb1294fa96ce5be6b1	token_vazio_declared,cosmology_validation_marker
data/results/bootstrap/raw_data_manifest_status.tsv	2554	.tsv	data_or_result	9	1ccfd9d844b1871467c6cd4e507ea943c49ae2b0c1b5c2263f9f198f450a501f	token_vazio_declared,cosmology_validation_marker
data/results/bootstrap/raw_data_manifest_status_ci_artifact_note.md	731	.md	documentation_md	34	7ac9eff16034336d05f2cfeeeb4fe45c95398ae2ef157a670b7d6789973b4f66	cosmology_validation_marker
data/results/bootstrap/real_seed_ingestion_plan.json	5109	.json	data_or_result	36	4386ff0b450def81c5b950b8662bdc20b940043861f4d81f455441de7bd460b9	token_vazio_declared,cosmology_validation_marker
data/results/bootstrap/real_seed_validation_index.json	2975	.json	data_or_result	88	a4947e9f79ff0e4a72c750a4047f7a09e2249a2d104ba421c221c9a808c3943e	cosmology_validation_marker
data/results/bootstrap/roadmap_next_actions.json	7118	.json	data_or_result	154	33c6fc038db4a1ec098ca216ac6076b89835e7350b165e27115f3a17371dac16	mentions_mock_or_placeholder,cosmology_validation_marker
data/results/bootstrap/token_vazio_priority_ledger.json	7993	.json	data_or_result	160	b36548b2077244a5c68df73209bbfc5cb223af1d3f0453416677ec579430535d	token_vazio_declared,cosmology_validation_marker
data/results/compact_objects/remnant_boundary_validation.json	1549	.json	data_or_result	47	232edf426d7c15d9f4b2c36d248a5f3caf9c1d592141169a61dec66bd3140e29	cosmology_validation_marker
data/results/compact_objects/wandering_bh_source_readiness.json	2206	.json	data_or_result	66	33d7c37ba496176188ecd4e76370e106d464876aeabe31416e50fe34bb42ebf8	token_vazio_declared,cosmology_validation_marker
data/results/compact_objects/wandering_bh_validation.json	1235	.json	data_or_result	39	d2ded31786976d1665fdca6043415d86d885f3875511cdf0cecd2834866b5944	cosmology_validation_marker
data/results/compact_objects/wandering_black_hole_sources_validation.json	564	.json	data_or_result	17	f0d2f3abf5e419a759e82a6836bac67d95b866a3c56fcf6e8ede6abb722fa130	cosmology_validation_marker
data/results/desi_dr2_bao_model_comparison.json	1097	.json	data_or_result	36	0cf0487735ae77e38cfa46cfe6b038ba947c72077d282329d3c25bc8961784bb	cosmology_validation_marker
data/results/desi_dr2_bao_zml.yml	2383	.yml	config_yml	97	2be83a808f2e1cb6bdbad7f33c261ea872f881d9ad18420d0944395c734edfdb	cosmology_validation_marker
data/results/high_z_smbh/seed_validation.json	1240	.json	data_or_result	33	8cb6331acdf1e81dea484dda79014b88dca0cfc27e76ac8aecc423a79178b3c5	cosmology_validation_marker
data/results/kinematics/historical_impulse_validation.json	1124	.json	data_or_result	28	4ee3e26ac1d0173db18870408f42030c3a0783605ac25635cc4910c7b8843953	cosmology_validation_marker
data/results/missing_placeholder_stub_scan.csv	42	.csv	data_or_result	1	9847407ebdeeaab048187a916c332bce8c8271e62c6ad9882d54dffbcda91cfc	cosmology_validation_marker
data/results/missing_placeholder_stub_scan.json	326	.json	data_or_result	10	4ed2959c9d19682f59301e7274a3a900360f504b3751a2c062cd5c634bc87af5	mentions_mock_or_placeholder,cosmology_validation_marker
data/results/model_comparison.json	3763	.json	data_or_result	81	5ca3013b6e90d99ab031c185bec0ca78d3901f12ff09db2686988609acd806c3	mentions_synthetic,cosmology_validation_marker
data/results/negative_results_ledger.json	6357	.json	data_or_result	110	5bf12514c3e1e958116776e44736628762883a9138425fef86f472f518d1162c	cosmology_validation_marker
data/results/orbital_dynamics/angular_momentum_shape_validation.json	5818	.json	data_or_result	139	2c988bc8923e5b4dc7d711cbf809f02441cdc493cc8dbb469e63e48666a93b3a	cosmology_validation_marker
data/results/orbital_dynamics/orbital_state_vector_v2_validation.json	2747	.json	data_or_result	71	265d6ec7b22312c8759890fd1d6662ba20380f9adabe54f21b6ea464f113bf40	cosmology_validation_marker
data/results/repo_inventory_checksums.sha256	595	.sha256	data_or_result	0	a9b0f9821f26109b3fb0750fd610c7a584e40d1c2063a887537bd069aa608a87	cosmology_validation_marker
data/results/rll_bp_bbn_cmb_background_likelihood.v1.receipt.json	1692	.json	data_or_result	35	c7e06bf03864c8308047ec2deff0c95afa869dab29cd390ed99b004367bc9d44	token_vazio_declared,cosmology_validation_marker
data/results/rll_edge_science_water_validation.v1.json	294	.json	data_or_result	12	10fe54b3c7e26bb69bede642c3e6fc72b41044b7f8a1fd3c95be7d80e1fbdf96	cosmology_validation_marker
data/results/rll_environmental_signal_validation.json	244	.json	data_or_result	11	e98400b7c85686e25415c14eb86cde7c353d17a0069a0c3d6b3da20e9f97864e	token_vazio_declared,cosmology_validation_marker
data/results/rll_multiphysics_filament_validation.json	317	.json	data_or_result	13	4b841cf249d91757946272bf2d07d8672eda3f50b275e7a74fc1ff57a4cfa02e	token_vazio_declared,cosmology_validation_marker
data/results/rll_multirepo_science_trace_ledger.csv	4702	.csv	data_or_result	12	c3000612502fb69759c6683854c8ddc0ce09516ee5c389cda2f1f10899d16324	mentions_synthetic,mentions_mock_or_placeholder,token_vazio_declared,cosmology_validation_marker
data/results/rll_multirepo_science_trace_ledger.json	9636	.json	data_or_result	161	714b2c435d955b6814c849100175980c3fba6bf9b926d17a9c0d5d991cec70a4	mentions_synthetic,mentions_mock_or_placeholder,token_vazio_declared,cosmology_validation_marker
data/results/rll_primordial_assurance_v2.receipt.json	7700	.json	data_or_result	85	cc74db6dbfcd984d948d4cad8df090fe4bd6da1e7a3c8e3d0969048d0b584886	token_vazio_declared,cosmology_validation_marker
data/results/strong_gravity/magnetorotational_jet_bridge_baseline.json	2656	.json	data_or_result	69	f9d9632b8c3a5106c8109c2423c792f939593b6fdbf1a932c54c4fbbf59cb671	cosmology_validation_marker
data/results/strong_gravity/magnetorotational_jet_bridge_validation_receipt.json	715	.json	data_or_result	25	40571bb17907ebc6e3396a809cc3013c29fded5e21b1fbe08f6a1af60c26d78b	cosmology_validation_marker
data/results/strong_gravity/relativistic_compression_radiation_baseline.json	1707	.json	data_or_result	45	a14d7b1d4cbd8c7e0c9e5ab1ed784c876e3a83705da5805451d8d928d30ad04a	cosmology_validation_marker
data/results/strong_gravity/relativistic_compression_radiation_validation_receipt.json	905	.json	data_or_result	21	6ebece7ffaaa66093301b28c69cc384b0d198ca72ecb916a050d5a83f35295a7	cosmology_validation_marker
data/results/strong_gravity/session_multiscale_avalanche_baseline.json	1268	.json	data_or_result	43	7c8fddf7c8779c28569444855923774e46f6e84751ac51f8117488d9751658a1	cosmology_validation_marker
data/results/strong_gravity/spiral_plasma_thermal_bridge_baseline.json	2180	.json	data_or_result	74	9435dbed8fbc883a967bb9760f97b2ca2904b632d84c4a2cac5a09c2c0f0f2ed	mentions_synthetic,cosmology_validation_marker
data/results/strong_gravity/toroidal_sine_reference_baseline.json	1571	.json	data_or_result	42	1021f2977b8cc298384f3ad70b85c2b3d578cdf0f20d22d02f95de8e47153b2f	mentions_synthetic,cosmology_validation_marker
data/results/strong_gravity/toroidal_sine_reference_validation_receipt.json	1563	.json	data_or_result	45	11da12945a2a1bf10ba249dc039d40427e5842ba26831e1aabc65c70165b22df	token_vazio_declared,cosmology_validation_marker
data/results/structure/residual_gravity_validation.json	1526	.json	data_or_result	50	8f3b1d9177e26e40c6a7a2cca628bfdc3816397e9066822e8f0ee4721064ae5d	token_vazio_declared,cosmology_validation_marker
data/results/to_add_migration_validation.json	844	.json	data_or_result	19	fa71fe06b34a5e8e52e488d333d8ebaaf2e44c0ccf66a69727c8ac9e0588fad6	cosmology_validation_marker
data/results/utm185_void_mask_local_receipt.json	1249	.json	data_or_result	38	b4a47fc8e0c5b7cf9c8dda11dbbfd08d89bdeab8f8d29a983a85d8c0751359a8	token_vazio_declared,cosmology_validation_marker
data/rll.json	11692	.json	data_or_result	1	13a9912f31d63291a7d3e845b88f4e625e410eb8fd136fd232b94fb16fc2fa05	-
data/rll_latentes/examples/invalid_missing_falsifier.yml	2815	.yml	config_yml	60	6d7c10c5bc1cb3f56f35e8fa020f1742b10d7c7ecc7127b74d59e7abf1186969	-
data/rll_latentes/examples/valid_minimal.yml	2880	.yml	config_yml	61	ae69360861c986dbb3d113047e6b6d8eed8a4d7c7d235a869b39fa5205f512f9	-
data/rll_latentes/observations.yml	13713	.yml	config_yml	237	73e933b62a1f4b8811d407614a8ff5d845f34ee3dd8d413393c4d180bef40bd6	mentions_synthetic
data/rotation_model.ipynb	3197	.ipynb	other	0	e26376ab8edc0ed352e8ac54add5f58cf5d696e93d24724c4e4ddfd083b10fea	-
data/schemas/orbital_shape_angular_momentum.schema.json	2187	.json	data_or_result	65	c4e4b3529c3c0daf05c9d8e3ed15f08488b91bbad578a78f7b8d87c388a374b2	-
data/schemas/real_seed_ingestion_plan.schema.json	1223	.json	data_or_result	43	e4ebbea89965a33d8d8fea6cc331ea9f4e0a1432b2a981474534767e9f608f5b	-
data/science/act/RLL_ACT_DR6_LCDM_POSTERIOR_CONTRACT_20260808_V1.json	3181	.json	data_or_result	59	2d7cc4eae60582d144a1561adf23183e9da1ae54ed42c486c74c180ac30069a7	token_vazio_declared
data/science/h0/RLL_FULL_BOLTZMANN_INFERENCE_INTEGRATION_CONTRACT_20260808_V1.json	4401	.json	data_or_result	78	ea5154286edcb442d7494a430a1945cbdf6f4dd868b05d4b980047e90baf4a31	token_vazio_declared
data/science/perturbations/RLL_CLASS_CAMB_IMPLEMENTATION_CONTRACT_20260808_V1.json	3822	.json	data_or_result	62	e534a8007f85d20d305bc019157236ae7b2fba7cab310d9a54fd9c181c299738	token_vazio_declared
data/science/perturbations/RLL_PERTURBATION_CLOSURE_CONTRACT_20260808_V1.json	7214	.json	data_or_result	115	c08fcc36876eb4fcf60e2ce130dac43ab1bbf9cf8f7860a9635f4b5778dc3653	token_vazio_declared
data/science/rll_formula_literature_edges.v1.json	23154	.json	data_or_result	275	1fbfa31856343339b89e458da59ca7d8ffc57afaa154d3838731cb5a2eea56ae	token_vazio_declared
data/science/rll_recent_data_crosswalk_20260828.v1.json	8296	.json	data_or_result	228	036344bf1e76794db8869447aa065a0b6d2382b04e2db3b8e69a253971e039cf	mentions_mock_or_placeholder,token_vazio_declared
data/science/rll_recent_data_custody_status_20260828.v1.json	2813	.json	data_or_result	54	30b1cedda1f996da9a6bba506b138d5e554fe767ec692bcbc03bee76d5d501c4	token_vazio_declared
data/science/rll_recent_literature_controls_20260828.v1.json	3365	.json	data_or_result	63	e7c6678f71be726c16f694a83ce80906e249adcc2e0f3b9a7fb1da824984522e	-
data/strong_lensing_imf/strong_lensing_imf_benchmark_seed_2026.csv	401	.csv	data_or_result	1	bb2a0fe7bc26bbf002bdcca3f89ff8e01aa7f4c9cfeda545b3b26dcd4c66cc45	-
data/strong_lensing_imf/strong_lensing_imf_benchmark_seed_2026.yml	605	.yml	config_yml	18	42ca09dfcd038925055e90e838e017f634151e74578b8d1d99cfdb3ffd2025cc	-
data/strong_lensing_imf/strong_lensing_imf_benchmark_seed_2026_v2.csv	449	.csv	data_or_result	2	effd7231c6097f16ef8e2e5e4679d3fa24b5b9f1dd2b34b4648ad2b86277f02a	-
data/strong_lensing_imf/strong_lensing_imf_registry_2026.json	477	.json	data_or_result	6	4697376a58581b605a5b378436c11b5e61ba911f9bbd30b80b50addc57f8d268	-
data/synthetic/LEGACY_SYNTHETIC_MANIFEST.json	10262	.json	data_or_result	187	043303b96ee04860c3191c3ce9e36e8d813f4e1cdc602ef3d42deeb18ea4bc29	mentions_synthetic,mentions_mock_or_placeholder
data/synthetic/README.md	1984	.md	documentation_md	39	f7b1876c6e2a0dd0d75d237f56648e9f6edeb7270b9c107d3d8fa49175cc1db3	mentions_synthetic,mentions_mock_or_placeholder
data/synthetic/cosmological_matter_observation.example.json	1462	.json	data_or_result	51	b57caa07158be55f4272e255299b84514bc36edb0f15059ecd8a5ab7991bff07	mentions_synthetic
data/synthetic/examples/bh_flux_presets.json	892	.json	data_or_result	27	c2cff4b374c9a9103ff7a3900e279e4936ef9eb81f7fc12c0ab080b5c8ef369c	-
data/synthetic/iml/daise_input.example.json	149	.json	data_or_result	7	4399cd4c9a96acc33569919bd8b8f0e419254846cd2656963d9433cdcd7c962b	-
data/synthetic/posterior_unified_synth.csv	2479312	.csv	data_or_result	25001	1ff8978bfb7e6af880193d197800ba4cf0d784f367ff71f63d3dcfa704e5c1f7	-
data/synthetic/structure_d/Hz_cov.csv	185	.csv	data_or_result	9	0391f3d7b69d49e086fccf9ec246bca35d14660ae3c67633559cc7517e12021f	-
data/synthetic/structure_d/Hz_cov_matrix.csv	474	.csv	data_or_result	8	be09b53a9c1fa66acd5b95355f0f266f0d340d77ee76692ccf0d38e8e5a18f23	-
data/synthetic/structure_d/fsigma8_cov.csv	167	.csv	data_or_result	8	434f3aaaf4cfed9b834816acaf624be0b998bf1aa6ff04e1ad6f6927b6554238	-
data/synthetic/structure_d/fsigma8_cov_matrix.csv	494	.csv	data_or_result	7	0022fcb104101981fab6fbe865768c9baa4bfc6b7b4caff0cc84133232b3eb46	-
data/synthetic/structure_d/mock_data_contract.json	519	.json	data_or_result	30	5ed50926e9d6903e2ee4a2f3644a1c4c6923c2fcc8418816211728d9d4a1b7ca	-
data/unified_entropy_margin_10_12.csv	82965	.csv	data_or_result	601	08c7f1e333ee0c7e53a3969a3dbed18bf2f373ff7e8b22dd463a2adaa6ee6a4b	-
data/zenodo.json	533	.json	data_or_result	20	774219594c5e7ed769cf9b39ca430794c7be25b93b00bdca7322eb294626ed2b	-
data2/readme.md	3161	.md	documentation_md	46	ee24861386955affa4c1cd1e5b352b8a8104c9a6ba63ca01295a75f16125fb18	-
data2/rll_mcmc_v2_posteriors.png	184584	.png	other	0	1666c864e0b8bb88296caf86de4c1dca56c6fcbae37d94352c88d2ed4ab9d62c	-
data2/rll_pipeline_v2_main.png	335067	.png	other	0	1a573ca033129763d103dd9a096b63cf7afa22e28345b760f5dc0b4a90cd03c8	-
data2/rll_v2_mcmc.csv	129	.csv	data_or_result	8	b80479f6c513d0bae668daf2f74fd3c5e701cdd3ecadcd4f582958fc08d9f032	-
data2/rll_v2_perturbations.csv	4619	.csv	data_or_result	201	de045629122f17f7d917bea49589fee5a773de0fc2b985a3dfb50f77b4b5e088	-
data2/rll_v2_results.csv	242	.csv	data_or_result	4	f918fed3bf80fa3e00c8a1d542d7572d00f2cdc0c6885f0fb5dcfd92b73455fd	-
docs/ACADEMIC_TAXONOMY_INDEX.md	14337	.md	documentation_md	144	c773a824f5fe180f1466e78eaef3a347bc932a9ace097edcc09ad76a2a7c1e2e	mentions_synthetic,cosmology_validation_marker
docs/ADMIN.md	989	.md	documentation_md	24	e6157221c153a3a94662624b46d16183851d558ce9e090c432f5e36e4e199ae7	cosmology_validation_marker
docs/ANALISE_ARTIGO_NATURE_PT.md	12906	.md	documentation_md	398	70f93d3b55f2cf2641424af7da797a98c286ceca99f5fea5982df675255d4e84	cosmology_validation_marker
docs/ANALISE_DIRETORIOS_E_MDS_SOLTOS.md	3009	.md	documentation_md	83	af444816d461d4f2851713035b11964508b0fc30dbec2105f7a13d094c42e2fc	cosmology_validation_marker
docs/ANALYSIS_INDEX.md	12378	.md	documentation_md	404	270a64cd69cd50e0835323e2c2092842d9aeb1a394347e2f6e842edfdf7c1de1	cosmology_validation_marker
docs/ARCHITECTURE_OPERATIONAL_SCHEMA.md	5852	.md	documentation_md	190	c5bacd8f1e2c2cbf7fca1d7647958a6c9700076e2ad6a33167c5579d45283869	mentions_synthetic,mentions_mock_or_placeholder,token_vazio_declared,cosmology_validation_marker
docs/ARQUITETURA_DUAS_RADIACOES_IMPLEMENTACAO.md	3095	.md	documentation_md	121	2830cdb73977d726fcdd3c4d718f6ce4da6c7b63e675b7c5a5d8ccd6773abd67	cosmology_validation_marker
docs/ARTICLE_ANALYSIS_SUMMARY.md	4424	.md	documentation_md	149	f6991fd406a150f722470b45c237dec1b906cefb4b51e2d8996135a91e89bb9a	cosmology_validation_marker
docs/AUDITORIA_DOCUMENTAL_E_DIRETORIOS_2026-03-05.md	3205	.md	documentation_md	50	b2967d6cdbe2cc1fec2a608b001b757e5bd94778b219e0eb374e2bef2b2e006e	mentions_synthetic,cosmology_validation_marker
docs/AVALIACAO_HONESTA_ESTADO_ATUAL.md	4432	.md	documentation_md	112	179259fe9305c081a41829aedeff25277bd2e6511ae2afa3f69f9d320f5fca2d	cosmology_validation_marker
docs/B10_GEOPHYSICAL_SYSTEMATICS_BRIDGE.md	4800	.md	documentation_md	161	9c176e9e06cfd9926ad515f4e1f7dc5a86e60be46ce0ec0e9ef2b152873bcf8c	mentions_synthetic,token_vazio_declared,cosmology_validation_marker
docs/BILINGUAL_RLL_HYPOTHESIS_SUMMARY.md	6026	.md	documentation_md	150	3af98484e34be0169d0e4d27048429cda7bc2757dfc83968789f867df77a07ef	cosmology_validation_marker
docs/BOOSTERS.md	26526	.md	documentation_md	845	6bcdb6ddb0b9d2d439674b2d9344fe8eb11901b02ca56cce72eb6229c0b65fff	cosmology_validation_marker
docs/C09_TRANSMUTACAO_NUCLEAR_CHRYSOPOEIA_MAPA_ROTAS.md	765	.md	documentation_md	28	f858dccafdcd3c3502f63904fefde706b5afd61ed6ffbbe20655e19f0613ce13	cosmology_validation_marker
docs/CANONICAL_REAL_INPUTS_FREESTANDING_V1.md	6482	.md	documentation_md	199	9531cc54dc1aa21fac44ac649be7f34a78d9df83e3b876184691e9a6ee9860bb	token_vazio_declared,cosmology_validation_marker
docs/CANONICAL_SOURCES.md	1133	.md	documentation_md	25	1457596e1477bfcd87a63c261cd7ab2d6737b9f4a21307b250b850829fe8c5f4	cosmology_validation_marker
docs/CI_SCIENTIFIC_SKILLS_TIER1.md	3383	.md	documentation_md	83	ae46f6dcf615ce30722e9f816a9a5fd44909a2175ca5b532ed3765145e0b9b00	token_vazio_declared,cosmology_validation_marker
docs/CLI.md	1071	.md	documentation_md	42	1f66a8f1981c66b09c770adc899ccd2e3dc2c9bdd1be0a92bb6720a395c712f4	mentions_synthetic,cosmology_validation_marker
docs/CODEX_CONTINUA_RLL_CLAIM_BOUNDARY.md	2185	.md	documentation_md	72	9a37bded59489c0619d316dfab7220519091f23608bd5724fd966d90809debea	token_vazio_declared,cosmology_validation_marker
docs/COMPARACAO_DESI_2025.md	9655	.md	documentation_md	167	edf42e93a29ebf243755d96d595f3556b36d49ae0d3012e04d7422bca017c957	mentions_synthetic,cosmology_validation_marker
docs/COMPLETION_SUMMARY.md	8630	.md	documentation_md	332	1984a8fe250308989019a87d94ef6c324afaafdfbfffd39a1843b189e53c66fb	cosmology_validation_marker
docs/CONCEPTUAL_FRAMEWORK.md	14549	.md	documentation_md	327	36f9f5f68502e5eb5de7f0b76383bb7355dc21fae4d8c5a8e00b47286e4e61e2	cosmology_validation_marker
docs/CONVERGENCIAS_INDEPENDENTES_RAFAELIA_RLL.md	7574	.md	documentation_md	151	659f17cb360ede2be7c8b4eff4c36834e01c739060481a2719eb36fda4ba2d2e	token_vazio_declared,cosmology_validation_marker
docs/CONVERGENCIA_BORDA_MULTIESCALA_BIOMIMETICA.md	8389	.md	documentation_md	214	969da22cf9728bbd6f783968f4bdb6c8d2beb5a5029e92a6e728e9d560487952	token_vazio_declared,cosmology_validation_marker
docs/CONVERGENCIA_ETH_HLS_TRANSICOES_FASE.md	5127	.md	documentation_md	111	7bb4d92b41815d45f7a754e9c3afdc92b055881ef9af76c3ab4a21ca8510dd5f	token_vazio_declared,cosmology_validation_marker
docs/CONVERGENCIA_NUCLEAR_CHRYSOPOEIA_MAPA_ROTAS.md	8512	.md	documentation_md	235	a0bb6fd183edf874e9a44c3ecd7ad90ae175431f991dc295d3aee40e9450bb05	token_vazio_declared,cosmology_validation_marker
docs/CONVERGENCIA_OBSERVACAO_SILENCIO_UTIL.md	7803	.md	documentation_md	298	0e1222811424b12ccb39383343ae9cb8f340d2cfa0efc084589160bdc958473e	token_vazio_declared,cosmology_validation_marker
docs/DARKMATTER_NAMING_AND_INVENTORY_NOTE.md	3054	.md	documentation_md	102	ad3ba6f5fc1b2c3d3432d680a017dfced6dc8a316c28065478a1d9bb7afa565f	cosmology_validation_marker
docs/DARKMATTER_RLL_LINK_MAP.md	5537	.md	documentation_md	62	858e4da87a2365395197e91f8b671243d2c6aa31d5461b933f1d1e98edd8dec1	cosmology_validation_marker
docs/DATA_DESCRIPTOR_BUNDLE_V4.md	2452	.md	documentation_md	60	2aa59185f4f94b464055235ff495d9373191053a9f2f1cb14dd1a2519fc92ea4	mentions_mock_or_placeholder,cosmology_validation_marker
docs/DATA_INTEGRITY_CHECKLIST.md	3567	.md	documentation_md	75	5032099181a427c1bcf617611161adb797c35240f9e9e7f7b99eb39dbc85f0e7	mentions_synthetic,mentions_mock_or_placeholder,cosmology_validation_marker
docs/DESCOBERTAS_EMERGENTES.md	12493	.md	documentation_md	137	abe40879996f2fa78ed616542438dc52756e8c2acbe4fbc1f53f4818be7a210c	mentions_mock_or_placeholder,cosmology_validation_marker
docs/DHA_POSTDOC_VALIDATION_FRAMEWORK.md	2716	.md	documentation_md	45	51573d6d7dad748a712b56d828226a8dbcc297293c9bb501086097cae7af3e1b	mentions_mock_or_placeholder,cosmology_validation_marker
docs/DOCUMENTATION_ORGANIZATION_MASTER.md	9154	.md	documentation_md	186	12011a7fec127dfc1cdb74ffcce50493f156251a998d631581a61ff1524e2a5f	cosmology_validation_marker
docs/DOCUMENTO_MESTRE_FRENTES.md	9021	.md	documentation_md	78	0794871a3365cf07489147c42c0a0f2d39eef06ed0ba6f988c025630a5f7a7f7	cosmology_validation_marker
docs/EASY_NOTES_EMPTY.md	1	.md	documentation_md	1	01ba4719c80b6fe911b091a7c05124b64eeece964e09c058ef8f9805daca546b	cosmology_validation_marker
docs/ESTABILIDADE_GHOST_CHECK.md	4296	.md	documentation_md	170	7465719f014cbc0729f838c7b4dcb4fa75a5584e6fd5962a38e253b4f387d61d	token_vazio_declared,cosmology_validation_marker
docs/EXECUCAO_REAL_STRUCTURE_D.md	7506	.md	documentation_md	174	f718abd08e9909e8475a2c07345c4f36d9f958700a1f551044164123200b0be1	mentions_synthetic,mentions_mock_or_placeholder,cosmology_validation_marker
docs/EXECUTION_NEXT_PATCH_RLL_YML_DATA.md	1975	.md	documentation_md	76	0420d916d261f2a9a6fec90ddbf45388928d3b31fa89975aa75a4663d1ee5d1b	mentions_mock_or_placeholder,cosmology_validation_marker
docs/FORMALISMO_RAFAELIA_T7_E_COERENCIA.md	4299	.md	documentation_md	79	418bc11694038b43cda799bd9df2694aa5d00578e64831e46a2c3b648777e056	cosmology_validation_marker
docs/FORMALIZACAO_CONHECIMENTO_MULTILINGUE.md	1285	.md	documentation_md	40	af84ce19aee81694f9e357689d7ebd3c42945d5c2d04656328fc78ac33df8707	cosmology_validation_marker
docs/FORMULAS_ARTIFACTS_VERIFICATION.md	1716	.md	documentation_md	51	c2c5b0102792831941288f2e6bf9f9faf0769c7b77fbffcd4b620e69f73e88e4	cosmology_validation_marker
docs/FORMULAS_CANONICAS_INDEX.md	4386	.md	documentation_md	21	452ee8fa3af005b23981ad48595c2559a71f2658810bb8a19450d85330d95af4	cosmology_validation_marker
docs/FRACTAL_LAYERED_MAP.md	4186	.md	documentation_md	148	95b5f28258be8796c84a4e1ebf51d5666ebfa37f9b4c803796a071e1bd07fcfd	cosmology_validation_marker
docs/FRACTAL_REPORT_UNIFIED.md	8216	.md	documentation_md	375	20f7a6786c622254c34f1bf1d83a8c023de045c0c2f5f8f64743e52f5451e7f1	cosmology_validation_marker
docs/FRONTS_CLASSCAMB_VS_LN1PZ.md	1494	.md	documentation_md	24	4c190f57e68acccaa7ffb9140bd5d53d8c6562473f4c525df725003e7f0a14c1	cosmology_validation_marker
docs/HOTFIX_REAL_VALIDATION_DATA_CONTRACT_2026-05-22.md	3687	.md	documentation_md	129	27b194661d177f204d5fe0016dd0fd163b5a56174fab91f025e86fbf67c9f84c	cosmology_validation_marker
docs/IMPACT_REPORT_MULTI.md	20761	.md	documentation_md	529	994ad4bca2829f93fdde28bf06a3be48748c2445ea2fe6cc5c680ef17ec7cb8b	cosmology_validation_marker
docs/INDICE_MESTRE.md	12620	.md	documentation_md	164	018aeeab08dc7f7f49e0723bafc099d1c0f1f8742d4dcef8dde355642813fcad	token_vazio_declared,cosmology_validation_marker
docs/LAGRANGIANO_EFT.md	5830	.md	documentation_md	230	0610252c1ebcc3fdb1b2b1148f2b2d1b1b6343c31a9facea94d45f2b0ee36e05	token_vazio_declared,cosmology_validation_marker
docs/MANIFESTO.md	6364	.md	documentation_md	142	71db6191732edf243aab8ce6dc6477c9136882ead2679452e735fad9a3dfb3c7	cosmology_validation_marker
docs/MAPA CIENTIESPIRITUAL.md	1265	.md	documentation_md	34	575c516163040f31d7bf37f83af47c1f6fa8bea317cd914868a04b76bb79aba8	cosmology_validation_marker
docs/MAPA FRACTAL.md	2149	.md	documentation_md	64	fe78c5c1bdf6b2f33cc325c5e1c179f842163c5ba5d55cd2ff8a4d8560a73079	cosmology_validation_marker
docs/MAPA_RAFAELIA_TOTAL.md	33249	.md	documentation_md	1062	a2af691390de799cd385430cede066788d151a02348af103c15cd1bcd05baa9f	cosmology_validation_marker
docs/MASTER_THESIS_RLL_PTBR.md	6086	.md	documentation_md	73	edba1e70d153a20b61a4014db60b26377611eddd2449e065e080b71c03dde599	mentions_synthetic,cosmology_validation_marker
docs/MASTER_UNIFIED_DOCUMENTATION_2026.md	38705	.md	documentation_md	959	af6190cffd62102a643add22e3682c0ea6006b5850bab3f660ac91d3bdbed20a	mentions_synthetic,token_vazio_declared,cosmology_validation_marker
docs/MATHEMATICS_REGISTRY_ADAPTER.md	1455	.md	documentation_md	39	932afeb75e22551474a2b119444505f3a6f7a0b0ab78d73a2094554839d380de	mentions_synthetic,token_vazio_declared,cosmology_validation_marker
docs/MINI_PREPRINT_RLL_FOTOPERIODISMO.md	5891	.md	documentation_md	136	48cb5573351d5556b6a40da865446407a9dabaab14670e88cfbdd75a27777d42	mentions_synthetic,cosmology_validation_marker
docs/MISSING_PLACEHOLDER_STUB_SCAN.md	388	.md	documentation_md	18	589a696535329c1d350935a76949306d2fbaee83975b70612e2f573864bc0224	mentions_mock_or_placeholder,cosmology_validation_marker
docs/MODELO_COSMOLOGICO_UNIFICADO_MAGNETISMO_RADIACAO_PLASMA.md	7934	.md	documentation_md	249	aed475311d99cd38f6f59d0165f587785a00b36fe7cc812a0217fb7c55c120e5	cosmology_validation_marker
docs/NATURE_ARTICLE_ANALYSIS.md	14965	.md	documentation_md	355	ce983364d33d5fcd066902561450fb4752b8d1fbd7ad8de8ee93f5e8e85036e5	cosmology_validation_marker
docs/NEXT_THEORIES_AND_DERIVED_HYPOTHESES.md	2030	.md	documentation_md	92	ebbb4beea9faed2d2a9af397a947278621d82578d14b69583a51c46bd8c0d17c	cosmology_validation_marker
docs/NORMATIZACAO_NOMES_ARQUIVOS_RLL.md	2525	.md	documentation_md	96	5597acd3bd77ba82a7efc8dc471b67765d6e1f71b054f077bb24898ae05a7d31	cosmology_validation_marker
docs/NOTA_DISSIPACAO_TERMO_CINETICA_GOTAS.md	3843	.md	documentation_md	112	715d4f8b697f1086ac5e0aedafe3a966b73b802061a8a18a76f49b9a9669c35c	cosmology_validation_marker
docs/PAPER_CORRIGIDO.tex	8640	.tex	other	0	a09f04c4eb6926a8d7279057f5c869dbddee1c7892c03e9f4286fe6f491c4ec3	cosmology_validation_marker
docs/PERTURBACOES_CRESCIMENTO.md	6542	.md	documentation_md	229	3fc7c18ca6efd6e97ef6ac76d27496a49d4a0b15d40e8bba60b2bbbab66b1ff5	mentions_synthetic,cosmology_validation_marker
docs/PIPELINE_ARTIFACTS_GUIDE.md	1612	.md	documentation_md	31	7516fa030b2e27d2f59ea5d60f4a1fe5f494d706d13f64c01e3a739a68e0791c	cosmology_validation_marker
docs/PLACEHOLDER_EMPTY_DOCUMENT.md	1	.md	documentation_md	1	01ba4719c80b6fe911b091a7c05124b64eeece964e09c058ef8f9805daca546b	cosmology_validation_marker
docs/PLANO_ABCD_JWST_AGN_SMBH.md	29280	.md	documentation_md	443	6d1e280c0a0d75a508ff185856d3016a38fd9ad32d9cd5c9a525632662621259	cosmology_validation_marker
docs/PLANO_AD_AGN_JWST.md	4033	.md	documentation_md	66	f3147e3d9bebe1588309f0ebf38e90b41d5e73ee0457b83936f4f9bf88ec1999	cosmology_validation_marker
docs/POLITICA_REPOSITORIO_TEXTO_E_ARTEFATOS.md	3687	.md	documentation_md	121	09f7951e7147b3c5296c6cf78ea954f4961321eb759a65e35c78996b9d430036	cosmology_validation_marker
docs/POSTDOC_ACADEMIC_PRESENTATION_REFERENCE_2026.md	7579	.md	documentation_md	128	604331a623983389c690dd10704e1ab767fd3e9f32bcda87560c5a7d738e2680	cosmology_validation_marker
docs/POST_PHD_FORMAL_GAP_ANALYSIS.md	6232	.md	documentation_md	100	dfd96e557ee242934a3e4f2d052f3a6b77b76daa54b377b07b88a8b81c716ff4	mentions_synthetic,cosmology_validation_marker
docs/PR385_SAFE_EXTRACTION_STATUS.md	2548	.md	documentation_md	52	2e039335c8b08916c5f60d48080ba64990749757f7a4ce0441f159c158f2ad9a	token_vazio_declared,cosmology_validation_marker
docs/RAFAELIA_AI_REPO_BRIDGE.md	5333	.md	documentation_md	145	2dc107f82702f806342e4dcfb7e573e22cd729b71a1a14aed636cd3184e599cb	token_vazio_declared,cosmology_validation_marker
docs/RAFAELIA_FALSIFICATION_GATE.md	2791	.md	documentation_md	136	d5cb8982ce62774934b57da6eaff1142ef7217a5e001e8be0ae05f65b4ada5f3	token_vazio_declared,cosmology_validation_marker
docs/RAFAELIA_PRIORITY_MATRIX.md	2424	.md	documentation_md	60	017690d0498b682df99b75369e62a30272d97d5d173e4b959838a4e7a9f2efc0	cosmology_validation_marker
docs/RAFAELIA_REGIME_INDEX.md	7367	.md	documentation_md	165	7f43740b93bfe2400baa8dc0b99813fe6528eacc0ce0d41959412b4be1e6f722	mentions_synthetic,cosmology_validation_marker
docs/RAFAELIA_RLL_ADMIN_EXECUTION_MATRIX.md	9150	.md	documentation_md	211	13c80440c2ed213cf76d964c114cccca71d29093479641b6655542a61beaf338	token_vazio_declared,cosmology_validation_marker
docs/RAFAELIA_RLL_SIX_SIGMA_ADEQUACAO_MANIFEST_20260625.md	3559	.md	documentation_md	98	9ed05e0a6c56c1d69c919fe7030d4dafeff7e0f71c3c38b3abb729f6bb6e3d4f	cosmology_validation_marker
docs/RAFAELIA_RLL_SIX_SIGMA_SOURCE_LEDGER_20260625.md	2253	.md	documentation_md	50	b082583958012d94d5914458a9b5d3ede60c06ef9bd0e983b7774a3e5bc5bc2f	cosmology_validation_marker
docs/RAFAELIA_UNIFIED_PAPER.md	6725	.md	documentation_md	197	3ec0b979953df3e2a0ac250ece9e97271853dcfa1cb57afd1dc1f7f46a211e95	cosmology_validation_marker
docs/README_ADVERTENCIA_DOI.md	2948	.md	documentation_md	62	4818423d59fbcc03ccf1e498066df9185f4218a79e634d9298e3d065717d324f	cosmology_validation_marker
docs/README_CIENTIFICO.md	7708	.md	documentation_md	180	de834a162633dae63463b3aa8f23f920055ffbd4ad6ed7390c788ff088bf2b75	mentions_synthetic,mentions_mock_or_placeholder,cosmology_validation_marker
docs/README_HISTORICO_INTEGRAL_47d054c.md	74684	.md	documentation_md	2351	5a1bcce2417a0e0cd31cfde96231273a9e23c702ea5abe4cadd112bdfde3efbe	mentions_synthetic,cosmology_validation_marker
docs/README_ROOT_LEGACY_ARCHIVE.md	74684	.md	documentation_md	2351	5a1bcce2417a0e0cd31cfde96231273a9e23c702ea5abe4cadd112bdfde3efbe	mentions_synthetic,cosmology_validation_marker
docs/README_block_multilang.md	2250	.md	documentation_md	34	e626d38f57f2c5e1f2bf00eda729656568d8e29362912a2fc8541753809c85ae	cosmology_validation_marker
docs/README_patch_unified_PT_EN_v3.md	4470	.md	documentation_md	119	4de5c64370bd7764af4d8684982f0cbfcdd1df9921866836c848f94dca585009	cosmology_validation_marker
docs/README_patch_unified_PT_EN_v4.md	3742	.md	documentation_md	97	aaee888fa7c649ccfa05e3065635e19d37f95808034d6c18824c34f9a6f8929d	cosmology_validation_marker
docs/README_snippet.md	1909	.md	documentation_md	34	899c769112158d1a56c6b1b260c6764998f7310dc72325a3822c6b319242f364	cosmology_validation_marker
docs/README_sup_unification_snippet.md	2428	.md	documentation_md	38	c9df9a8040cdd5e680598528fb39471946e945c36437e84844f572be14dba491	cosmology_validation_marker
docs/REAL_DATA_MATERIALIZATION_PLAN_2026-05-22.md	3957	.md	documentation_md	191	1a45f436111fd3a296df4ab0c66aa139e1e2a01391758eeb7408d65d0a327d50	mentions_synthetic,cosmology_validation_marker
docs/REFERENCES.md	46569	.md	documentation_md	737	d2ceb701c7296b1efa4206cbcb176889918480b754ca1feedf8078e052dbc42e	cosmology_validation_marker
docs/RELEASE_NOTES_HISTORY.md	17068	.md	documentation_md	215	1d0f82242b12dd20064afe7084783777aded6bbf8dd59b7a75d2b0ded70ad09f	mentions_synthetic,mentions_mock_or_placeholder,cosmology_validation_marker
docs/REPOSITORY_STRUCTURE_SUGGESTION.md	190	.md	documentation_md	9	beba59557a9169e2a8a5a8096bad47ead2b7e210cf14a17bc3a31f9d6c0d6777	cosmology_validation_marker
docs/RESULTADOS_CORRIGIDOS.md	4211	.md	documentation_md	92	2ac4f45316a17430f014cd393351c6ac4314d33d5214507aad4d2beb7a81adb8	mentions_synthetic,mentions_mock_or_placeholder,cosmology_validation_marker
docs/REVIEW_COMMITS_ULTIMOS_3_DIAS.md	3782	.md	documentation_md	67	fc975c4d65d9c272a5b9b64b734e06f035dbaedc80cfa64af493d060f68014e9	cosmology_validation_marker
docs/RLL_1234_CHUNK_TEXT_AUDIT.md	5518	.md	documentation_md	138	2c8c15fb4f3c04c8ae5953a297fb233b75279984a62808e0749dd1684a6dd046	token_vazio_declared,cosmology_validation_marker
docs/RLL_6SIGMA_POST_PR396_AUDIT.md	12423	.md	documentation_md	207	7c8f870303eb7406bc227325c04c377db418070a5d8ded9b5d98f5650b95b684	token_vazio_declared,cosmology_validation_marker
docs/RLL_ABLATION_MATRIX.md	5218	.md	documentation_md	146	f303512e8ba49f0d5bdcd45e3fc89236adcdda71fb0327db22ba5772ef4cb4ba	token_vazio_declared,cosmology_validation_marker
docs/RLL_ACADEMIC_PARAMETER_CONVERGENCE_LEDGER.md	9992	.md	documentation_md	173	d8661f01e0547652c05d3d606d471eea5e9ed35445ca311e694c31372f7f7eb7	cosmology_validation_marker
docs/RLL_ALL_REAL_DATA_MASTER.md	3129	.md	documentation_md	117	61dc1ca036b18aff63eaf79704343ebb9fe2c1fb7015105571f85833d96382dd	token_vazio_declared,cosmology_validation_marker
docs/RLL_APPLIED_CHANGES_2026-06-17_EVIDENCE_SCAN.md	1737	.md	documentation_md	54	c49dd8eac23c4d411b8c9da093cb85a86a430fc839e6ec85406a698ccb16bce4	token_vazio_declared,cosmology_validation_marker
docs/RLL_AUDIT_2026-03-14_FRONTEIRA_FISICA.md	7817	.md	documentation_md	135	f836b45edb0b7fd5ec18a1abad73425c7bbcf0e2e9fd4194880185cd41088271	mentions_synthetic,cosmology_validation_marker
docs/RLL_BH_FLUX_NOTE.md	5013	.md	documentation_md	136	3a55eeaac7040c398a25461818ef8753df06d4d1d2e45ff33ff04a7e49d181d1	mentions_mock_or_placeholder,cosmology_validation_marker
docs/RLL_CALCULABLE_EVIDENCE_SCAN_PROTOCOL.md	4272	.md	documentation_md	147	484bd67eaf1296ca7c46dda0c92233b9f3db64eb11daa3c3a418defe32357dd1	token_vazio_declared,cosmology_validation_marker
docs/RLL_CANONICAL_REAL_FREESTANDING.md	3654	.md	documentation_md	85	dfe984ce58ea2d5514849e0c740e0d6419df637395596c0be3fbe4bb28a5b4bc	mentions_mock_or_placeholder,cosmology_validation_marker
docs/RLL_CERTAINTY_CALCULATION_BOUNDARY.md	2987	.md	documentation_md	104	ea5ee8f5cd5adecb259b997650c9817765d8455147bac866924a4fc773eeb450	cosmology_validation_marker
docs/RLL_CI_DEPENDENCY_FAILURE.md	2200	.md	documentation_md	107	4b72fbcc454c25c93c7cfc060c054746af49a485a3501b43fb4f0dbc22474d80	cosmology_validation_marker
docs/RLL_CLAIM_BOUNDARIES.md	5086	.md	documentation_md	74	87db09b406c3236d16cc11051f114515c745feec59cd9b0aca4c9c96342010a9	token_vazio_declared,cosmology_validation_marker
docs/RLL_CLAIM_GATE_LEDGER.md	6187	.md	documentation_md	155	9dadb2435b72d52c319fe80eb17e072d4daa9280b9abfba6da2d72f7fde45b4f	mentions_synthetic,token_vazio_declared,cosmology_validation_marker
docs/RLL_CMB_NONLINEAR_BACKEND.md	953	.md	documentation_md	43	7dff2c89286192d043b5298ab7e25a4c1dfd850510b9dc43d039c47572032ee0	mentions_mock_or_placeholder,token_vazio_declared,cosmology_validation_marker
docs/RLL_CURRENT_RESULTS_PAPER_TABLE.md	6305	.md	documentation_md	134	223114a9c56fe67454d1f6c80d89097d0a60062da241ac7e5b174b34c1954742	token_vazio_declared,cosmology_validation_marker
docs/RLL_DATA_FIT_DECISION_TREE.md	1906	.md	documentation_md	83	eb116654b2cbe95e71ad15370736c294c15fe0c1e5b19750f32c372906155cb9	cosmology_validation_marker
docs/RLL_DERIVED_OUTPUTS_MANIFEST.md	3143	.md	documentation_md	85	cf66cb75bb2a98e7ac770c64aca4ad4ca25dac995adf2315423624ddf8f240b5	token_vazio_declared,cosmology_validation_marker
docs/RLL_EFFECTIVE_DYNAMICS_WORKPACKAGE.md	4018	.md	documentation_md	191	8eb7c4a16a2b51cd0921320f2db809b91de1bf2275e804a3ac0a60b67426ad9b	cosmology_validation_marker
docs/RLL_ENERGY_MOMENTUM_BRIDGE.md	1155	.md	documentation_md	14	7207460129cb7464194dc3dee1467d181fed62c2a9e0aac5425d34288f879b4d	cosmology_validation_marker
docs/RLL_ENERGY_MOMENTUM_LEDGER.md	2310	.md	documentation_md	47	4b119e884e4545a60a10926333bd155a6aea1833add604026fe42e6e9b9a72da	cosmology_validation_marker
docs/RLL_ESTRADA_CANONICA_EXECUCAO.md	10174	.md	documentation_md	391	f97fa720e1144a1414a579b5f46cef13e5f7fa22829a9363f8cc7c5d3da2c2a0	mentions_synthetic,token_vazio_declared,cosmology_validation_marker
docs/RLL_EXECUTIVE_ONE_PAGE.md	3310	.md	documentation_md	116	133832da90b118abaa89fc847e64dd8e790020b9b598d19cad2cfc0c0b3c1933	mentions_synthetic,token_vazio_declared,cosmology_validation_marker
docs/RLL_FGAP_FNEXT_STATUS.md	7972	.md	documentation_md	397	e5bae716266e8c1e3a8fbebdf9384ddf965f4471612c2fed0687b0014548f1e4	token_vazio_declared,cosmology_validation_marker
docs/RLL_FIGURE_TABLE_MANIFEST.md	4575	.md	documentation_md	130	88a4731858fd1b854e3d5fa571c1a4bfcff46fd07af9dd5343e64dc515ba0265	token_vazio_declared,cosmology_validation_marker
docs/RLL_FORMAL_INVARIANT_AND_REAL_DATA.md	4310	.md	documentation_md	113	dcff9e74381bc5fc5ec82f69e3f6d8239a75e8f7611c45123877d8bf80b9443f	token_vazio_declared,cosmology_validation_marker
docs/RLL_FORM_GAP_MAP.md	10279	.md	documentation_md	376	fc86bffcc1aa74860ed6f318d3b64f892bc21218c06c2bb9e28582a21eb9fab0	mentions_mock_or_placeholder,token_vazio_declared,cosmology_validation_marker
docs/RLL_FRONTIER_DYNAMICS_AND_ANOMALY_LEDGER.md	15288	.md	documentation_md	465	33c7998db4641a2a3fe55fcd30419176fed392118076b029e0bc2ac8a1e02270	token_vazio_declared,cosmology_validation_marker
docs/RLL_FRONTIER_STRUCTURE_INDEX.md	3682	.md	documentation_md	132	81411b3937abcc1841d70fe8c41dd961e43a41750a3674c3dfe121e7c777670e	cosmology_validation_marker
docs/RLL_GEOMAGNETIC_POLE_DYNAMICS_ATLAS.md	8746	.md	documentation_md	257	d3d7facaf770b9cb82e98929e54451799b00a9d1324f5d08a1a63ead24d9c15b	mentions_synthetic,token_vazio_declared,cosmology_validation_marker
docs/RLL_GROWTH_FSIGMA8.md	2595	.md	documentation_md	118	f3abfe9da8ee0c6c8f7775d28fb0b5c860feb1d64ae62be01bda3454fe6fd990	token_vazio_declared,cosmology_validation_marker
docs/RLL_H0_RD_ABLATION_MATRIX.md	2395	.md	documentation_md	55	e61541f3865e76ef1110929fb35268f7297fd6f76812b95ddcbec142a53cf3da	token_vazio_declared,cosmology_validation_marker
docs/RLL_INSPECTION_RATE_MATH_AND_KNOWLEDGE_TEST.md	5428	.md	documentation_md	243	aea00197551ac98012d668d96a4a655fa9174be9768b5be693a4d0a855ebd926	token_vazio_declared,cosmology_validation_marker
docs/RLL_ISSUES_420_423_EXECUTION_LEDGER.md	5870	.md	documentation_md	172	76c5da40e57735dde30d8ed953bd9b21fc227bac6f88c095aa312f36432ac40f	token_vazio_declared,cosmology_validation_marker
docs/RLL_MISSING_CALCULATIONS_LEDGER.md	16603	.md	documentation_md	55	7ce6fc28f066622bd838950454b360b79ea35b60a69c66835945a01c18c9f1c2	mentions_synthetic,token_vazio_declared,cosmology_validation_marker
docs/RLL_MOBILE_TERMUX_PROVENANCE_LEDGER.md	6152	.md	documentation_md	140	4c6bd314b0718880aadb083e367506bd306435c21370c9781819a07bf3f95183	token_vazio_declared,cosmology_validation_marker
docs/RLL_MPEMBA_HORIZON_ATLAS.md	9307	.md	documentation_md	239	cfe257736a0c09c67397dd0b69d379f14724c1431a4d87f2f1a3cd46894563e6	token_vazio_declared,cosmology_validation_marker
docs/RLL_MULTI_MEDIUM_CONVERGENCE.md	291	.md	documentation_md	11	06640b559534f6b7d6125ac7f6329e8aed00ec45f76efcbf02798f9d192ad61f	token_vazio_declared,cosmology_validation_marker
docs/RLL_MULTI_REPO_BIOPHOTONIC_MATERIALS_DNA_RNA_TRACE.md	8087	.md	documentation_md	287	a58ff29638d515141a2f213cb1c7224ffd87f0a8c7cbf3e31cf17f9aca63ae5e	mentions_synthetic,token_vazio_declared,cosmology_validation_marker
docs/RLL_MULTI_REPO_FISICA_QUIMICA_BIOLOGIA_TRACE.md	4665	.md	documentation_md	92	9bcb1fc2528e8e59a2731f8e9b4de7350b546282c9df39ba76f9d0b1fa161d42	token_vazio_declared,cosmology_validation_marker
docs/RLL_MULTI_REPO_HYPERCUBE_TESSERACT_HYPERFORMS_TRACE.md	5957	.md	documentation_md	242	87fd16a360eaf87214a12da7ad8b0abeeba0932ce8bae4684cde9f92ad3ce72c	cosmology_validation_marker
docs/RLL_NEXT_ROBUST_FIT_PLAN.md	5238	.md	documentation_md	152	1341f929741d9898965a85294e8791ce0d4987f9a503927296b8b2c36e5c84a8	mentions_synthetic,token_vazio_declared,cosmology_validation_marker
docs/RLL_NEXT_SAFE_ACTIONS_INDEX.md	3477	.md	documentation_md	92	7ad2dafa5cb6fc905fc263be7709daf7d99df4648f36a33f659518abfd472c8e	token_vazio_declared,cosmology_validation_marker
docs/RLL_NEXT_WORK_DOCUMENTATION_PLAN.md	5508	.md	documentation_md	218	ac330e1cbde6c0575ff47ae29f6a626b6cd503324af6409c0ac5d245a0584682	token_vazio_declared,cosmology_validation_marker
docs/RLL_NOVOEXPORT_FORMULA_ATLAS.md	1179	.md	documentation_md	22	7be3640dfa395469a504a8260ede1bfadb231a2cabc29f03e16882280fb20724	token_vazio_declared,cosmology_validation_marker
docs/RLL_OPERATIONAL_EXCELLENCE_ACADEMIC_STRATEGY.md	6711	.md	documentation_md	274	12f3886a6b366eaa1f931d7601651ca463b830bb277a01b934d8e6c083bae1e9	token_vazio_declared,cosmology_validation_marker
docs/RLL_OS0_ZERO_ROOT_CAUSE.md	5461	.md	documentation_md	93	a7645d43d70baed65fc906ab0879bb7af873c95647498722c33e49f8df632eda	token_vazio_declared,cosmology_validation_marker
docs/RLL_OUTCOME_ACTION_MATRIX.md	3945	.md	documentation_md	129	f68e40b574f6e61bfd369a3bb75db93f1dd19814c7083cdd5140da4686fc6bef	token_vazio_declared,cosmology_validation_marker
docs/RLL_OUTPUT_STEM_CLI_GAP.md	4467	.md	documentation_md	174	1ec128b776fba5fe04df43fda6c7226a111401936511c156bdba211113b5fdf9	token_vazio_declared,cosmology_validation_marker
docs/RLL_OUTPUT_STEM_SAFE_WRAPPER.md	3142	.md	documentation_md	144	609749fb97919885feb7f14e13c195b4877a1dc4a27620db7667564dd79b0676	token_vazio_declared,cosmology_validation_marker
docs/RLL_PAPER_READY_ROUTE.md	6237	.md	documentation_md	183	e931605b3ab730500bc5113dd11efb05f9afd89328741f0013fc62da6e2c17e2	mentions_synthetic,token_vazio_declared,cosmology_validation_marker
docs/RLL_PARADOX_THERMODYNAMIC_LAYER.md	1677	.md	documentation_md	41	9f5bc8e5a67c6a51cf31b85dc98d2d7eed7a4647265e48a62d601ba2e46a0ca1	mentions_synthetic,token_vazio_declared,cosmology_validation_marker
docs/RLL_PARAMETER_ORIGIN_TABLE.md	3650	.md	documentation_md	33	04130772761d2099adb9ab995850fb731a605853c98543eb1f7652af6b37aca5	token_vazio_declared,cosmology_validation_marker
docs/RLL_PERTURBATION_LAYER.md	1890	.md	documentation_md	90	74c29d00968f3044a41d7e82a1aceb397c365402b2ad4e9be8811c7746a6bd4e	token_vazio_declared,cosmology_validation_marker
docs/RLL_PHOTONIC_LOGISTIC_PLASMA_GRAVITY_NOTE.md	7714	.md	documentation_md	244	5f79d8fa5d31b335fba2e35207665a5cb1e72f74019b0f67e64551344833ab4c	mentions_synthetic,mentions_mock_or_placeholder,cosmology_validation_marker
docs/RLL_PIPELINE_CLAIM_GATE_DIAGRAM.md	2645	.md	documentation_md	108	26c5d6678e9fde28d0ff47b8d27b5d178cd5250086db84846b00ece6e954f19f	mentions_synthetic,token_vazio_declared,cosmology_validation_marker
docs/RLL_PRE_MOVEMENT_SCALE_BRIDGE.md	16591	.md	documentation_md	490	675e6dcc9aece82de1b29fc9b24eb521c3f8f64bae145a2893d739f29fc1eab7	cosmology_validation_marker
docs/RLL_PRE_ROBUST_FIT_PR_CHECKLIST.md	3767	.md	documentation_md	130	e06eeaae9c6a934b461703eb357d4cd71bd855ea07ec6deea5ab337db3c6af3e	token_vazio_declared,cosmology_validation_marker
docs/RLL_PRIMORDIAL_QCD_ASSURANCE_MESH_V2.md	11928	.md	documentation_md	360	3d4cd8a8c3179983a1244f367c6c8108a358186d4b802d84151fa3c175a1ffd9	token_vazio_declared,cosmology_validation_marker
docs/RLL_PROGRESS_VALUE_MATRIX.md	3862	.md	documentation_md	72	4535fe467c6a31d245f9d144bf4e6dd356718622cf20e41d35685d08589307e3	token_vazio_declared,cosmology_validation_marker
docs/RLL_PR_TRACE_PLASMA_GRAVITY_MAGNETIC_VECTOR_REVIEW.md	8146	.md	documentation_md	242	6e411c513bb1ca3be862e3546a3fca1c94b976ab097cf8ad7a5c4d52d82b2eed	token_vazio_declared,cosmology_validation_marker
docs/RLL_QCD_S_SECTOR_PRIMORDIAL_BOUND.md	4975	.md	documentation_md	139	1ef60949fe16bbf08dbaa31a6bc2eb58bb18cba10abe78561a639af82876a516	token_vazio_declared,cosmology_validation_marker
docs/RLL_RECENT_PAPER_CONVERGENCE_REVIEW_2026.md	10662	.md	documentation_md	373	d4c6e9a01d59fc3ef46f4eb865956b199ed5d5f37d6ab3e6ce00c1760103c10d	token_vazio_declared,cosmology_validation_marker
docs/RLL_RESPONSE_MEDIUM_EQUATIONS.md	12495	.md	documentation_md	418	b602fdf64001c6ec70d0b3f414d106a6d69e5ce16a2bd4414629a546f608bc25	mentions_mock_or_placeholder,cosmology_validation_marker
docs/RLL_RISK_REGISTER.md	5002	.md	documentation_md	121	c13e93cd547022035a95f7e0564956ae568161cb11a5b837ad7fa4ccc352d1a1	mentions_synthetic,token_vazio_declared,cosmology_validation_marker
docs/RLL_ROBUST_FIT_CHECKLIST.md	6393	.md	documentation_md	232	0066501bcf4b662066eff2ce3a8bb42f781bf5dc197e1833cf0f3b2b39db8614	mentions_synthetic,token_vazio_declared,cosmology_validation_marker
docs/RLL_SESSION_EVOLUTION_ATLAS_20260827.md	3559	.md	documentation_md	78	65effcb765e6bffe961720a48d0f869b94d5c3c724cd7764f55b161c77f6a418	token_vazio_declared,cosmology_validation_marker
docs/RLL_STATISTICAL_FINANCIAL_METRICS.md	1556	.md	documentation_md	97	6dd5e1c79adb5fd4820a2b376d16fb2f7a99bf6e3b34065572dc25c48b434c79	cosmology_validation_marker
docs/RLL_STRUCTURAL_DISADVANTAGE_MAP.md	7682	.md	documentation_md	173	794c5f953f57f12f966ae93e85c6fad7d2a9a93c333022bd4640dc497c8fbb37	token_vazio_declared,cosmology_validation_marker
docs/RLL_SUPPLEMENT_PACKAGE_MAP.md	4953	.md	documentation_md	151	9be80cbe9caae7ceb2c30fad975cbb65b62ca06c338600c2d744c86ce2c9bdef	mentions_synthetic,token_vazio_declared,cosmology_validation_marker
docs/RLL_TOROIDAL_TRANSPORT_LAYER.md	380	.md	documentation_md	12	8540cdb1daee165fe22ef512a3a014e9cafc9f2cb5a9743359ec1d47e72a0780	cosmology_validation_marker
docs/RLL_TRACEABILITY_MAP.md	8049	.md	documentation_md	149	8cde1caf78bd5cbb165cf7d8a88268b7c46b11ffa047da2b3ec314ea7a3582d2	token_vazio_declared,cosmology_validation_marker
docs/RLL_V1_IMAGE_CSV_PROVENANCE.md	3677	.md	documentation_md	124	6d747fae6a03fa328344d00bd967dfe87b5b3167ffa5ebfc58c723e6813e187d	token_vazio_declared,cosmology_validation_marker
docs/RLL_V1_TAG_ANCESTRALITY_AUDIT.md	5271	.md	documentation_md	148	2b6d624d19d9bfca88447d4152bf1303a622b59d40db38f0ec98dd32d59dad18	token_vazio_declared,cosmology_validation_marker
docs/RLL_VS_CPL_DIAGNOSTIC.md	6837	.md	documentation_md	133	e0ca4a2911c65118b9ce04ddd2408ef6ee757de3c571e405e6eb40fd062f56cd	token_vazio_declared,cosmology_validation_marker
docs/RLL_W0WA_IMPLEMENTATION_LEDGER.md	1116	.md	documentation_md	32	6e2b8bbd89d698b810897738e9deca9fe568a9c9950a5225c27e77a09bee3334	token_vazio_declared,cosmology_validation_marker
docs/ROADMAP_VALIDACAO.md	3869	.md	documentation_md	125	d1e974f6c5a903bb143dd93a14a5f60dd422b2755732ed4a230bde319d39a238	mentions_synthetic,cosmology_validation_marker
docs/RelativityLivingLight_arXiv.pdf	2740	.pdf	other	0	e1bc3ff4e6f4f361cfa9f79ed2a42f04572fc6b6cdc5c8af496f44644356888a	cosmology_validation_marker
docs/RelativityLivingLight_arXiv.tex	3077	.tex	other	0	77fd2a584ee282b36894f1c319e14e3696beccd41b3276ce54255678a2f51144	cosmology_validation_marker
docs/Relativity_Living_Light.md	2498	.md	documentation_md	47	3ac2e9b590d3b7732cac6086d75688e8ca54f32b2d8bbcbe0e6eef89c6ba5ab4	cosmology_validation_marker
docs/Results.md	1624	.md	documentation_md	44	33f50c0608ec745f1a37a24eb6829c092c49ef55f01bb17d4faa25f4e30af342	mentions_synthetic,cosmology_validation_marker
docs/SUPREMO UNIFICADO.md	6129	.md	documentation_md	256	acea9d684146cb997cf802664d408419c640676e5b53d874f2d2cf3371eb366d	cosmology_validation_marker
docs/SYNTHETIC_VS_REAL_DATA_BOUNDARY.md	4594	.md	documentation_md	69	0920f256613d8a82b535240a2ee8ae64becdecab2f5ae689bb3fd0fc7617e8d8	mentions_synthetic,mentions_mock_or_placeholder,token_vazio_declared,cosmology_validation_marker
docs/TASK_UNICA_RLL_59_ITENS.csv	37175	.csv	data_or_result	60	67806f86b5a164e252a2dc11e77ae9b38b8a48d2e967d618b44ef4bbbe1af2d6	cosmology_validation_marker
docs/TASK_UNICA_RLL_59_ITENS.md	39599	.md	documentation_md	100	3a7e481bec5b5c578746bad7912ba758c39c9631746d84e192a93b6e174788df	mentions_mock_or_placeholder,cosmology_validation_marker
docs/THEORY_INVENTORY_AND_EXTENSIONS.md	8042	.md	documentation_md	283	eafb87df1accc420e510c0173797db4318e84138531828b9d1d20b275bb6c20b	cosmology_validation_marker
docs/TO_ADD_MIGRATION_STATUS.md	164	.md	documentation_md	8	17ee3c65356e039b6da0018bcba2d13e5e80dd526975aad908a9adae857a2350	cosmology_validation_marker
docs/VALIDATION_DATA_MATRIX_RLL_MCRP.md	4559	.md	documentation_md	180	ee13c68bf23e3ea8d65851471a3839d455d3b08d00cd0ebaef0a1de0289b0605	mentions_synthetic,cosmology_validation_marker
docs/VELOCIDADE_SOM.md	4057	.md	documentation_md	127	32e167faa456c1eaebc1e6e365c078735688dbc82202a3d320ed264c2dbe8376	cosmology_validation_marker
docs/ZIP_CONTENT_INDEX.md	8633	.md	documentation_md	177	6b8e25c1bc312fa0eb979e6ac8dd4737b0f1dbb511515eafb8c02e996aad3307	mentions_synthetic,mentions_mock_or_placeholder,cosmology_validation_marker
docs/android-build.md	3687	.md	documentation_md	83	0bcf2c2f9e90af2c5892b3d9dc6fc392de235dfacfb862c25baeff41e348698a	cosmology_validation_marker
docs/apendices/01_RECONSTRUCAO_POTENCIAL_RLL.md	1509	.md	documentation_md	35	58ad3ddc8aca75d74bde05405a88c31a993b6b3efbc0e9f94ece80f365894da6	cosmology_validation_marker
docs/apendices/02_ESTABILIDADE_PERTURBACOES_RLL.md	1070	.md	documentation_md	27	a84773dec23ac44aba3ff22337ea90ec6bbf1c669c311185ef917736a375c2ce	cosmology_validation_marker
docs/apendices/03_RESULTADOS_MCMC_RLL.md	2588	.md	documentation_md	51	7ad9ee76ed378db6d6b827acdb1c53920fd127c1a9240fcdb49a84667184bab8	cosmology_validation_marker
docs/architecture/30_SEVEN_DIRECTION_SEMANTIC_MATRIX.md	8890	.md	documentation_md	272	df29800616bce41f74957cd25a65e444bf1252d21ae248b93bfe03ee90fe89d9	token_vazio_declared,cosmology_validation_marker
docs/architecture/31_OMEGA7_OPERATIONAL_INVARIANT.md	5744	.md	documentation_md	204	46a67a58bfda5d50e134b59375ddb9b30a6482b3e56ec57cd409ad9445f3eadc	token_vazio_declared,cosmology_validation_marker
docs/architecture/32_RLL_OMEGA_ROUTE_FOREST.md	10941	.md	documentation_md	467	f7550b4d6fc7aa67088208df4eeb610fb6990fd4b0e578e9a494b6adedefc4db	cosmology_validation_marker
docs/architecture/33_FASE29_LEDGER_DIREITOS_FALSIFICADORES.md	5915	.md	documentation_md	243	d9da5c288dfc3e50f08bff5b62d9f8d5d192247a46279f5f9ac37591ff290d82	token_vazio_declared,cosmology_validation_marker
docs/architecture/34_FASE30_KNOWLEDGE_MATRIX.md	7496	.md	documentation_md	200	2b3b615badda25d57214e8daf337f9974e446ac6584788a14a7058f4b4bb21a6	token_vazio_declared,cosmology_validation_marker
docs/architecture/35_FASE31_UNIVERSAL_TAXONOMY_416.md	4899	.md	documentation_md	242	22b043956c540fc0577a272c4ad80eaff14db8a556b1e1b998622572bfe1cb40	token_vazio_declared,cosmology_validation_marker
docs/architecture/36_UTM185_EXPLICIT_VOID_MASK.md	1723	.md	documentation_md	60	f77336faf093a825e4f93feed7748146dee3d75f00acba6e2c44c176f02011c4	token_vazio_declared,cosmology_validation_marker
docs/architecture/ARCHITECTURE_ADOPTION_RECORD.md	784	.md	documentation_md	35	65ec3243490f654482d68a857ad9a5912aa0871c9f4e2d21cba836f22bc2dd63	cosmology_validation_marker
docs/architecture/ARCHITECTURE_CLAIM_GATED.md	5795	.md	documentation_md	232	3eaa9e548c469327cb78a3da40d58b57847038fcd28e9e7d46c6ee0e1284b022	token_vazio_declared,cosmology_validation_marker
docs/architecture/ARCHITECTURE_FREESTANDING_FLL_FRLL.md	3475	.md	documentation_md	138	7f35f4b06db2b8932d45eded82c82b85fd85d408b3da50e41be2b228e1cb6cb4	token_vazio_declared,cosmology_validation_marker
docs/architecture/README.md	213	.md	documentation_md	9	3d7b74da034913390fd9f0e0213813f6bbd0eb4dd0a0f130baac6a45ae6cf748	cosmology_validation_marker
docs/architecture/RLL_EDGE_SCIENCE_WATER_CHEM_BIO_OMEGA.md	13365	.md	documentation_md	467	0550ed8bf88556bea3e1803ca0fd88eca449d6d36f65eaad06bfb8bf05efe19e	token_vazio_declared,cosmology_validation_marker
docs/architecture/RLL_OMEGA_IMPLEMENTATION_STATUS.md	3163	.md	documentation_md	74	f3cd387769fff17f3ea13f29ae8233ff179efb9c55e0186c57a0fe9045a25388	mentions_synthetic,token_vazio_declared,cosmology_validation_marker
docs/architecture/RLL_OMEGA_OPPOSITION_ADAPTER.md	4907	.md	documentation_md	187	8ab10a6b79e24b450917af5db1ad47298c35371f2ba342956ab8dbb8922eb521	mentions_synthetic,token_vazio_declared,cosmology_validation_marker
docs/architecture/RLL_PHOTONIC_MATRIX_LOGISTICS.md	6607	.md	documentation_md	278	be5f52f159800abd1603fc9deeb3f4f66db15ef58d38bb8dca4b4abfc2f1cea2	token_vazio_declared,cosmology_validation_marker
docs/architecture/SESSION_KNOWLEDGE_OPERATING_SYSTEM.md	8300	.md	documentation_md	296	7f1609b4ecb96fb8923a11d21e000d0508a21936b79cf26d2c190afefbf9a107	token_vazio_declared,cosmology_validation_marker
docs/architecture/SESSION_UNIFIED_INTERACTION_20260716.md	5880	.md	documentation_md	204	2358a4827f3e4a0c37f1d73b6f33b45c4b75648a458dcbbf724436cb1001b5da	token_vazio_declared,cosmology_validation_marker
docs/archive/2026-07-09/REPO_SESSION_ARTIFACT_MAP_RAFAELIA.branch-573dd27.md	5840	.md	documentation_md	191	191dd3bb2f9afae6e4b7fe0338bba056327a8ba42271664a87b6f29cfe84bdd8	token_vazio_declared,cosmology_validation_marker
docs/audit/RLL_CHI2_SYMBOL_SOURCE_BINDING_20260906_V1.md	2390	.md	documentation_md	76	0dc3d11001731539eb7c45c2d003d841181574ec7080695a9789458bea74e160	token_vazio_declared,cosmology_validation_marker
docs/audits/CALC_DATA_GUARDED_INPUT_AUDIT.md	2918	.md	documentation_md	75	57e23bd9da5de8e3300a24831ffce0a5a8ff16f597c0a79e8382a7a2e2481e6d	mentions_synthetic,mentions_mock_or_placeholder,token_vazio_declared,cosmology_validation_marker
docs/audits/CLAIM_ALLOWED_GATE_IMPLEMENTATION.md	1430	.md	documentation_md	62	b0d9de468c18cc754caa5f45f88f38540c292de74445eef9d172e6caaa98e07d	cosmology_validation_marker
docs/audits/COHERENT_UPDATE_TEST.md	2901	.md	documentation_md	70	64bf0d9718435d2eb242e2b0c1416d290dd0690005d2aeecc4c72d96ff55479a	mentions_synthetic,mentions_mock_or_placeholder,cosmology_validation_marker
docs/audits/CROSS_REPO_RELATIONSHIP_REGISTRY.md	10205	.md	documentation_md	168	a2e68141068485b6bb6794672ba77bd9fa766d8c8ac62fcdf0d129d423240cc4	mentions_synthetic,token_vazio_declared,cosmology_validation_marker
docs/audits/EVOLUTIONARY_DATA_PIPELINE_NOTE.md	939	.md	documentation_md	45	5df966e5b9765c134e6a458555b1a49f8021ca58ca5464e7f02b829154aa9507	cosmology_validation_marker
docs/audits/EVOLUTION_WATCHER_IMPLEMENTATION_NOTE.md	3819	.md	documentation_md	79	3f7fb90d62c6364497a338d452d306c77e287fb0710e2d6f8149f1416eb177e1	token_vazio_declared,cosmology_validation_marker
docs/audits/FASE24_1_ARTIFACT_AUDIT_2026_07_31.md	8061	.md	documentation_md	125	5b9315d4f01758fe05d48a11641ea0e771f74862ad70fc64816496536695e928	token_vazio_declared,cosmology_validation_marker
docs/audits/FASE24_1_DETERMINISTIC_GATE_2026_07_18.md	10672	.md	documentation_md	324	6d184d65729475d74dc3f95e1f748bb6caa7208d1e7ab583a87c1688863699f6	token_vazio_declared,cosmology_validation_marker
docs/audits/GAIA_ZIPRAF_PRIVATE_ACADEMIC_CUSTODY_REGISTRY.md	4226	.md	documentation_md	94	451b8eaac912a5dfea5a76b7dcd7adb25f349e0541616ca90f64e2858cf393d3	token_vazio_declared,cosmology_validation_marker
docs/audits/LIVRO_VIVO_PACKET_CHAIN_FINAL_TRACEABILITY_20260716.md	9040	.md	documentation_md	334	a8f0f4ddb6700678ddfa3421cfa0fa2c6c40f373ad96e6eda19865426396ffac	token_vazio_declared,cosmology_validation_marker
docs/audits/MASTER_UNIFIED_DOCUMENTATION_COHERENCE_REVIEW.md	4052	.md	documentation_md	154	967da1570523cac479ec66950dd4cca3f99fe58e51cfc3f0d249a79329609928	mentions_synthetic,token_vazio_declared,cosmology_validation_marker
docs/audits/MODEL_COMPARISON_SCHEMA_BRIDGE.md	1092	.md	documentation_md	53	9109346547145c80c6b456867c38f18e070f771cfefb7224a664c09bf813df91	mentions_synthetic,mentions_mock_or_placeholder,token_vazio_declared,cosmology_validation_marker
docs/audits/RAFAELIA_DRIVE_SEMANTIC_NAVIGATION_LAYER.md	3669	.md	documentation_md	149	22cec391b9aba4b8d16b1e145891c73a7e23209ce50aa66610fa78216114b218	token_vazio_declared,cosmology_validation_marker
docs/audits/RAFAELIA_MASTER_LEDGER.csv	4768	.csv	data_or_result	27	088dc614b3ea3d1d22dedba5e4e5b3ae1466e39bc4a06c63c4c7dd4c1b23b272	mentions_synthetic,token_vazio_declared,cosmology_validation_marker
docs/audits/README.md	1097	.md	documentation_md	49	d7147146687ee6d208cf20931ec348f5436573cc873a6bc33d6009d86c042527	mentions_synthetic,mentions_mock_or_placeholder,cosmology_validation_marker
docs/audits/RLL_CLAIM_AUTHORITY_EXPORT.json	4235	.json	data_or_result	114	3e2b0df9102ecabb6a18c4be545a798eda04fa136ccefc0ab1178c74011d932c	mentions_synthetic,token_vazio_declared,cosmology_validation_marker
docs/audits/RLL_CLAIM_AUTHORITY_EXPORT_AUDIT_2026-07-17.md	2275	.md	documentation_md	64	a5f1772387d1b2d8280f30041d21b4434e8bc94b11dbd51e9e0dadf92192b602	cosmology_validation_marker
docs/audits/RLL_CLEAR_STATE_OVERLOOKED_OBVIOUS_2026-07-02.md	10742	.md	documentation_md	359	9627950e2b76b82d651004b65b8f783ed52639d3c38fb5d8aee2aba9aff277d7	cosmology_validation_marker
docs/audits/RLL_COHERENT_UPDATE_2026-07-02.md	2877	.md	documentation_md	103	20c4b2050fe4e28d8a05b9a12ca1fa38cfa53fc184ebcb38e7ccfc129d317801	mentions_synthetic,mentions_mock_or_placeholder,cosmology_validation_marker
docs/audits/RLL_CROSS_REPO_ENTRELACE_SURGERY_20260716.md	5631	.md	documentation_md	149	190c78778ac54a8fcbe8d30259c04550e09875b6fafbeaab14ac141f71bf17df	token_vazio_declared,cosmology_validation_marker
docs/audits/RLL_VALUE_GAP_CLOSURE_20260906.md	13998	.md	documentation_md	513	b1063433fb3b2bc753cb6d28ec0c3b57baca42537746ffa718d4277380a4fc06	token_vazio_declared,cosmology_validation_marker
docs/audits/SESSION_REALITY_SCIENCE_AUDIT_20260716.md	9179	.md	documentation_md	146	970a7e9f37b6275a69b026d260bdec11538df62181770b3b25d5829ad9a78a53	mentions_synthetic,token_vazio_declared,cosmology_validation_marker
docs/audits/SESSION_REALITY_SCIENCE_FINAL_TRACEABILITY_20260716.md	9206	.md	documentation_md	224	5f8bcf7c6333e3632e8c32f3d626d15c4a47cc52ef939ea266e3e614a5dde40b	token_vazio_declared,cosmology_validation_marker
docs/audits/STRUCTURE_D_ROBUST_FIT_FAILOVER_WATCHDOG.md	1992	.md	documentation_md	88	62ff865d6d6ec640a64c5d12c84a426def36c6325354c3095c927e170e6ce361	cosmology_validation_marker
docs/audits/TO_ADD_BROKEN_LINKS_BACKLOG.md	4150	.md	documentation_md	112	1ea659d61ee7c9e2e1bc202909038abbe281f0069091527a82b922ce36e5f3e1	mentions_mock_or_placeholder,token_vazio_declared,cosmology_validation_marker
docs/audits/TO_ADD_HISTORICAL_AUDIT_REPORT.md	3614	.md	documentation_md	114	20a68d33978229f4fe8be34130f76b519fc37182f9f7f9e168690ce03cfadae3	mentions_synthetic,cosmology_validation_marker
docs/audits/WHITEHEAD_RUSSELL_FACTOR11_IMPLEMENTATION_20260725.md	3434	.md	documentation_md	76	707248ec6a0fc0a27a2fdf60b3e79170f30e30b06f891e92f5321150d6d52c58	token_vazio_declared,cosmology_validation_marker
docs/canonical/2026-07-27/RLL_CANONICAL_REGION_FREESTANDING_V1.md	4274	.md	documentation_md	122	a45c803b0ac0ce5b5dd148688be35b6b655f34097ded697db74b802802041015	token_vazio_declared,cosmology_validation_marker
docs/canonical/RLL_CANONICAL_FREESTANDING_KERNEL.md	4322	.md	documentation_md	119	027e151f6f366e348506072a9a4a3403d824236342aedf9848585009679e9c33	token_vazio_declared,cosmology_validation_marker
docs/canonicos/00_COMO_LER.md	13031	.md	documentation_md	378	fd63bbcc76f575be6d9d4be63048c3e81d86272939bc9675527336cf71ddff45	cosmology_validation_marker
docs/canonicos/06_COMPARACOES_DETALHADAS.md	25168	.md	documentation_md	913	d3203d642bc9900aa4b5a818d13b9db9d4bede9315628bfe5a5ad5e90b1fa619	cosmology_validation_marker
docs/canonicos/09_GLOSSARIO_COMPLETO.md	14072	.md	documentation_md	455	35b68c60cc999dc629ab7a44fc5b457c2d06723e81dbadf9a3cded1c05e64001	cosmology_validation_marker
docs/canonicos/10_FAQ_COMPLETO.md	17028	.md	documentation_md	647	e78571b8422da87277fd4a227f48ab0d84739268194d63079283f3cf831447f3	cosmology_validation_marker
docs/canonicos/11_DOCUMENTO_PRIORIDADE.md	17735	.md	documentation_md	554	4292335e4f09609c1787cf98879ad9d2bbbd7715359fc59309e7984b223d3ca7	cosmology_validation_marker
docs/canonicos/12_DOCUMENTO_CANONICO_RLL_PREPRINT_PTBR.md	19096	.md	documentation_md	373	6449f739bd69599f3eb510e57951e8f8996154ee658e65636cf20b5d97c1971d	cosmology_validation_marker
docs/canonicos/13_EPISTEMOLOGIA_RAFAELIA_RLL.md	2094	.md	documentation_md	58	5b39978408e63d97c2012dcaed42dee0d6d6dd71be538f591adbeec19303bee2	cosmology_validation_marker
docs/canonicos/14_MODELO_COSMOLOGICO_RLL.md	3512	.md	documentation_md	135	aa19292c816666ca85df5c990c3a25373e3ef17e44f159efdff4342f5dcca75f	cosmology_validation_marker
docs/canonicos/15_DADOS_EXTERNOS_REAIS_RLL.md	2349	.md	documentation_md	72	c3ad55f2b89ab8488df1950e6f4f534fda59ded9641153fefbbd7c3172ce6960	cosmology_validation_marker
docs/canonicos/16_PIPELINE_VALIDACAO_RLL.md	6091	.md	documentation_md	223	c23924657b83c094bf7d4ef06a38584753e43d6c64d403bd1df2dab5d2295d2b	token_vazio_declared,cosmology_validation_marker
docs/canonicos/17_ONDA_VERBO_FISICA_NEURO_LINGUAGEM.md	2753	.md	documentation_md	81	3b64e3acf7435af0dcbd25e40974b4829a33123a7a5e8dd965252dcd8d604434	cosmology_validation_marker
docs/canonicos/18_ORQUESTRADOR_ASCII_UTF_RAFAELIA.md	1863	.md	documentation_md	58	6c50e29fd0f8ad277b24e7ce76df20207b3b51183488eef9f24b9f7c45e6beb9	token_vazio_declared,cosmology_validation_marker
docs/canonicos/19_ROADMAP_FALSIFICADORES_RLL.md	8763	.md	documentation_md	184	c6b5871907c9551bdc49dda890aadba05cf65aabbf19fac3754645b7ae8813b3	mentions_synthetic,mentions_mock_or_placeholder,token_vazio_declared,cosmology_validation_marker
docs/canonicos/20_CHECKLIST_PUBLICACAO_RAFAELIA_RLL.md	4807	.md	documentation_md	104	06e7378ef7d621bcce08bad91f62cf4086798c4ec43d906c12f15b1caadabdaf	token_vazio_declared,cosmology_validation_marker
docs/canonicos/21_LIMITE_NULO_AION_E_CANCELAMENTO_DIFERENCIAL_RLL.md	752	.md	documentation_md	30	19c78ef15b306574defdd08eafc948f254e0724e1d7fb3b79dbde939f710ca5d	cosmology_validation_marker
docs/canonicos/21_MODELO_VETORIAL_INFORMACIONAL.md	40841	.md	documentation_md	721	28ebef89a7a2efb1eaa0b3847899cb51ef8ec9b3ef9924ded4908b548da5eafa	token_vazio_declared,cosmology_validation_marker
docs/canonicos/22_LIMITE_NULO_AION_E_CANCELAMENTO_DIFERENCIAL_RLL.md	6399	.md	documentation_md	181	561b8243ba24d1a9e754fcb1e0b8b30c456deec02487f7730095509a6115a6c9	cosmology_validation_marker
docs/canonicos/23_LOBO_DETECCAO_IMPERFEITA_E_ESTADOS_DE_PROVA.md	8267	.md	documentation_md	45	4d06e23df938ef92dd161b70c016b49a6d3ac1a0e7bcf0199074228eb0b67b10	token_vazio_declared,cosmology_validation_marker
docs/canonicos/24_CALCULO_RELACIONAL_DERIVADAS_ANTIDERIVADAS_INVERSAS_RLL.md	8763	.md	documentation_md	464	3c28ec49a519d3dd396fd20ffb86cdd18f40915b0201c84e29d0e9c7477418b7	token_vazio_declared,cosmology_validation_marker
docs/canonicos/24_FLL_FRLL_FORENSICA_MULTIESCALA_DE_IMAGENS.md	8628	.md	documentation_md	319	907b428bbb13133fa4418aae50a0543abfe2b47dffa998cb08930d2d2c3d0336	mentions_synthetic,token_vazio_declared,cosmology_validation_marker
docs/canonicos/24_PONTE_FORMAL_FISICA_RAFPOLIMATA.md	8853	.md	documentation_md	304	dfaa574cf2c281a7523556ee14659bbc27b9a9a88a5b73a3d376cc73b24ca481	token_vazio_declared,cosmology_validation_marker
docs/canonicos/24_RAFAELIA_MASTER_SPEC.md	5983	.md	documentation_md	230	ac3601f9dc8e41aacf33da8f49c9c00af3cf7238b8ba0f4877eeb04362ff1573	token_vazio_declared,cosmology_validation_marker
docs/canonicos/25_CCD_CURVO_RETINA_PETZVAL_E_FOCO.md	2949	.md	documentation_md	110	ee7bac841870ade9711b7326c75fccb94a45afe98164de4774fbccfaa8918fec	cosmology_validation_marker
docs/canonicos/25_RAFAELIA_VOCABULARIO_CANONICO.md	3977	.md	documentation_md	82	10d0c7ce3889ca831d5cefba3fbc573e8b22d087f21e5c69c7f813b5ecba1b9e	token_vazio_declared,cosmology_validation_marker
docs/canonicos/26_ANCORAGEM_RELACIONAL_FALA_ACENTO_E_CONHECIMENTO.md	3481	.md	documentation_md	141	86c454d25f083a03b60eebd4d33d86ec6a24e0315dc93751753ef1ad8a4dd673	token_vazio_declared,cosmology_validation_marker
docs/canonicos/27_PARABOLAS_FABULAS_MITOS_METODOLOGIA.md	8977	.md	documentation_md	375	e17ae59bf3c114a7299ed9306b89c7a6fc383fa7ac93c0d24bdb774db55f9b96	cosmology_validation_marker
docs/canonicos/27_RAFMEDIA_EXECUCAO_CI_E_CRITERIOS_DE_FECHAMENTO.md	3346	.md	documentation_md	130	b6867d9c19bf2cd966c61877a064721ef81cc513eb9406a9fabe513902057eed	token_vazio_declared,cosmology_validation_marker
docs/canonicos/28_HYPERFORMAS_42_SIMETRIA_6x7_E_FALSIFICABILIDADE.md	3851	.md	documentation_md	154	ebfc3346152140fab0e48b1ea3dc1f745236a95fa8acfc99723e8fe9bef607ca	token_vazio_declared,cosmology_validation_marker
docs/canonicos/28_TOKENIZACAO_SEMANTICA_GOVERNANCA_DADOS.md	8964	.md	documentation_md	352	4444bec4ea22a6b26e036c2cbc38edd4fd822e6ada5ce51cf96d3ea2fd35892e	token_vazio_declared,cosmology_validation_marker
docs/canonicos/29_MATRIZ_DERIVACOES_HEURISTICAS_VAZIO_VERBO_RLL.md	13098	.md	documentation_md	328	e5d0ac93f1a630dbd39d0e01e92f84bf049efb4c1947304f1dd2149591ff66f9	mentions_synthetic,token_vazio_declared,cosmology_validation_marker
docs/canonicos/31_HAJA_FALSIFICABILIDADE_TOKEN_VAZIO_PARABOLAS.md	10721	.md	documentation_md	397	e4f49b7ce1bd7dfa802d86e0d13a574b0f43041651472db7eda8b14bf986964e	token_vazio_declared,cosmology_validation_marker
docs/canonicos/31_PERCEPCAO_MEMORIA_INTEGRACAO_MULTISSENSORIAL.md	16322	.md	documentation_md	609	8b5f3858fa557111d8b58055181dd43cdc67c83c3b2a7f025e18708086988381	token_vazio_declared,cosmology_validation_marker
docs/canonicos/32_OBSERVATORIO_AMBIENTAL_DISTRIBUIDO_TELEFONES.md	11915	.md	documentation_md	460	038eb1d097cc8a70be5ef3ef0cc9b402e44e037f4d1f74515495f4b89bd3d03d	token_vazio_declared,cosmology_validation_marker
docs/canonicos/33_RMRCTI_OMEGA_DELTA_P_STABILITY.md	8084	.md	documentation_md	311	83f469ef46a78b608f980f89dc3cd337a79c204f787f14713a412ab745109562	mentions_synthetic,token_vazio_declared,cosmology_validation_marker
docs/canonicos/BIBLIA_CONHECIMENTO_RAFAELIA_RLL.md	17931	.md	documentation_md	410	5f4ad6734b3e6b38503541ef1af599b7149764cdeed2f093bf645cadd292450c	token_vazio_declared,cosmology_validation_marker
docs/canonicos/CONVENCOES_GLOBAIS_RLL.md	2108	.md	documentation_md	72	1bab9630f55720899d11d4c9270f09935ceef57a4e4ac3c9b4a684fb6f7aa80f	cosmology_validation_marker
docs/canonicos/FRAMEWORK_RESUMO_CANONICO.md	1411	.md	documentation_md	36	bf433be60f40989ed99f63bdbc7ba9b2c0a1f51ab1b102fbcb1fbc811ba36a19	cosmology_validation_marker
docs/canonicos/INTEGRACAO_3_UNIVERSOS_RAFAELIA.md	27985	.md	documentation_md	561	d7a3b3d77b299179c9b4438d922bc180321733e4f8e8aa18a3148dd42f29db80	token_vazio_declared,cosmology_validation_marker
docs/canonicos/JUSTIFICATIVA_PARAMETROS_RLL.md	8953	.md	documentation_md	168	07129b90fca4f85c04a9986570d80a1323a8ccfba027394bacc33a950c7cad4c	token_vazio_declared,cosmology_validation_marker
docs/canonicos/MATRIZ_EVIDENCIAS_EVENTOS_RAROS_V1.md	3743	.md	documentation_md	66	3f53ead3f68ece76b60c5b8c8f48101ac570921a0acbe3cdb6af2145e92d3658	token_vazio_declared,cosmology_validation_marker
docs/canonicos/METODOLOGIA_COERENTE_RLL.md	12311	.md	documentation_md	285	98400748422125f6a50e13535fce9af4566b6935e7de8918869081c21ee5b069	mentions_synthetic,token_vazio_declared,cosmology_validation_marker
docs/canonicos/PODE_CONVERGENCIAS_COSMOLOGIA_RLL.md	34645	.md	documentation_md	572	81536e4d5f462addecd74a2fbdf1a70ab26ea1bb2be3d5d346b0c5ff0b17ae17	token_vazio_declared,cosmology_validation_marker
docs/canonicos/PREDICAO_DATADA_RLL.md	7667	.md	documentation_md	152	77eeb242e17ccd32a4639af924ec11cbcae3c73709c0b26917169f226da1c4a8	token_vazio_declared,cosmology_validation_marker
docs/canonicos/PROTOCOLO_EVENTOS_RAROS_EVIDENCIA_V1.md	3485	.md	documentation_md	108	442b96c7e694112e1cdc6d8e9009c9ac4634fe84a51f96387e3dc44a60f33c4a	token_vazio_declared,cosmology_validation_marker
docs/canonicos/WEFF_INCOMPATIBILIDADE_RLL_CPL.md	14345	.md	documentation_md	300	005fcbedc06bdec86312912526d0deef61fb7f5b60dfebc743e0fa8a4e9f2102	token_vazio_declared,cosmology_validation_marker
docs/cases/AMAS_SOUTH_ATLANTIC_MAGNETIC_ANOMALY_RLL.md	2754	.md	documentation_md	58	889bc677eae46a20ba9bf4a2720c8f71ef684e9138ea6a07b44584aa6b36f135	mentions_synthetic,cosmology_validation_marker
docs/cases/LVK_GW190728_DARK_SECTOR_RLL.md	5669	.md	documentation_md	159	d231c480df570c6b8789076bfdc83b45ec607ee020072e210a6d807d3cdf8f93	mentions_synthetic,cosmology_validation_marker
docs/cases/OBSERVATIONAL_ASTROPHYSICAL_CASES_INDEX.md	3290	.md	documentation_md	52	c4ecc459823a89119b56448e033b3e1f5c572e415d451e63d78d02da1ff60044	cosmology_validation_marker
docs/cases/RLL_DARK_LENSING_NODE.md	6973	.md	documentation_md	259	2c3e73fc327cc27d1a1db9e6cda239f85cf71ca00df386e7b0b6a215d5d994ff	cosmology_validation_marker
docs/cases/RLL_DARK_LENSING_NODE_MIN.md	189	.md	documentation_md	7	38f628e5d0ddf31d6b787d49be09dccb36e9631313088a3eb06bdde08747ce7d	cosmology_validation_marker
docs/cases/SN2017egm_SUPERLUMINOUS_SUPERNOVA_MAGNETAR_ENGINE_RLL.md	6675	.md	documentation_md	113	03c9f1bdce0e8996cfe535ab557a89cffbcf47483e0e3b90d5c1d46324a62432	mentions_synthetic,cosmology_validation_marker
docs/ciencia_README_snippet.md	1402	.md	documentation_md	28	59898e97e00e4d77074b519bd9931c7dd24c741ce23756034ad009dc16256823	cosmology_validation_marker
docs/codex/CODEX_ACADEMIC_CORRELATION_IMPLEMENTATION_PLAN.md	3882	.md	documentation_md	193	2acf19b5c44ae9c765d5fb58158574c3e894f2fc5a90c74d4e50cb64b2f9359b	token_vazio_declared,cosmology_validation_marker
docs/complementary_studies/GIZA_ISOSCELES_GEODESIC_GATES_20260906_V1.md	10320	.md	documentation_md	506	1431d1081179d7fd5c28f32ccf53bf17853332b69767089a44f4f04ff7ed5e2b	token_vazio_declared,cosmology_validation_marker
docs/complementary_studies/README.md	137	.md	documentation_md	3	cf7a14d791502d3322ee0e7997d5efc78aceb957cb886a45c37fb67bfffc310f	cosmology_validation_marker
docs/complementary_studies/transcultural_mechanics_language/EDITORIAL_SAFETY_GATE.md	1930	.md	documentation_md	83	9e218829878f19f12c6de41d899fe2024b9381ddf63b91c0010c07e04dd2e48a	cosmology_validation_marker
docs/complementary_studies/transcultural_mechanics_language/POST_CREDITS_BRIDGE.md	2257	.md	documentation_md	69	534813d16a298ed79df9b5dc3166ee286b40f17f89ef243dda730905a2b3f2b9	cosmology_validation_marker
docs/complementary_studies/transcultural_mechanics_language/PREFACE_FRAGMENT.md	8912	.md	documentation_md	240	d6a6f8a19aa457ef495147c424e56f90032334cbc91964e9bfb1de681077f7f0	cosmology_validation_marker
docs/complementary_studies/transcultural_mechanics_language/README.md	1340	.md	documentation_md	29	f758006e1574463b7b972ffd62eee82eefed1fb2e9cf1f5d675c775d8ad50c2f	cosmology_validation_marker
docs/contracts/context_bundle.schema.json	722	.json	data_or_result	22	db9e34441477de4cbfaefc12e5dba14fd3b7d2d6ddb9fd76889fbef86112c953	cosmology_validation_marker
docs/contracts/conversation_chunk.schema.json	783	.json	data_or_result	17	21fbd1fca6c8a35c958c22e8ba3c8d658e52d8c1d8464017f7e566dd8b522bb0	cosmology_validation_marker
docs/contracts/execution_plan.schema.json	1172	.json	data_or_result	31	7b1cf10fd10a8abc5998c5110d6a9fae56d129a78bc49675befa44b4b86253ab	cosmology_validation_marker
docs/contracts/execution_result.schema.json	2083	.json	data_or_result	57	4a74ea3247f613f1129ae22bb1f4db501c59c0a0b7b7eaa40420b4f703a03f48	cosmology_validation_marker
docs/contracts/intent_ir.schema.json	1096	.json	data_or_result	31	c2d487701596e2020271fa858d9bedb9333b2aed26865fd8e0ad034cb649dc09	cosmology_validation_marker
docs/contracts/tool_request.schema.json	845	.json	data_or_result	23	97c6ea9a6cee6cc2f69a19e532911fd958a45d2c387a2956c1578f6267b9643c	cosmology_validation_marker
docs/contratos/CONTRATO_FALSIFICABILIDADE_BAGUA_T7.md	7504	.md	documentation_md	224	95eb3ca704f1c5ec48acf5d3780f46d2552ce4729553c12ffcb0a660a520c9ef	token_vazio_declared,cosmology_validation_marker
docs/cosmology/DESI_50_HYPOTHESIS_INTAKE_20260815.md	7346	.md	documentation_md	166	c9aa85aabc6c47af29fc13c9b62e367a1e4fe18c1d91cbf68690e109785c4d3a	mentions_synthetic,mentions_mock_or_placeholder,token_vazio_declared,cosmology_validation_marker
docs/cosmology/HYPOTHESIS_INSTABILITY_ORCHESTRATOR_V1.md	4777	.md	documentation_md	174	4a71fbfbf3b98a2da00779059080c29cbdb33c59d2b01af631a96305209ccf5a	token_vazio_declared,cosmology_validation_marker
docs/cosmology/LATE_TIME_CASCADE_OBSERVABLES_V1.md	6514	.md	documentation_md	156	a5ca0077a30c1e56780bb0b8051a282e1a58a3ec02196907b6444b1f47948cbb	mentions_synthetic,mentions_mock_or_placeholder,token_vazio_declared,cosmology_validation_marker
docs/cosmology/RLL_24_FORMULA_TEST_MATRIX_20260815.md	5936	.md	documentation_md	124	73c07baa743fb9adcb49f680ac2b466eb95ef2aa5db2903d4d6314df9bb7efc6	mentions_synthetic,mentions_mock_or_placeholder,token_vazio_declared,cosmology_validation_marker
docs/cosmology/RLL_GAP_CLOSURE_SUCCESSOR_HYPOTHESES_20260827.md	13047	.md	documentation_md	408	4dc3d9d9f8a9c1088bc473533674d98a1cd0f36d2416e50ec5f39bdae99d91ae	token_vazio_declared,cosmology_validation_marker
docs/cosmology/RLL_RECENT_DATA_CROSSWALK_20260828.md	5718	.md	documentation_md	126	e9f6ac5ab0f5ec06c87fb9886a2040bc0797366fdb5a45e83a6926a875b58ce8	mentions_mock_or_placeholder,token_vazio_declared,cosmology_validation_marker
docs/crescimento_estrutural.py	7345	.py	source_code	208	af1e3ff7ec3a99c85d3647505083802a9022935b95c4c9d12a8e4e724e4cb16f	mentions_synthetic,cosmology_validation_marker
docs/cronologia-auditoria/01_AUDITORIA_EXECUTIVA_RLL.md	7607	.md	documentation_md	188	0f4a5d94b8d98c8d4c7447f1ed37ccffc3505b4d1b88a00161d7e4eff915c00c	token_vazio_declared,cosmology_validation_marker
docs/cronologia-auditoria/02_CRONOLOGIA_DETALHADA.md	7902	.md	documentation_md	246	6a8b537cd56f70f231ade3508c4ae2f84774dc4bb07dcee366e4d69837d0d779	token_vazio_declared,cosmology_validation_marker
docs/cronologia-auditoria/03_AUDITORIA_TECNICA_PRIMEIRA_ORDEM.md	9130	.md	documentation_md	305	13ceb494978822fd475a6e97e62016b230ccc2e5ec889e004f33b8907b312714	token_vazio_declared,cosmology_validation_marker
docs/cronologia-auditoria/04_REPRODUTIBILIDADE_NOTEBOOKS.md	10322	.md	documentation_md	292	24860100eef6318657aa42d34d900404ad4290468597b5ba4109e71052bcdeba	token_vazio_declared,cosmology_validation_marker
docs/cronologia-auditoria/05_BALIZAMENTO_EPISTEMOLOGICO.md	4359	.md	documentation_md	141	9016997f0935b9e695655c70b0c7fae56f98568425b0fefea33bcb112097b3d2	token_vazio_declared,cosmology_validation_marker
docs/cronologia-auditoria/06_TOKEN_VAZIO_PRIORITY_LEDGER.md	21834	.md	documentation_md	530	f7cd1123876d51907adbf1fe1018fdb7d1181332bd9fde0d22b90cdd4e354eea	token_vazio_declared,cosmology_validation_marker
docs/cronologia-auditoria/07_CORRECAO_CRONOLOGIA_DESI.md	4847	.md	documentation_md	129	73b80fc9be5a418068aefe90e646ea5f8209fb57d3f4d55609c70074bd4714b6	token_vazio_declared,cosmology_validation_marker
docs/cronologia-auditoria/08_ARVORE_CONCEITUAL_RLL.md	19213	.md	documentation_md	397	649f74f18c6c9a14232fe67641cdd8740593fad377fcbda050e1fcc6927505f2	token_vazio_declared,cosmology_validation_marker
docs/cronologia-auditoria/09_PANTHEON_RESULTADO_REAL.md	5609	.md	documentation_md	144	ff1c0ad6d57a52b8218c24902d5bc5621339cfe1a30390802447a933282193ef	token_vazio_declared,cosmology_validation_marker
docs/cronologia-auditoria/10_PIPELINE_VALIDACAO_CIENTIFICA.md	9132	.md	documentation_md	237	24d1b2b18af80dccc618c2b4aaed71e62f7c6812bf83a0933a53f2114887086b	mentions_synthetic,token_vazio_declared,cosmology_validation_marker
docs/cronologia-auditoria/11_AUDIT_FINAL_STATUS.md	14920	.md	documentation_md	262	a1aaa927c18021ecb607cec28f30c468b4bac06d198ab282c5589f757a04a68d	token_vazio_declared,cosmology_validation_marker
docs/cronologia-auditoria/12_RAFAELIA_OMEGA_MASTER_ARCHITECTURE.md	8821	.md	documentation_md	402	f23c26540a05c881fd40dc6a109d5a29a4a82d415793013248254db9b9937040	token_vazio_declared,cosmology_validation_marker
docs/cronologia-auditoria/13_OMEGA_SCHEMAS_REFERENCE.md	6503	.md	documentation_md	185	a3d31eccaf0bbb13126adb05b34cee28c41353efa90c0e888bc24e97f97c7c51	token_vazio_declared,cosmology_validation_marker
docs/cronologia-auditoria/14_ZT_SCAN_RESULTADO_REAL.md	5615	.md	documentation_md	121	b82be0d351ead2dd02a1e95c44fe688eaa48e3e81a8edd5c6b24c745ef9e4f61	token_vazio_declared,cosmology_validation_marker
docs/cronologia-auditoria/15_PARAMETRIZACAO_COERENTE_RLL.md	7421	.md	documentation_md	173	be2af9ba6678d845976a5548b28638ec93305e6ab2833b52b730649f9049d319	token_vazio_declared,cosmology_validation_marker
docs/cronologia-auditoria/16_ANALISE_COMPLETA_RLL.md	11799	.md	documentation_md	258	b221011b384947b17ca438f4728d2ad37a00effe5bc45d8470d47bd079fe69e3	token_vazio_declared,cosmology_validation_marker
docs/cronologia-auditoria/17_FASE18_HORIZONTE_SONORO_CORRIGIDO.md	9764	.md	documentation_md	258	ac5702031cf7cbd7af031b61f0dc0f5a74fd2a8a59df326a4c4f44e94681bbdd	token_vazio_declared,cosmology_validation_marker
docs/cronologia-auditoria/18_FASE19_RD_CALIBRADO.md	8569	.md	documentation_md	209	06ddb9e88327d3aa582a00052fb2bb71db3f59085e7c6454402761a13698ba50	token_vazio_declared,cosmology_validation_marker
docs/cronologia-auditoria/19_FASE20_MCMC_BAYES_FACTOR.md	6655	.md	documentation_md	195	14d12e1a9bd716e928d834306e5b3455120a811aceeb8d0416ca63d1ab4b856f	token_vazio_declared,cosmology_validation_marker
docs/cronologia-auditoria/20_GRAFO_SESSAO_FASE17_20.md	12122	.md	documentation_md	216	ff4fa1eba49ac5ebce29834aa145fcbfc8408020e1ac3e0a19c2f65fe36c7477	token_vazio_declared,cosmology_validation_marker
docs/cronologia-auditoria/21_FASE22_G4_EH_BIAS_GRID.md	4860	.md	documentation_md	150	239ec32f5de8090ce5d5db1b04d2847d2e76d247d932ef663c8a4474253b8ab7	token_vazio_declared,cosmology_validation_marker
docs/cronologia-auditoria/CONTRATO_FALSIFICADORES_RLL.md	2323	.md	documentation_md	49	80e7c4ec4685ca0970ba3c03101ba1f4692f79add9c75bc84bc3a8ebaca82d0a	token_vazio_declared,cosmology_validation_marker
docs/dados_externos/PROVENIENCIA.md	2548	.md	documentation_md	37	65e2b8e57bb38091928ae7dcd4688fe68df22706af9ad922aeb1da166b3c4a4e	cosmology_validation_marker
docs/data/PANTHEON_DESI_MASTER_CATALOG.tsv	2683	.tsv	data_or_result	17	b73fe000ec436f4bf5fe2e0eb8662424d2b5fc7d6d396fc8a6aac98c856acdca	token_vazio_declared,cosmology_validation_marker
docs/data/PANTHEON_DESI_MASTER_TABLE.md	11170	.md	documentation_md	164	bf118c06c5f981c4bea63bf5dcd97ff41f77fa66fec381a30bb048c5da3bd198	token_vazio_declared,cosmology_validation_marker
docs/discussions/01_REVIEW_BOUNDARY.md	744	.md	documentation_md	27	6693c4570b605d4ebc1044f6680444166965fcb12adf4ce478c4857c71770002	cosmology_validation_marker
docs/discussions/02_DATA_BOUNDARY.md	626	.md	documentation_md	26	4a743965ba2a31e8fef99975f06e9d158917e5790d2a913f9773ed1cd4993466	cosmology_validation_marker
docs/discussions/03_NEXT_TEST.md	365	.md	documentation_md	21	b568cd1db761b4b40957814780c23277b1f70bf1bdd46982a7c9c66a87bf775d	cosmology_validation_marker
docs/discussions/04_METADATA_STATE.md	567	.md	documentation_md	25	8744101c806fbac33cc7fc5c42a1bd3be6f2ab3726e52a781caff7d3cd9d4887	cosmology_validation_marker
docs/discussions/05_EXTERNAL_REVIEW_TASK.md	611	.md	documentation_md	26	9fb346313e5a8e21e8315fae17dd22080ef8e0d2e9c7a90ed4547a481ac209e7	cosmology_validation_marker
docs/discussions/README.md	936	.md	documentation_md	37	0902f59a34f0f6871aeb04c2de9fb63250483fa341da0625fe420f47ad79fe7b	cosmology_validation_marker
docs/epistemic_analogies/BARRABAS_BEIJO_GALO.md	7344	.md	documentation_md	130	aa346c8b2b8d563083a7c9ed07351abe6f5fdc7a897ca590b2e66936dea767a9	token_vazio_declared,cosmology_validation_marker
docs/epistemic_analogies/LOBO_SILENCIO_QUATRO_ESTADOS.md	7623	.md	documentation_md	152	165606987463dd5536e1052ceebe2f66b7726803d6301cbe8ff5b955aae7d397	token_vazio_declared,cosmology_validation_marker
docs/epistemic_analogies/README.md	2299	.md	documentation_md	71	bfb97d430a94fb36cc27b7fd8e04d6813a4f0487e4d3e6ae5333392f872ba745	token_vazio_declared,cosmology_validation_marker
docs/estatisticas.md	2342	.md	documentation_md	89	f55e3dcdd989b5db49cf7ffd29c2b3f10b4254e889b10ee7f73a189b29059e10	mentions_synthetic,mentions_mock_or_placeholder,cosmology_validation_marker
docs/federation/PBIP_L1_FEDERATED_BINDING_V1.md	2380	.md	documentation_md	70	9b94ee7614446770fc863c8fa3b141d8636120cf00ece5c12dc766789e42cf12	token_vazio_declared,cosmology_validation_marker
docs/federation/RAFAELIA_ROLE_ADAPTER_V1.json	2633	.json	data_or_result	86	edde1e41d1f963df0483e2a4c7f4b6c557def3a83dd202942a3beefe03a13b64	token_vazio_declared,cosmology_validation_marker
docs/federation/REPOSITORY_CONTRACT_V1.md	3557	.md	documentation_md	90	cd61d7445c45e110c0cc616cc1ae63adcb72d8fee88df4063c2db01f83a2abd8	mentions_synthetic,mentions_mock_or_placeholder,token_vazio_declared,cosmology_validation_marker
docs/fisher_forecast.py	8472	.py	source_code	249	d6bbd564fdd2eb3ea7e117738ee3a59d62f10c4615d5e41ce552c1264520d9f2	mentions_synthetic,cosmology_validation_marker
docs/formulas/ATOM_WATER_IONIC_QUANTUM_BRIDGE_20260716.md	13257	.md	documentation_md	353	c5ede96a06aceec2b708e5019d8a328595d2051b9e0f0570e63cd50f23a17d75	cosmology_validation_marker
docs/formulas/RAFAELIA_SYMBOL_TABLE.md	5794	.md	documentation_md	120	eb25804ffce26e349dc6d1ffeea5be2e656992f638c73721eac44a90dcfb17f2	mentions_synthetic,cosmology_validation_marker
docs/formulas/SESSION_CROSS_DOMAIN_FORMULA_BRIDGE_20260716.md	7230	.md	documentation_md	407	b49b25a4200880d7375a5cf52b1807262d5ae82bf91820d302de096b5d035c9b	cosmology_validation_marker
docs/foundations/WHITEHEAD_RUSSELL_FACTOR11_ONTOLOGY.md	5088	.md	documentation_md	225	2dcb3f9ccaf4fae43d1f941db366a11c2d6bcd5450adaf6aef9599e8b5eb9fc7	token_vazio_declared,cosmology_validation_marker
docs/governance/28_OBSERVADOR_RECURSIVO_TREINAMENTO_GOVERNANCA_PRIVACIDADE.md	8908	.md	documentation_md	292	735b0d95f66eaa3be327bfc0bc0d590f7533074c577d1f005ff4a13ebf0fe440	cosmology_validation_marker
docs/governance/29_MATRIZ_TRATAMENTO_FORMAL_ARTEFATOS_DADOS_MODELOS.md	7056	.md	documentation_md	214	e3c4952e8d45c34980dced23d7e247e47ff4dd9957c3480fe6cf8846b385d18f	token_vazio_declared,cosmology_validation_marker
docs/governance/ACADEMIC_MATH_TRUTH_BOUNDARY_V1.md	3885	.md	documentation_md	170	04173eabff1f06da5f11527511672fdd9491b1a49d16554d9fab42adf785b547	token_vazio_declared,cosmology_validation_marker
docs/governance/BRANCH_ADVANCE_FORWARD_PORT_V2.md	2072	.md	documentation_md	43	de9dc7a56ba96ef4816b70b7d753bf246ce5516d963007345ccc636efe086d7c	token_vazio_declared,cosmology_validation_marker
docs/governance/CADEIA_CUSTODIA_VIVA_OITO_DIRECOES.md	18780	.md	documentation_md	565	cbc4b67e58b7e42950adf576fa9c24a08f2ee12b552cdfb35969a6138505967f	token_vazio_declared,cosmology_validation_marker
docs/governance/ETHICS_LICENSE_COMPLEXITY_SUSTAINMENT_V1.md	5918	.md	documentation_md	154	f5d2de64e943970a4254643de0ca90d6e69574c167454172194f17c2387c832c	token_vazio_declared,cosmology_validation_marker
docs/governance/GITHUB_ACTIONS_OPERATING_MODEL.md	4446	.md	documentation_md	95	97bd0d4b379384e5a0d0d68edbb308196ef85a8082edefffc0d476e63d078677	token_vazio_declared,cosmology_validation_marker
docs/governance/OPERATIONAL_EXCELLENCE_EXECUTION_FRAMEWORK.md	7353	.md	documentation_md	198	0ee32a93464fbf7e2dc7ab7cbdb9332f2351da82724e847ab24c3839915f36e1	token_vazio_declared,cosmology_validation_marker
docs/governance/OPERATIONAL_EXCELLENCE_INTEGRITY_CHARTER.md	11043	.md	documentation_md	303	af1e0bc573cd2fce6be8a9a4b0a12ef54ab91d573dd2299e65f66411d6fa17f5	mentions_synthetic,token_vazio_declared,cosmology_validation_marker
docs/governance/OPERATIONAL_EXCELLENCE_MINIMAL.md	3106	.md	documentation_md	113	f51e575d0f7e13416775594ce4b08036ac0c5c4023bc411dff5b5d3566aa1cb8	mentions_synthetic,mentions_mock_or_placeholder,token_vazio_declared,cosmology_validation_marker
docs/governance/PROFESSIONALIZATION_CHARTER_LINK.md	2879	.md	documentation_md	105	eab6c71841a2a17b568b78d7d5017878bd088134505c669654c4e920a758e645	token_vazio_declared,cosmology_validation_marker
docs/governance/RAFAELIA_OPERATIONAL_PARABLES_V1.md	3475	.md	documentation_md	106	a5df6b2b4ab60290c205fcb9da620ecae05f36f9ee81dc19fa516f35d8a92b03	token_vazio_declared,cosmology_validation_marker
docs/governance/RAFAELIA_VERTICAL_SLICE_RLL_ADAPTER_V1.md	1244	.md	documentation_md	31	89aa77a3b4edb83a1bb7a318cfef36db5aa4e718feb3b4762104488d89706d6e	token_vazio_declared,cosmology_validation_marker
docs/governance/RAPPORT_SEMANTICS_STRUCTURAL_DYNAMICS.md	11940	.md	documentation_md	301	a6c89acffb4d7cb2af1a3d7632898ef904477950d5c141bea0efc7a1e9418173	token_vazio_declared,cosmology_validation_marker
docs/governance/RLL_ATLAS_CONTINUOUS_EVOLUTION_OMEGA6_V2.md	3628	.md	documentation_md	61	1ed4b16d63bb98dc7ef30d105b7dd0a16cc6f2dac5c282d82e35aeff56e248ba	token_vazio_declared,cosmology_validation_marker
docs/governance/RLL_ATLAS_EVOLUTION_GATE_V1.md	3521	.md	documentation_md	68	84f0e01c207edc3baa65255edce14bb7045d20ae64f538c17059c4786f4a8c98	token_vazio_declared,cosmology_validation_marker
docs/governance/RLL_ATLAS_G234_EVIDENCE_RECONCILIATION_20260828_V1.md	3368	.md	documentation_md	45	b970933802710fa21d397f89b9eff7565fa7f8b781432ef71d8e91ef1916ef68	token_vazio_declared,cosmology_validation_marker
docs/governance/RLL_CREDENTIAL_AUTHORITY_V1.md	4351	.md	documentation_md	125	86b99f90af4b9904d0c57fac135c7bc067e217d342a7d3996f4a9bae68641449	token_vazio_declared,cosmology_validation_marker
docs/governance/RLL_EFFECTIVE_EXECUTION_QUEUE_V1.md	3412	.md	documentation_md	112	16db4c32fdc0bb1929d1c1e5f686ad0ccd22399984fb9ab85e43caa701782906	token_vazio_declared,cosmology_validation_marker
docs/governance/RLL_EVIDENCE_CLASSES_V1.md	2384	.md	documentation_md	77	95f7a1345fdd99a813763e4c78f1447ccb0d0bd4cf0d7b5bce95d953bbdb006a	token_vazio_declared,cosmology_validation_marker
docs/governance/RLL_EXECUTION_QUEUE_20260806_V1.md	4428	.md	documentation_md	144	97679fd0a0a1c947d3ab60b38dca661a4bc89ded707aff8eb0bfed62f13f75f9	cosmology_validation_marker
docs/governance/RLL_MAIN_LAB_RECONCILIATION_PLAN_V1.md	5835	.md	documentation_md	168	d5a19230c26c01f780b0ff84895a19958610f81760e177aca4f57bd5a3679fc7	token_vazio_declared,cosmology_validation_marker
docs/governance/RLL_OBSERVATIONAL_TOPOLOGY_20260808_V1.md	4670	.md	documentation_md	83	df3ee47b1b547da6626f78c3bb90bb754685f398a0a16451708c3593d620c105	token_vazio_declared,cosmology_validation_marker
docs/governance/RLL_OPERATIONAL_AUTO_HOTFIX_V1.md	7437	.md	documentation_md	280	dfc40a75038fbf78f7ed807a4a6663b52280df5f3bd2a2c750ecf47a9b036940	token_vazio_declared,cosmology_validation_marker
docs/governance/RLL_OPERATIONAL_GOVERNANCE.md	7120	.md	documentation_md	155	a40f707d2d7980de4a70a25d6851d4ebdcb2d209168d90e03a18f6ae7a7a9229	token_vazio_declared,cosmology_validation_marker
docs/governance/RLL_RUNTIME_ZERO_JOB_INGESTION_V1.md	3307	.md	documentation_md	90	1ce4939be3dde96817e2f0a22f59ba5d879876a61c4e428acf0008266db09a29	token_vazio_declared,cosmology_validation_marker
docs/governance/RLL_RUNTIME_ZERO_JOB_INGESTION_V1_CHECKLIST.md	704	.md	documentation_md	12	488e88c5c505f10e58b44e94db6f25cebb51b02278c9cc3785420b1f92151b6c	token_vazio_declared,cosmology_validation_marker
docs/governance/RLL_RUNTIME_ZERO_JOB_INGESTION_V1_PROVENANCE.md	917	.md	documentation_md	14	4975920ed6634998438021bee4080b4384ec939e6e6564a097fd248da11697ac	token_vazio_declared,cosmology_validation_marker
docs/governance/RLL_RUNTIME_ZERO_JOB_INGESTION_V1_PR_BODY.md	1562	.md	documentation_md	33	fabbb4df46722e7ab4bf5c3e5576dea05a9a78f5ffa0cbcd33545fbef304e442	token_vazio_declared,cosmology_validation_marker
docs/governance/RLL_RUN_31066012098_RECONCILIATION_V1.md	1485	.md	documentation_md	61	98f3827cc1a7ae296acf4f506f8bb5bc502f080e884187d2c6dab2c7d27b92a3	token_vazio_declared,cosmology_validation_marker
docs/governance/RLL_TERMUX_PHYSICAL_REPLAY_CLOSURE_V1.md	2756	.md	documentation_md	107	8b4b6083f5168b0317e7caac26919e071bab9770007df79f6c4c274dd5596265	token_vazio_declared,cosmology_validation_marker
docs/governance/RLL_TOKEN_VAZIO_RECONCILIATION_V1.md	7640	.md	documentation_md	186	88d69f62cef9f2f48486dac1872c5bc7fae616e296507a1ace7816935ca6d23b	token_vazio_declared,cosmology_validation_marker
docs/governance/RLL_VECTRAS_SQRT3_2_GOVERNANCE_MATRIX.md	7377	.md	documentation_md	162	8db555ee4e329aeb87dad9b1d1228c95c49284f6cdf06fea3201c144a78fd750	token_vazio_declared,cosmology_validation_marker
docs/governance/ROOT_ARTIFACT_CLASSIFICATION.md	2874	.md	documentation_md	38	2bcde992210b2dcdb6b19f7d23e2ee3697a13936d1f1fb6b57535ca6103d5253	cosmology_validation_marker
docs/governance/TRACEABILITY_MINIMUM_POLICY.md	373	.md	documentation_md	9	6fb9afec0e95570dfd7596dc4e35a0b7d9d56374e272dc9282991a76f5f2320d	mentions_synthetic,cosmology_validation_marker
docs/hipoteses/HIPOTESES_GEOFISICAS_RAFAELIA.md	33085	.md	documentation_md	530	84ed389686527498bd16db2bdb1064b66326af2c52e04053126b5bcbfc6b9e21	mentions_synthetic,token_vazio_declared,cosmology_validation_marker
docs/hipoteses/RETROALIMENTACAO_R3_GEOFISICA.md	8971	.md	documentation_md	171	501f9a1b192d311edb50544bea5136e0fc524f4cd3c2c3fca33b52eb48e5f110	token_vazio_declared,cosmology_validation_marker
docs/invariants/PARABOLIC_CODEC_CLAIM_BOUNDARY.md	2259	.md	documentation_md	102	4325ff28bc9c48bb94beda1b146ff4da248995aa714fad4635cec0b085da42a4	token_vazio_declared,cosmology_validation_marker
docs/invariants/README.md	2145	.md	documentation_md	50	a4d4c5de6cada647885a3f422c83801bd98e3089cb6028bb0b74d49cb5dc9346	token_vazio_declared,cosmology_validation_marker
docs/invariants/sqrt3_2_kernel.md	8587	.md	documentation_md	231	5e21751c69d4990299bb6652ed91535848ab924bf748b330d39245d13920632a	token_vazio_declared,cosmology_validation_marker
docs/invariants/universe-of-invariants.svg	10033	.svg	other	0	1a4a502956968581a56e492665d756a5f4839bcd33cd67b63a0429205ce2148d	cosmology_validation_marker
docs/knowledge/HYPERFORMAS_COHESION_BOUNDARY_V1.md	2326	.md	documentation_md	59	468c129d2288d68011298682aa3ef3a13b0c784caf4d1b8f2aeee672ecaaed2e	token_vazio_declared,cosmology_validation_marker
docs/knowledge/PROJECT_SOURCES_RLL_INTEGRATION_V1.md	2858	.md	documentation_md	57	64395a308194280511f8efe8ea877d32d05cc2e8346fe5ed5226f5d731b0bbad	token_vazio_declared,cosmology_validation_marker
docs/livro_vivo_bridge/CONTRATO_DA_BALANCA_RLL.md	6444	.md	documentation_md	283	41b2f3413cc9cbb576313d891f64b5dce7ae0e1184fea8fee5328496a4863be9	mentions_synthetic,token_vazio_declared,cosmology_validation_marker
docs/livro_vivo_bridge/RLL_BALANCE_REPORT_TEMPLATE.md	4309	.md	documentation_md	214	f3ba4344a09d386bc07ff6a06ba414269a24fda3febe38eef02ab876bd3f93e8	mentions_synthetic,token_vazio_declared,cosmology_validation_marker
docs/livro_vivo_bridge/RLL_BALANCE_SCRIPT_USAGE.md	4029	.md	documentation_md	197	50ee78d3d8489ce2559f07e59289ccb6f80d65860f6e98ad07c358cc39bbafa2	cosmology_validation_marker
docs/livro_vivo_bridge/RLL_LIVRO_VIVO_PONTE.md	2247	.md	documentation_md	68	b8336df1187837701729e7f22d9efba8e41ceca531b0a390cec8cede30f8d38f	mentions_synthetic,cosmology_validation_marker
docs/mathematics/RLL_STRUCTURAL_INVARIANT_PIPELINE.md	8409	.md	documentation_md	348	becc87658daa32d48aaa63307d12ee7264d3c269e1d3288430b8df81dc0a49f2	token_vazio_declared,cosmology_validation_marker
docs/methods/RAFAELIA_PREDICTABILITY_INDEX.md	9408	.md	documentation_md	324	14735c807db5c2946048df24fa3001cafac4befade6109763682c3e40f46a10a	token_vazio_declared,cosmology_validation_marker
docs/modules/lcdmpp_extension_framework.md	3319	.md	documentation_md	113	f4e1e7a5a731e9d07cb759cc52dca70f1195624b09cf5eb6064716dae62e0afc	cosmology_validation_marker
docs/modules/structure_d_agn_feedback_bridge.md	1151	.md	documentation_md	29	595275dd051f4383ecf229f962501fea30bf970b821de889da617acf2bec20e0	cosmology_validation_marker
docs/modules/structure_d_equations.md	2152	.md	documentation_md	82	7bb6ed55582d7645e72f5417e2f559b65fdeaf81a6e50aaede91c7c5bfe15f84	cosmology_validation_marker
docs/numeros_rafaelianos/CientiEspiritual.md	2639	.md	documentation_md	107	405d405015c4c7223e0187c60f22b604c7f59dec3d0f602445e46599c895656f	mentions_synthetic,cosmology_validation_marker
docs/numeros_rafaelianos/Constante.md	1582	.md	documentation_md	70	df28bf59dfe2dae356d35f5036d235068ef7136758be112411870195c7f886b4	cosmology_validation_marker
docs/numeros_rafaelianos/Numeros.md	1811	.md	documentation_md	43	684819c85e43cf4ec74a5d04f86903e8376a189e42a8baaa778970a933192cbf	cosmology_validation_marker
docs/numeros_rafaelianos/Readme.md	6771	.md	documentation_md	256	a317cd897ca9ab8d448ce640966c7a549ed82c1c0ef17324bc07b3d4ca5c9579	cosmology_validation_marker
docs/numeros_rafaelianos/harmonica.md	1534	.md	documentation_md	74	ba0a50c87b90f1be21ec98554e64249eaa16c4aad0bb7ab37649ff76eb82142c	cosmology_validation_marker
docs/observational_motivation/strong_lensing_imf_dynamic_transition.md	383	.md	documentation_md	11	8ef023670daad22a0ca47cd1a01247e7df49ff2719bdd4d888a122aabaf912c4	cosmology_validation_marker
docs/observational_records/2026-05-28_OJ287_IFSC_REGISTRO.md	4941	.md	documentation_md	88	43fc03176c3119e71851ddad55590198ba2128be4d97f10d77ce7c2b25f7eb5c	cosmology_validation_marker
docs/observational_records/2026-05-29_DARK_MATTER_GRAVITATIONAL_WAVES_REGISTRO.md	2074	.md	documentation_md	56	1981ec6c2809a36cd9200e5b35866669600166b53f3e85ad66b4408c2d502d1f	cosmology_validation_marker
docs/observational_records/2026-05-29_INPE_GRAVITACAO_COSMOLOGIA_REGISTRO.md	2137	.md	documentation_md	53	5c02f479fa193f92f53a7379307189b1d269def95ab4f71a161f4be9d5339702	cosmology_validation_marker
docs/observational_records/2026-05-29_SUPERNOVAE_SUPERENERGETIC_ENGINE_REGISTRO.md	2298	.md	documentation_md	55	78b69b066e16e10ee53670fee53bce21cd1a80b858eeae26dc49634879e932a1	cosmology_validation_marker
docs/observational_records/2026-06-08_STAR_QCD_VACUUM_SPIN_CORRELATION_REGISTRO.md	375	.md	documentation_md	9	7132be40b1c17b5497577fad744caaf89569001aa2e1e46bc69e418a4cd8eb62	cosmology_validation_marker
docs/operacoes/SEGUE_1_CONVERGENCIA_CIENTIFICA_RLL.md	4849	.md	documentation_md	145	2128e638ca76124904b224e5df734d5233f6ed7941e574a3a140595d612dec19	token_vazio_declared,cosmology_validation_marker
docs/operacoes/SEGUE_5_PROTOCOLO_OPERACIONAL_RLL.md	3981	.md	documentation_md	186	11d3f5caf3a1da61b22f694835bc50bb9044281162eeedcfc978caa24cafec79	token_vazio_declared,cosmology_validation_marker
docs/operations/REAL_DATA_OPERATIONAL_EXCELLENCE.md	5812	.md	documentation_md	131	871dce4c2498c27f30fe7d0b81d0fe5d87a6069b72fb283292f0f4798efa9391	mentions_synthetic,mentions_mock_or_placeholder,token_vazio_declared,cosmology_validation_marker
docs/operations/RLL_COSMOLOGY_NEXT_STEPS_2026-06-27.md	2321	.md	documentation_md	49	e75193f8ed840d6a9c4e6017a9506f16b4288f24fe285d2410c563a7790d4d25	token_vazio_declared,cosmology_validation_marker
docs/operations/SIX_SIGMA_REAL_DATA_OPERATING_SYSTEM.md	4739	.md	documentation_md	141	538e28c550997f4483698739297609897b383b4ca50e345691b9ee12d4daf19c	mentions_synthetic,mentions_mock_or_placeholder,cosmology_validation_marker
docs/panteon_likelihood.py	21168	.py	source_code	620	d6b17dbdb407209c14d0f30d33a835fd9d8ad06fe49a6d86e6a9bf3d2f497b5b	cosmology_validation_marker
docs/physics_benchmarks/README.md	1056	.md	documentation_md	38	eb98af8742b666242193fe789e3865cf2f478300166de4ecf8a9cfc6d4b9d035	cosmology_validation_marker
docs/pipelines/COSMOLOGY_VALIDATION_STACK.md	1402	.md	documentation_md	33	e7f9bc6816f73109e989472a0592740434a25fec6602732ac310cbbd9f95f658	cosmology_validation_marker
docs/pipelines/GEOMAGNETIC_VALIDATION_PIPELINE.md	1548	.md	documentation_md	39	71a51043b08b4ada97e629abbe24d3b7ed7cd21a06c0f58e5c3a8fdb52c637b8	cosmology_validation_marker
docs/pipelines/RADIATION_TRANSMISSION_VALIDATION.md	1602	.md	documentation_md	34	0ebb3d6ec8c493f66f3a141272c3d1f3b49c6307b342207c0242618bf3398a76	cosmology_validation_marker
docs/pipelines/WORKFLOW_ORCHESTRATION_REVIEW.md	2378	.md	documentation_md	49	4b18397040e46f53aabeebca56220a3188c229ea418158d4eceb3a6fde7d2d55	cosmology_validation_marker
docs/pipelines/validation_paths/CAMINHOS_VALIDACAO_NOVOS.yml	10918	.yml	config_yml	230	a0d9cd45160b1a2f9943107aaa66ced58c429a9b1fce38754928d3018e567083	token_vazio_declared,cosmology_validation_marker
docs/pipelines/validation_paths/INV119890490.pdf	226996	.pdf	other	0	e8e58005bf6a59d9e4d551ade807d07928777bd28244ac374a16770fc63a174e	cosmology_validation_marker
docs/pipelines/validation_paths/RAFAELIA_SESSION_COMPLETA.zip	196556	.zip	other	0	542b7516bd44ffb4d42b0c638f6632ed64362528ad4ed665273621bde41c5a84	cosmology_validation_marker
docs/pipelines/validation_paths/rll-real-run-26196483666.zip	164810	.zip	other	0	0565761a18d3ab4c3e799fdc9136f76d80d5de33036802ac9e383bb31c7d5c81	cosmology_validation_marker
docs/pr-audits/PR_398_POST_MERGE_AUDIT.md	7126	.md	documentation_md	224	671600144f7d05a6d14e944227f198ff5d9240f224c7e00da1db54e882da107e	mentions_mock_or_placeholder,cosmology_validation_marker
docs/pr-audits/RLL_REAL_RUN_28287121163_AUDIT.md	5235	.md	documentation_md	97	a054de1a12ac10720528b1351dd9419043b35565cf953332936a7f8e1d521d43	mentions_synthetic,mentions_mock_or_placeholder,token_vazio_declared,cosmology_validation_marker
docs/pr-audits/RLL_REAL_RUN_28287121163_NARRATIVA_DESCRITIVA.md	13649	.md	documentation_md	204	5d048261f4926fa6409ab6eb5648cf7140ea11a6accf47a6649b8f3db19b701f	token_vazio_declared,cosmology_validation_marker
docs/professionalization/EXTERNAL_REVIEW_PACKET.md	6183	.md	documentation_md	168	c8a539552848b248bb08771896a6707f780651fd48cc95b36278aa79a68ab817	token_vazio_declared,cosmology_validation_marker
docs/professionalization/INSTITUTIONAL_READINESS_DOSSIER.md	5386	.md	documentation_md	170	4185eb1b5ca27fac1dcc16f9ffcf450d4455f434eb7302620a84ae77824e7ab3	mentions_synthetic,token_vazio_declared,cosmology_validation_marker
docs/professionalization/NARROW_EXTERNAL_REVIEW_TASK.md	4217	.md	documentation_md	174	44f8fb1786c53a7c3bda54cc35aa02fca744e68ced06d642cbffdd84819d5c52	token_vazio_declared,cosmology_validation_marker
docs/professionalization/PROFESSIONAL_DOCUMENTS_REGISTRY.yml	5402	.yml	config_yml	143	d54ffdea923309c2c58f40f699ed09e464ab88603cb345ff749d18c742920e04	token_vazio_declared,cosmology_validation_marker
docs/professionalization/PROFESSIONAL_DOCUMENT_QUALITY_STANDARD.md	4360	.md	documentation_md	167	14333d32a5798be03e7302f4dbb991f44ee38841e03edd3fd359d7ef8862d304	mentions_synthetic,token_vazio_declared,cosmology_validation_marker
docs/professionalization/README.md	2976	.md	documentation_md	94	288ebf3eb0eb141c5985716668229d972af408a4ac4181f1070b70a1baff5d8e	token_vazio_declared,cosmology_validation_marker
docs/protocols/RAFAELIA_TAIL_PROTOCOL.md	7918	.md	documentation_md	273	fc5cfbb452ed6f516221aeeb2005e1ac22ecbfcc2161757e3e883857942e6bd4	token_vazio_declared,cosmology_validation_marker
docs/provenance/external_inputs/2026-08-01/AI_MODE_SHARED_LINK_TOKEN_VAZIO_V1.md	4220	.md	documentation_md	111	6ef370b1081c0ad019b4dffeba68005fdebf9f52017ed990618a753ddfc8e902	token_vazio_declared,cosmology_validation_marker
docs/real_data/PUBLIC_ASTRONOMY_CATALOG_FETCHER.md	3701	.md	documentation_md	119	feaba194fc45ba8ebbbe928e2265323751bd8333cc8adadac41287e957282047	mentions_synthetic,cosmology_validation_marker
docs/real_data/REAL_DATA_ADDITION_LEDGER_2026_07.md	3651	.md	documentation_md	90	d97947858d4fe8f443f8c0f759b594ad50a0b1ee129ae19f2b41a0167b51e42a	cosmology_validation_marker
docs/real_data/REAL_DATA_REQUIRED_INPUTS.md	6949	.md	documentation_md	158	ad019344cf9e6a4b74de4ab52efaef3f185d7df467b54a4e07588dcdd0110e49	mentions_synthetic,mentions_mock_or_placeholder,cosmology_validation_marker
docs/real_data/REAL_DATA_VARIANCE_REGISTRY.md	1233	.md	documentation_md	45	951885ad46e6648bbe78d8084ef11a1e1c2fc3b74abfd50cc71f1bc61d7cf8f6	cosmology_validation_marker
docs/real_data/REAL_DATA_WORKFLOW_EXECUTION.md	3784	.md	documentation_md	66	8f60f6bbf3b27d2f298bea2bdcc4fc1953fe2b0c69641e4fade50de07a68bbed	mentions_synthetic,mentions_mock_or_placeholder,cosmology_validation_marker
docs/real_data/RLL_DESI_DR2_COVARIANCE_BLOCK_AUDIT.md	4356	.md	documentation_md	153	c78f75eb2fa21cf658b1e6229b65214d2f0c6b74bc7b5a8e789bdc9dc1ccea7c	mentions_synthetic,token_vazio_declared,cosmology_validation_marker
docs/real_data/RLL_REAL_DATA_INGESTION_REPORT_2026.md	1716	.md	documentation_md	40	63ad49265ba44bb91d88cb6c6da1b8197d69dd60e7c2de8400a5bf4d0f54629d	cosmology_validation_marker
docs/real_data/desi_rll_cpl_mapping_audit.md	4962	.md	documentation_md	173	216187425c7e0f3150774eb51a547653635b7de8fc38e565661bf258551fe7e9	token_vazio_declared,cosmology_validation_marker
docs/real_data/pantheon_plus_optimizer_audit.md	1577	.md	documentation_md	26	dcf7c8e09355e84479b2adc774219e106f0aeee43cdd7190548116184698e883	cosmology_validation_marker
docs/requirements.txt	333	.txt	other	18	7c6225d12cbc4267b7b0dc5de458c2a2bf3b9ec071d20537e97c829381ec6568	cosmology_validation_marker
docs/research/ACADEMIC_CORRELATION_CANDIDATE_MAP.md	7384	.md	documentation_md	236	a83a558322bb517b8d9b2c105dc16da0bd8eb9d2b2844b8e4ad763867ffb2b4c	mentions_synthetic,token_vazio_declared,cosmology_validation_marker
docs/research/ANCIENT_WORLDS_COSMOCHRONOLOGY_SESSION_20260816.md	4440	.md	documentation_md	146	fecc8c2b58f0880c68e9d8d63b295815cf097283c7b1106df93dc8e27a68df80	token_vazio_declared,cosmology_validation_marker
docs/research/GIZA_CONTINUOUS_ACADEMIC_INTAKE_20260906.md	11123	.md	documentation_md	216	51e1d5a900159a5d25801f637921a23e74ddd91ad97e31fca4573f5c1e60a85e	token_vazio_declared,cosmology_validation_marker
docs/research/OMEGA7_MODULAR_GEODESIC_TOROIDAL_FOCUS_20260818.md	3476	.md	documentation_md	137	2f03dbc484cee9febf299ed7bb6eb983c1767536aad3250136690e24975909da	token_vazio_declared,cosmology_validation_marker
docs/research/RLL_BIOPHOTON_METABOLIC_TRANSDUCTION_GATE_20260815.md	4312	.md	documentation_md	127	394d1a1635637689f3c666529a00d6c985d545eec014f3721bbc8d7dca7b99d8	mentions_synthetic,token_vazio_declared,cosmology_validation_marker
docs/research/RLL_HOMEOSTATIC_FIELD_GATE_20260815.md	5778	.md	documentation_md	206	7051ebe1f00a54bfa23931b7763613b478821d3365b9b35951ad157d131b75ab	token_vazio_declared,cosmology_validation_marker
docs/research/RLL_OBSERVER_MIRROR_PHOTON_GATE_20260815.md	4322	.md	documentation_md	156	3d0a172b2686c7111eca9aca24a0e739b10f5e170529275c8459ef88db20ca29	mentions_synthetic,token_vazio_declared,cosmology_validation_marker
docs/research/RLL_STELLAR_LIGHT_LEDGER_OLBERS_BOUNDARY_20260815.md	5195	.md	documentation_md	180	488594ee779c10c04f50f9db0a99aebcce4ce410466837700e5832e4e9f5f92d	token_vazio_declared,cosmology_validation_marker
docs/rll_audit_gap_report.py	5362	.py	source_code	165	bea143c48f962e18e436f4821f0e73d52dedeb0e2e09ab3d0e254b6505a442e9	cosmology_validation_marker
docs/rll_cosmology_postdoc_synthesis.md	1817	.md	documentation_md	45	1c9cc20cde8173ac920300495fc522f027f05c96d9d129c1a155e643330016cf	cosmology_validation_marker
docs/rll_desi_bao_validation_matrix.md	991	.md	documentation_md	31	4ac5a7e122a38cf29865e6a485000e916967dfc380757bd090681ce16952f0dd	cosmology_validation_marker
docs/rll_latentes/FUTURE_STEPS.md	7426	.md	documentation_md	95	950c1641e7fc4f9b9b6b7a9babcc4c80860c1518471532e4e17f705e41caa0ff	cosmology_validation_marker
docs/rll_latentes/RAW_TEXT_FIRST.md	7399	.md	documentation_md	181	4988dbbbbd3fa2e21bf66b94e02e552c56baeffbb043e359830e5452b3dde757	cosmology_validation_marker
docs/rll_latentes/README.md	10829	.md	documentation_md	134	24e69dda5ccf203faeae0d536d38509b8059299e28616ec03709759e03697aa5	cosmology_validation_marker
docs/rll_multimedium/00_INDEX.md	342	.md	documentation_md	16	e52ffda5fe91972489ce153a1b4b181073e608ceb6d2b43fcef5ff6ba93d728f	token_vazio_declared,cosmology_validation_marker
docs/rll_multimedium/01_EPISTEMIC_BOUNDARY.md	310	.md	documentation_md	11	503ed68419cd5ba4bb6a58094aca04ae538b419de645b369e191157b5fcbae54	token_vazio_declared,cosmology_validation_marker
docs/rll_multimedium/02_RELAXATION_MAP.md	215	.md	documentation_md	16	d76462f28a1fb7f3bea1eda4d893d5c9009b8e2d816cf09b93a882a644e96d18	token_vazio_declared,cosmology_validation_marker
docs/rll_multimedium/03_TORUS_MAP.md	223	.md	documentation_md	16	78f61b796ee37d23c7080467d3dcdf3032b545565edcdecd4147b6bb4af736d3	cosmology_validation_marker
docs/rll_multimedium/04_MEDIA_FIELDS.md	422	.md	documentation_md	16	dd4ef27326bfadf489bf5dce88bda101bf1ca161352c69f5c26271e6aed22e75	cosmology_validation_marker
docs/rll_multimedium/05_TRACE.md	181	.md	documentation_md	12	501e0feff710ba9925e059922fdc06ef861e926ee5c1f3e40cfa5c9831e2be2c	token_vazio_declared,cosmology_validation_marker
docs/rll_multimedium/06_LEDGER_TEMPLATE.md	386	.md	documentation_md	18	13af426df2525281a02d433801af3350305411b087fd004b8b736cb01f28aacf	token_vazio_declared,cosmology_validation_marker
docs/rll_negative_weak_time_bridge.md	987	.md	documentation_md	24	600ab1c4e3d048d19b1ad96913ffdf245bc3e985512e9afce28656979176edf4	cosmology_validation_marker
docs/rll_revisado_v2.zip	40801	.zip	other	0	aa61125ad94dc3f035ce288e200e64d3aaffe754f3a8f55d05a258a5dc4f2bd0	cosmology_validation_marker
docs/rll_runaway_black_hole_anomaly_index.md	750	.md	documentation_md	21	7fa7732d2db7009a76095cd2ba571d18048d4a9379a1705d6d7cf3c8a711ec3e	cosmology_validation_marker
docs/rll_two_radiation_model.py	3993	.py	source_code	145	14fb41cbec3d850c7d57e89e53e1c8e4f1784bd218702ec25c28f171ff3e58a7	cosmology_validation_marker
docs/rll_validation_real.py	13725	.py	source_code	329	22e0c300666fbf5c1b37ebbaafd94c399abd281efe1392df8302f9052a21383a	cosmology_validation_marker
docs/root_md_archive/00_COMO_LER.md	266	.md	documentation_md	5	92d6c9e9b1fc421ee77a14c609c91028e920ee1838e00f9f750136b8aea14f86	cosmology_validation_marker
docs/root_md_archive/06_COMPARACOES_DETALHADAS.md	426	.md	documentation_md	8	fcf3b896acc5337a6204ff03619999defcbb356e7d78fd6cf63cae9b451d619c	cosmology_validation_marker
docs/root_md_archive/09_GLOSSARIO_COMPLETO-1.md	286	.md	documentation_md	5	5ff16bbb10aea2fbc8a78c39ce1d22dd9d777e1ce7e0a4175d78b600ffc58810	cosmology_validation_marker
docs/root_md_archive/09_GLOSSARIO_COMPLETO.md	286	.md	documentation_md	5	5ff16bbb10aea2fbc8a78c39ce1d22dd9d777e1ce7e0a4175d78b600ffc58810	cosmology_validation_marker
docs/root_md_archive/10_FAQ_COMPLETO.md	406	.md	documentation_md	8	b24c85cb2822af6a97ff4803246083e3991dd23b48085cb232d8b34c12669543	cosmology_validation_marker
docs/root_md_archive/11_DOCUMENTO_PRIORIDADE.md	290	.md	documentation_md	5	066855e2edc1ab3454b3b234cc502be0b9f12bef0776fea974b946967215346b	cosmology_validation_marker
docs/root_md_archive/README.md	5805	.md	documentation_md	83	754d827784ac541871adb21f1d2af6095e2e36e94b0c1a4f752ff7464d833e9f	cosmology_validation_marker
docs/root_md_archive/Ratrabalho2.md	4786	.md	documentation_md	261	06800c68309528aa60c87b38329255fcce4938ed4204ea4b0d7fcda49c469499	cosmology_validation_marker
docs/root_md_archive/Readme_dha.md	7753	.md	documentation_md	194	d84a4ceff30b927152b14105b59a55bf008f81067bd3cc6f320da87b413d9fa8	mentions_synthetic,mentions_mock_or_placeholder,cosmology_validation_marker
docs/root_md_archive/Readmedha2.md	6183	.md	documentation_md	415	4a53d4a1b785051e8ce805cf2269aa80229dcd6b467533b7407b3399d5e23a04	mentions_mock_or_placeholder,cosmology_validation_marker
docs/root_md_archive/Readmedha3.md	12460	.md	documentation_md	660	d4cfd35669a2a573595829cb924b21b0468ab953836322601a4e0f37248a4a65	mentions_mock_or_placeholder,cosmology_validation_marker
docs/root_md_archive/Readmeumedha.md	5903	.md	documentation_md	346	8a9a355190f5cdb16832914ca3bdfbe7c39ff6c9a332145708ec04ce8bd901ab	mentions_mock_or_placeholder,cosmology_validation_marker
docs/root_md_archive/Tarafaelesta.md	6761	.md	documentation_md	466	42200ed9acdaf5f14eecfdf8c7dbde87c1f4a44d95271974365c12381632e20f	mentions_mock_or_placeholder,cosmology_validation_marker
docs/root_md_archive/TrabalhoRagarl.md	11813	.md	documentation_md	236	e60a484e2e43ad56900c8f3d5b051455179d373ffb139ef013dd57d752aadeb5	mentions_mock_or_placeholder,cosmology_validation_marker
docs/root_md_archive/UMEA Unified Multi-Scale Effective Action.md	5480	.md	documentation_md	325	93ac6e2f9d7c391e1fd4b476ae96bc84454e0c7efb871a8d9572bbc2c9053a1d	mentions_mock_or_placeholder,cosmology_validation_marker
docs/science/CAMPO_ENTROPICO_TOKEN_VAZIO.md	4645	.md	documentation_md	175	2b3c7e557b54594156626c65c8afeebd669b22c30a3abbb1e8a915d42c35c2ed	token_vazio_declared,cosmology_validation_marker
docs/science/CANONICAL_ROUTE_ARTIFACTS_VALIDATION.md	1716	.md	documentation_md	58	12dc9ccfaa1b076b1fa0dcd8ed54a47548a32b6a58f6952ab4dfec38fdf10a38	cosmology_validation_marker
docs/science/CANONICAL_ROUTE_CHECKLIST.md	3026	.md	documentation_md	144	5a5a9a94fcb19b02ab2fdecd0cd0800813ec5ff3cf3cbb4911e861c0a8de60cc	token_vazio_declared,cosmology_validation_marker
docs/science/CLAIM_BOUNDARY_QUALITY_GATES.md	1427	.md	documentation_md	56	88e6decc4b6c3553b89a48dc56aa01b33edd8287dc1b74278d4cde027cadd943	cosmology_validation_marker
docs/science/DATA_GAP_SCAN_AND_STRUCTURE_LINKAGE.md	8089	.md	documentation_md	245	81ca83e584de1dedad30b0dda00f9df7110c6871431489be345d769f7f46f8ce	token_vazio_declared,cosmology_validation_marker
docs/science/DENSE_BEHAVIOR_FEATURES_REPORT.md	2677	.md	documentation_md	80	6f49f15f9dd72a1322bc1a4e4c6bddb60e10a639a6275010430f397cf25684dd	token_vazio_declared,cosmology_validation_marker
docs/science/DENSE_FEATURE_ITEM_VALUE_MAP.md	5313	.md	documentation_md	129	e51c9868a66faa06f101051d86007ecf344c992d77c8af40f96026e6db5b038b	mentions_mock_or_placeholder,token_vazio_declared,cosmology_validation_marker
docs/science/DRIVE_FORMULA_GRAPH_RECONSTRUCTION_BATCH1_20260808.md	2546	.md	documentation_md	90	6763cce538f8dce52186dcc6ffb4c84c593d69b31cfa710aa93a51252bcc543d	cosmology_validation_marker
docs/science/DRIVE_JSON_FORMULA_PROVENANCE_20260808.md	4653	.md	documentation_md	168	26a8eb15b2ef5ce82b526680d3463db2fe3b67aa8fd7f2a1b77166dcd9034b0d	token_vazio_declared,cosmology_validation_marker
docs/science/FIBONACCI_MODULAR_ICOSAHEDRAL_PHASE_LATTICE_BRIDGE_20260905.md	3914	.md	documentation_md	144	bc680166a519e9300df980e5fbcd3a0372cb298f3aed57764c1558b47170e173	token_vazio_declared,cosmology_validation_marker
docs/science/FIRST_RAW_DATA_INGESTION_REPORT.md	1596	.md	documentation_md	89	05a88406eb459945e7f02f9c485b8b3175f6727046eeb9a515b4ac2741164f7c	cosmology_validation_marker
docs/science/GRAVITATIONAL_RESIDUAL_MEMORY_AND_COMPACT_GAPS.md	10987	.md	documentation_md	313	a1d129a66af0c59b55f976a25ba75eb48a9e1cae1de78c0bad5d242d3ffae06a	token_vazio_declared,cosmology_validation_marker
docs/science/INFINITY_GAP_IMPLEMENTATION_INDEX_20260717.md	5658	.md	documentation_md	144	86d9f4915fcebfaf120b3111fdea0a303db61d9028a5e68e29b9f19c57528792	token_vazio_declared,cosmology_validation_marker
docs/science/MODULAR_FOLD_GAP_RULER_NUCLEAR_BRIDGE_20260902.md	9268	.md	documentation_md	206	6fb514c3b3ca48a16a51153f0523731f4257bdc20259172e9a62e766f338d4b6	token_vazio_declared,cosmology_validation_marker
docs/science/NEGATIVE_RESULTS_LEDGER.md	1753	.md	documentation_md	34	730967ea16bb347133e46757f0405b9a9a8ddd42364ed240bc7642b5a6b75b43	cosmology_validation_marker
docs/science/NEURO_ELECTROCHEMICAL_ECHO_PHOTON_CHEMISTRY_BRIDGE.md	5924	.md	documentation_md	218	c00b66eb3def8f9d2925b857fb296d0c8ba26a1e4d5eceb9dda0aa008710703e	cosmology_validation_marker
docs/science/OPEN_LATENT_GAPS_AND_NEXT_ACTIONS.md	2505	.md	documentation_md	119	e677e8fbfd79594ad5feba7838c2f96e39056cafb6441f02f56a509fe1bc2c07	cosmology_validation_marker
docs/science/ORBITAL_SHAPE_ANGULAR_MOMENTUM_MAP.md	3342	.md	documentation_md	155	a9b693738a30c6944f2fa874c0de3f64340080a0889df544aa59c61e55c59725	token_vazio_declared,cosmology_validation_marker
docs/science/ORBITAL_SHAPE_ANGULAR_MOMENTUM_V1_REPORT.md	957	.md	documentation_md	17	1ece5b1100f201cd49efbe48b4d38c0add6b5f6f9c0ba17c0684fec521ce0050	cosmology_validation_marker
docs/science/ORBITAL_STATE_VECTOR_V2_REPORT.md	587	.md	documentation_md	25	b06916adbfd2109cc8609eb280bae454def035be592e0a77f22d163a1435f8fe	cosmology_validation_marker
docs/science/ORCID_RLL_VECTOR_EVOLUTION.md	7954	.md	documentation_md	201	4a7b0ab034125afe370d3caf946869305b790a46661cfa135bc37a4190ba7f58	mentions_synthetic,token_vazio_declared,cosmology_validation_marker
docs/science/PANTHEON_FULL_COVARIANCE_READINESS_V2.md	4527	.md	documentation_md	171	0aa70fe5b4c700cf73b783779983256f3ca236823b4d3dea357e212750664f70	token_vazio_declared,cosmology_validation_marker
docs/science/PEER_REVIEW_READINESS_STATUS.md	1729	.md	documentation_md	95	0d4963893f708497a12c88467e29b76df76bba2b9efe1de206eb932e49dd084c	cosmology_validation_marker
docs/science/RAFAELIA_CLASSICAL_MATH_FORMULA_AUDIT_20260808.md	14799	.md	documentation_md	511	90aeb1e16b3a98351eef28693b5d5be172c02d80755934c53d505e4aea03895c	token_vazio_declared,cosmology_validation_marker
docs/science/RAW_DATA_MANIFEST_ARTIFACT_VALIDATION.md	867	.md	documentation_md	41	428a79387e0977984ff2b968ebe72084414507ede287592e94d64c18723755ba	cosmology_validation_marker
docs/science/RAW_DATA_MANIFEST_GUIDE.md	1261	.md	documentation_md	78	8201441f19af8a34437648bdd71c5f46c204669a8ef4ea14b7f8994d8050c3b9	cosmology_validation_marker
docs/science/RAW_DATA_MANIFEST_STATUS.md	1786	.md	documentation_md	42	e488a92086a107202aab175deb6f8dd3b94bec0ba2fe85823ade3e6eaf3ce173	cosmology_validation_marker
docs/science/REAL_DATA_BOOTSTRAP_VALIDATION_SYSTEM.md	6656	.md	documentation_md	242	1544be2c3de4aaf00581c4c8493e8c8d110d7aa356c9a1185b35c5cf2bcaba11	token_vazio_declared,cosmology_validation_marker
docs/science/REAL_DATA_PIPELINE_ORCHESTRATION.md	5008	.md	documentation_md	294	416e9b64edc99f5e301d66fd59f995bc07e301e674479483e3dd1438a002a9c0	cosmology_validation_marker
docs/science/REAL_OBSERVATIONAL_SEED_V0_REPORT.md	3467	.md	documentation_md	151	766180adc4ef3eb4cb9af99aac3a7af8a40fb6ba1543c45982851d80aab1e906	token_vazio_declared,cosmology_validation_marker
docs/science/REAL_OBSERVATIONAL_SEED_V1_MAP.md	4383	.md	documentation_md	226	6fc7009547f9697fa2ff9cce81f14ef9f16bdb41ebda9b59c71a64dd59325490	cosmology_validation_marker
docs/science/REAL_SEED_INGESTION_PLAN.md	849	.md	documentation_md	34	1cd86f6c5709a61d6703b9d77875fb482f131e7f8cdced9477a415dcd4ff8c15	cosmology_validation_marker
docs/science/REAL_SEED_VALIDATION_V0_INDEX.md	2364	.md	documentation_md	46	219b04e8266c492db5c0f70a912612093644c9dd6ecde9649a4f3ddb0f4e90d2	token_vazio_declared,cosmology_validation_marker
docs/science/RLL_B10_ENVIRONMENTAL_PLANETARY_INVARIANT_20260719.md	8764	.md	documentation_md	344	7f83f44ffb31d6a6b2c6b9b4858ea7662d632135a30e27123436da7175ac039f	token_vazio_declared,cosmology_validation_marker
docs/science/RLL_B10_GEOPHYSICAL_TRANSDUCTION_OBSERVER_PATHWAYS_20260719.md	8455	.md	documentation_md	299	1a8b36b455894b1504a2121fbf57242cd97471609dfb03d79c8107f559d1b8fb	token_vazio_declared,cosmology_validation_marker
docs/science/RLL_CANONICAL_ENVIRONMENTAL_SIGNAL_ORCHESTRATOR.md	9643	.md	documentation_md	312	99f2be95120a646dab32cff7b9579c29fce3fa65551eef7bcb4d2f5833b11337	token_vazio_declared,cosmology_validation_marker
docs/science/RLL_CANONICAL_FREESTANDING_COUPLING.md	3093	.md	documentation_md	89	e7cf8a91cfea892ad42e1baf9c6c87d6a1c116e40f9448d7f3132480f320ea7f	mentions_synthetic,token_vazio_declared,cosmology_validation_marker
docs/science/RLL_CLIMATE_ENGINE_BRIDGE_V1.md	3869	.md	documentation_md	130	5ad28dddccb1dd06aa9fdbee70ceabbabaf498a9e8020418785830cd266c596c	token_vazio_declared,cosmology_validation_marker
docs/science/RLL_CLIMATE_MULTIPHYSICS_CYCLE_V1.md	10698	.md	documentation_md	237	0646e01af7a4e916712913541c32c89335dd0621f569d9710e49ba372632dd9a	mentions_synthetic,token_vazio_declared,cosmology_validation_marker
docs/science/RLL_COSMOLOGICAL_MATTER_SPECTROMETRY_V2.md	11956	.md	documentation_md	369	1b222aa8ea9454cd44bffca7142d7e26cf4f40889e137ef51bb112cb82ce7081	mentions_synthetic,token_vazio_declared,cosmology_validation_marker
docs/science/RLL_COSMOLOGY_GAP_AUDIT_20260717.md	8744	.md	documentation_md	155	e5c924a880668145d442ca1af9b5e2cc2890524ec93f60792654a42652b2b0cc	token_vazio_declared,cosmology_validation_marker
docs/science/RLL_CROSS_DOMAIN_EQUATION_INTAKE.md	3445	.md	documentation_md	84	784f66ae46de2ac486651b5cb3d8f1f5538168a5dedb31c4c13b03092b640f9c	token_vazio_declared,cosmology_validation_marker
docs/science/RLL_CROSS_DOMAIN_EQUATION_RISK_ASSESSMENT.md	4746	.md	documentation_md	82	69bb14c532fce0945f94e05096cfb5fa7f06b41d6340f5e2234dbdb771eed12f	token_vazio_declared,cosmology_validation_marker
docs/science/RLL_CRUZAMENTOS_COMPLETOS.md	12115	.md	documentation_md	340	d93611a3306c0b176ad70e1340c0803d45b068140898d2fcc532ef46b4c5681e	token_vazio_declared,cosmology_validation_marker
docs/science/RLL_DESI_DR2_INTERACTION_LITERATURE_REVIEW_20260808.md	12513	.md	documentation_md	301	1f00ee3c0eca294a4843aa7bdd9e0cc4d50a1bbe9a045e172d285eef7c724f73	token_vazio_declared,cosmology_validation_marker
docs/science/RLL_FORMULA_LITERATURE_EDGE_VECTOR_AUDIT_20260822_V1.md	9668	.md	documentation_md	147	f66559537dae33788d5b3967e3759938fc3b602839c60f17813c051af502ad05	mentions_synthetic,mentions_mock_or_placeholder,token_vazio_declared,cosmology_validation_marker
docs/science/RLL_FRONTIER_RESEARCH_COMPOSITION_ORCHESTRATION_20260729.md	8325	.md	documentation_md	193	503dd4f88ae14c848aec50a4d6c58aa60078e4f2aa9cd1a03a51737f7198e5e2	mentions_synthetic,mentions_mock_or_placeholder,token_vazio_declared,cosmology_validation_marker
docs/science/RLL_GRADED_POSSIBILITY_LADDER_20260729.md	4116	.md	documentation_md	96	3c0355065a1bd7e45aae5eb01588b1ba0940e60e1e4a3c068c5a6f4bef53b00a	mentions_mock_or_placeholder,token_vazio_declared,cosmology_validation_marker
docs/science/RLL_HZ_REAL_FREESTANDING_MODEL.md	3554	.md	documentation_md	136	d9e112cc101dad851fdb777cdc125b8f20fa38649800ea211e9f6bbf50d74af1	cosmology_validation_marker
docs/science/RLL_INFINITY_OPEN_EVOLUTION_PROTOCOL.md	5578	.md	documentation_md	144	1ae3e108065154bb6c97c2957e516a75fbc713954504464407af04652e88712c	token_vazio_declared,cosmology_validation_marker
docs/science/RLL_JOINT_REAL_MODEL_BRIDGE_V2.md	5464	.md	documentation_md	193	105a7a5cff36d98cf1c3bbb7c3baef2693e24ceef3f436aebff056e9a192c888	token_vazio_declared,cosmology_validation_marker
docs/science/RLL_LATENT_THESES_AND_RECENT_DATA_CROSSWALK.md	8917	.md	documentation_md	209	77d4e721663fa041e56dbef77327ae3ecd047dfad8f2983b5b24e00344f7b08e	cosmology_validation_marker
docs/science/RLL_MATH_LITERATURE_COHERENCE_AUDIT_20260808.md	13829	.md	documentation_md	408	d5240b02f61ca3172ac3cdc38f6939356b33fbe5a2206077bd0240d23362a904	token_vazio_declared,cosmology_validation_marker
docs/science/RLL_MODEL_FAMILY_SHADOW_PROTOCOL_20260729.md	9729	.md	documentation_md	391	2203e13cf9286e584f648f19d37773fedbbe6d136592ffa045ebc526b99d0125	token_vazio_declared,cosmology_validation_marker
docs/science/RLL_MODERN_PAPER_VARIANCE_MATRIX_20260807_V1.md	7015	.md	documentation_md	67	05d62da8b9ae24e84c39711833b84225d48a5c7a85a1d6254e3921aa77b6b796	cosmology_validation_marker
docs/science/RLL_MODERN_VALIDATION_GAPS_20260807_V1.md	9237	.md	documentation_md	141	4b6ac3b8fa02166c9b084adb8ce1c7f3dc245e2e5ef94ef99719415082359dcb	token_vazio_declared,cosmology_validation_marker
docs/science/RLL_MULTIPHYSICS_FILAMENT_MATRIX.md	9573	.md	documentation_md	325	8b69007b08eb62c9960cef8d7b70ed092b1cda5ed33b68ca3893225c69eae4c0	token_vazio_declared,cosmology_validation_marker
docs/science/RLL_MULTIPHYSICS_RULER_V1.md	6914	.md	documentation_md	245	6eb1209cb322c9b2d63b98b816333f3263facdf8c3feb489158b83efd34d5d1b	token_vazio_declared,cosmology_validation_marker
docs/science/RLL_OBSERVATIONAL_DATA_IMPLEMENTATION_REVIEW.md	5900	.md	documentation_md	164	b408b442cee058e52731824b57ebde29943c5dca13855d805de040cdefcee7b2	token_vazio_declared,cosmology_validation_marker
docs/science/RLL_OBSERVATIONAL_SOURCE_CAUTION.md	2432	.md	documentation_md	71	30d8a6ad4a1ac7c21ca4385335319e2e6281536e01ce26e7fdd60f4c19134958	cosmology_validation_marker
docs/science/RLL_OPERATIONAL_INTEGRATION_HOUSE_20260717.md	7324	.md	documentation_md	294	4421fccfe2f076a40a0ad74989bf0f6d24ae635eb268db63f46877eb38200d0a	mentions_mock_or_placeholder,token_vazio_declared,cosmology_validation_marker
docs/science/RLL_OPERATIONAL_INTEGRATION_INDEX_20260717.md	5663	.md	documentation_md	151	21d26ad0fcd4eec3e6112b2c245e7e4b10c4d998788ce0f060cfe1f560219817	token_vazio_declared,cosmology_validation_marker
docs/science/RLL_QUANTUM_VACUUM_BIREFRINGENCE_CROSSWALK_20260903_V1.md	4767	.md	documentation_md	79	3d455908cde997fb9a45bce951ed67f923d85182c2211db4800d056e06b18e31	mentions_synthetic,token_vazio_declared,cosmology_validation_marker
docs/science/RLL_RECENT_LITERATURE_INTEGRATION_20260717.md	5124	.md	documentation_md	187	adf98233ad83aa2e267f02be9c1c0e8c3ef01ae783b7690f5ecd309f34b1fa34	mentions_mock_or_placeholder,cosmology_validation_marker
docs/science/RLL_RECENT_OBSERVATIONS_CROSSWALK_20260825.md	2487	.md	documentation_md	36	3be3fe7d4ef6a5ba3f707bc04bcc75aa9835f93c21da50d20d0387297c015eab	token_vazio_declared,cosmology_validation_marker
docs/science/RLL_REQUIRED_DATA_GAPS_IMPLEMENTATION.md	3144	.md	documentation_md	106	131e52c1e4980554efc5f1dca227ff3fb89daa73adb40a7d73bd88421506a5a1	cosmology_validation_marker
docs/science/RLL_SCIENTIFIC_VALIDATION_ORCHESTRATOR_V1_20260819.md	12992	.md	documentation_md	486	5c4950a8148e72148c1824f245afa69234351eff74eafbe6f18411b2d0fb46d2	mentions_synthetic,token_vazio_declared,cosmology_validation_marker
docs/science/RLL_STRONG_GRAVITY_CALIBRATION_INDEX_20260717.md	4992	.md	documentation_md	115	f39eb01b69e7d6f229fe24d9ef1bab1c7060decd05718706e75652673252fa38	token_vazio_declared,cosmology_validation_marker
docs/science/RLL_STRONG_GRAVITY_HEURISTIC_CALIBRATION_20260717.md	8670	.md	documentation_md	278	958f8ee4667ae481e6a97f6d79ba25d8541ce407a927342743ed21de693c8901	mentions_synthetic,token_vazio_declared,cosmology_validation_marker
docs/science/RLL_THEORY_PRACTICE_CALIBRATION_OMEGA_PI_INFINITY_20260729.md	7254	.md	documentation_md	303	e51f21651700a002c13d6d0417d5216955a6bd57b9752ee0625965d0c89c74cf	token_vazio_declared,cosmology_validation_marker
docs/science/ROADMAP_NEXT_ACTIONS.md	5995	.md	documentation_md	253	a686197e06f259254f5b0e470d6ca30564b96f31087e45a0523b2197e6d0a746	mentions_mock_or_placeholder,cosmology_validation_marker
docs/science/ROUTE_DEFIBRILLATION_POLICY.md	2191	.md	documentation_md	83	b93c8b2e514c03bedc59f5944c32094e0d191111de042740886f6e713634a817	token_vazio_declared,cosmology_validation_marker
docs/science/SEVEN_DIRECTION_XYZ_ADAPTIVE_EPISTEMIC_AUDIT_20260904.md	7251	.md	documentation_md	266	f1a9cf48391cf9206a6d0488896995e9ead9ffef6fd46b4a0c3091932fe6aae7	token_vazio_declared,cosmology_validation_marker
docs/science/TACTICAL_ROUTE_ORCHESTRATOR.md	3788	.md	documentation_md	87	d8a359e3c4579b2b8c24bbe3f1223d052ed0a911ec86fd01613a9f138713c1eb	mentions_mock_or_placeholder,cosmology_validation_marker
docs/science/TOKEN_VAZIO_PRIORITY_LEDGER.md	5543	.md	documentation_md	116	1ca16543bb4d25c65ec1fc6d889107e7e0a6638baea94c8f5182d89a028e93b5	token_vazio_declared,cosmology_validation_marker
docs/science/VALIDATION_DASHBOARD.md	3970	.md	documentation_md	120	264480830783f6a0a970ac356aaca798f49bb9fd049a8dc09d7104353889d333	token_vazio_declared,cosmology_validation_marker
docs/science/WANDERING_BLACK_HOLES_AND_LENSING_GAPS.md	9699	.md	documentation_md	273	fa467011bd839bc849c49bf669527c1fddcce47de1b215fed4b0ce3b67285c82	token_vazio_declared,cosmology_validation_marker
docs/science/structure_d/AGN_FEEDBACK_BRIDGE.md	1672	.md	documentation_md	68	4eb9cf949d3f8939705cfa23bd2715d9389d3ca2058eee5926a5c3d7a7a731c9	cosmology_validation_marker
docs/science/structure_d/EQUATIONS.md	1635	.md	documentation_md	65	219bffe522cd84e47198253f43f56d4d5a9098dd5a9c4cc16425469c3254af07	cosmology_validation_marker
docs/science/structure_d/EVIDENCE_TRACEABILITY.md	2243	.md	documentation_md	37	b771ea0ccb66383f2f2fdb2ef8f44179244e6f9723442cd584670e8fe51eac1a	cosmology_validation_marker
docs/science/structure_d/README.md	1560	.md	documentation_md	52	c8d944ef91d70a513aaeb65378e77832d622573cbfc474fc055efebc5e45d775	cosmology_validation_marker
docs/scientific_navigation/ARTIFACT_AUDIT_RUN_31064223594.md	5253	.md	documentation_md	157	386ccc1005cd05d6f02d8d2c15e76b38f31fd76fb5213b00d000d8578bde92da	token_vazio_declared,cosmology_validation_marker
docs/scientific_navigation/HOTFIX_SCOPE_RUN_31064223594.md	655	.md	documentation_md	24	39298ae8914670b8382b9a4b5910723b68049b7f7bc76e5ba1cde028fbc10225	cosmology_validation_marker
docs/scientific_navigation/README.md	4752	.md	documentation_md	168	c2bdb4fc3bcf994af9784805ae394dda5c951438e1de9f4f1761cc5ceef161a6	token_vazio_declared,cosmology_validation_marker
docs/strong_gravity/FLOQUET_ROTATIONAL_SUPERRADIANCE_BRIDGE_20260813.md	1766	.md	documentation_md	28	18431e72205a36eca895bf98ce111ca1805cfd9f7eacfeab79ec7800bbeabfe9	mentions_synthetic,token_vazio_declared,cosmology_validation_marker
docs/strong_gravity/GRAVITATIONAL_CASCADE_TRIGGER_NETWORK.md	2566	.md	documentation_md	84	b5da7c5d63e13b56b70332eed24dba11e6dfd022226c398ea694da8382ec3ebd	token_vazio_declared,cosmology_validation_marker
docs/strong_gravity/GRAVITATIONAL_REVERBERATION_CASCADE_INDEX_20260907.md	2689	.md	documentation_md	96	a09e404a505913ec924691166e82f488ffb93bf1322d77c6e6148fce6ca6eb22	token_vazio_declared,cosmology_validation_marker
docs/strong_gravity/GRAVITATIONAL_REVERBERATION_RESPONSE.md	1648	.md	documentation_md	70	d13f7ecf0bf85eee499f802de23b6dc3e0e7aae817b7284217c36793f7804d9a	token_vazio_declared,cosmology_validation_marker
docs/strong_gravity/MAGNETOROTATIONAL_JET_BRIDGE.md	8741	.md	documentation_md	347	25bbec2978269b0d5d72466ef22c75493feb4167cb5200932ad60180131fee3a	cosmology_validation_marker
docs/strong_gravity/RELATIVISTIC_COMPRESSION_RADIATION_BRIDGE.md	4283	.md	documentation_md	102	9c2ffe99622444275d31d989be20ea9266226af7ff1215f212ddb5d9d5c4894f	cosmology_validation_marker
docs/strong_gravity/RELATIVISTIC_COMPRESSION_RADIATION_INDEX_20260718.md	6281	.md	documentation_md	144	960fe2c0ccf3c99f92cf39aec5306066ffd24ef118904fdbb8b5d6f7637f410e	cosmology_validation_marker
docs/strong_gravity/SESSION_MAGNETIC_GRAVITY_COSMOLOGY_SYNTHESIS_20260720.md	11609	.md	documentation_md	482	226ec2b539cf799923db636daf7af65cba87c11becffab3a03c3cf9ad0af1117	token_vazio_declared,cosmology_validation_marker
docs/strong_gravity/SESSION_MULTISCALE_AVALANCHE.md	1406	.md	documentation_md	39	488bd6d5054b948ea7317f1e11b14d3a35f044b070f0876abf925ec8f5630b6e	cosmology_validation_marker
docs/strong_gravity/SPIRAL_PLASMA_THERMAL_BRIDGE.md	7143	.md	documentation_md	234	b8f119b179aa51e8454e640c302aa5e32452fab8fb3a56dbd6415e3bfb73a8b5	cosmology_validation_marker
docs/strong_gravity/TOROIDAL_SINE_REFERENCE_ADAPTER.md	3068	.md	documentation_md	115	edc5674d741ca59f81c7407f42a1059b2fa70526ff90e31291a03b1a4054ad70	mentions_synthetic,cosmology_validation_marker
docs/templates/RLL_ACADEMIC_REPORT_TEMPLATE.md	1896	.md	documentation_md	122	6674ea34489da8432e77e39db526ffd9b3a419b9925e840383eb036da033a6c3	token_vazio_declared,cosmology_validation_marker
docs/templates/RLL_PARAMETER_POLICY_CHECKLIST.md	1340	.md	documentation_md	32	98707d4f6e333d5efdf7c6f89af100d94ea3d079a47a90c43395c8367ed7a061	token_vazio_declared,cosmology_validation_marker
docs/templates/YML_ONTO_EPISTEMIC_HEADER.md	815	.md	documentation_md	42	7c48b61ab694d66ff68243347f6ee788cf2222adefad0f033769c24e21d205a8	mentions_synthetic,token_vazio_declared,cosmology_validation_marker
docs/tracking_frentes.csv	6596	.csv	data_or_result	23	7c132ec01ae6de9381f0aaea6034b1bfa1f95d59e9a44bdee04cf2d7d509eef0	cosmology_validation_marker
docs/tracking_frentes.json	12594	.json	data_or_result	332	f03802e04464e962c95a924ee5ef08be29344c873820b7cb64098f5c07033aa8	cosmology_validation_marker
docs/tracking_frentes_id_mapping.csv	950	.csv	data_or_result	20	7c4d708a5c8293311d39c849c144813643ffef65d3537e8eb64e63659b74d25f	cosmology_validation_marker
docs/ux/RLL_STUDIO_RECEIPT_ADAPTER_V1.md	3487	.md	documentation_md	113	52a6ecc7367befff24b742e2dbd823072d6fc27aca4e970617a851e283dff761	token_vazio_declared,cosmology_validation_marker
docs/ux/RLL_STUDIO_UX_V1.md	6716	.md	documentation_md	209	f2ff70774cec0aac985972a687a9549002c52fe451e6a771d1ce289b20f30fa8	token_vazio_declared,cosmology_validation_marker
docs/workflows/FASE_25_1_CONTRATO_EXECUTAVEL.md	3851	.md	documentation_md	103	7962d37279a2d47ba160f727d1022b1317ecef437cc065615072b8414fd10028	token_vazio_declared,cosmology_validation_marker
docs/workflows/INDICE_ARTEFATOS.md	9217	.md	documentation_md	168	20d280f9f436360dd75a0f16736febf0df6a72f38251123d66be9bb45267519b	token_vazio_declared,cosmology_validation_marker
docs/workflows/INDICE_CANONICO.md	23484	.md	documentation_md	641	71a5767de46e6e6de50e50223fa2f9ee6cce371dfbd2394cf951bbbc258305ac	cosmology_validation_marker
docs/workflows/MAPA_ARTICULACOES.md	9192	.md	documentation_md	220	f905b42d4fbc94ed51a45d418e602d16a6fbb3bd96e5ec103df7fff85e29a54d	mentions_synthetic,token_vazio_declared,cosmology_validation_marker
docs/workflows/README.md	2164	.md	documentation_md	49	98e8e2154611054667f7f1a9bc2284367c1ee59b63ae95284ec86732e8ab9ba9	cosmology_validation_marker
docs/workflows/RLL_TRANSIT_TOWER_V1.md	4768	.md	documentation_md	98	e720d0bb3eeeda2d7c21f79556e496e957a8cc9bd7835515df45be3a2e9703b7	cosmology_validation_marker
docs/workflows/RLL_WORKFLOW_ARCHITECTURE_OMEGA_V1.md	8443	.md	documentation_md	310	4ad50476859dd618e376a1b443118b2969441ad36a20f06b7c850184d6621304	token_vazio_declared,cosmology_validation_marker
docs/workflows/WORKFLOW_CONTRACT_SYNC.md	2728	.md	documentation_md	93	62d231f615e543a44faa1923125096806f566ce024b06349a6aec1d65337263c	token_vazio_declared,cosmology_validation_marker
docs/yml/COMPUTE_EXCELLENCE_NOTES.md	4351	.md	documentation_md	78	e8857e4aa9e8136463da457e0790d713ddd0e655b9b0d863e0180f194c93b422	cosmology_validation_marker
docs/yml/FRONTIER_SCIENCE_CROSSMAP_2026.yml	6470	.yml	config_yml	198	ccea06ee6771f96021367b61c764b749e005d005851c157638c02b6ecafad6e6	token_vazio_declared,cosmology_validation_marker
docs/yml/PROOF_OBLIGATION_REGISTRY.yml	4483	.yml	config_yml	121	9b8214587b6eafd2ddc793e857f600948cc2594c2116515cdafde730c93ff2a6	mentions_synthetic,token_vazio_declared,cosmology_validation_marker
docs/yml/REAL_SYNTHETIC_BOUNDARY_AUDIT.md	76737	.md	documentation_md	496	27f2eeaab29d4a394c4ff0697d841a9ac09eff3270821deffc1c9f853286af42	mentions_synthetic,mentions_mock_or_placeholder,token_vazio_declared,cosmology_validation_marker
docs/yml/RLL_ARTIFACT_GAP_LEDGER_2026_06_27.yml	8644	.yml	config_yml	246	b03aa435ef73d36b7dd1708580f9293d049d954e64b0ddb8f0592efa05eda65e	mentions_synthetic,mentions_mock_or_placeholder,token_vazio_declared,cosmology_validation_marker
docs/yml/SYSLOG_HUMANO_RLL.md	1671	.md	documentation_md	91	2e801da7430d44527e4b8eca70a0a33787762bd40cd260f3d0722dcf5b189fde	token_vazio_declared,cosmology_validation_marker
docs/yml/TO_ADD_LOOSE_FILES_PLACEMENT_REGISTRY.yml	7024	.yml	config_yml	172	f0663d56f8a42ca920ebbb08dc416b19073f45e3f231b8ea3fe37e0afea57db5	token_vazio_declared,cosmology_validation_marker
docs/yml/TO_ADD_MIGRATION_LEDGER.yml	4925	.yml	config_yml	121	73ae4388db27cf400170c66f6366e9108232f312600455462a84cb86cf4af17a	cosmology_validation_marker
docs/yml/TO_ADD_NEURO_ECHO_PHOTON_CHEMISTRY.yml	5841	.yml	config_yml	124	c9850f7ff9231b0812620fa9fd62283bfea788e59e69c42d60a58333e93c882c	token_vazio_declared,cosmology_validation_marker
docs/yml/WORKFLOW_EXECUTION_MAP.md	87339	.md	documentation_md	798	5152a1a8fdb352f7314bfff196453cf7e6b733158cd2787a924ae3d0a3625acb	mentions_synthetic,mentions_mock_or_placeholder,token_vazio_declared,cosmology_validation_marker
docs/yml/WORKFLOW_REFACTOR_AUDIT.md	14463	.md	documentation_md	88	09d80f96ee328344d119261d90528651b3f2397030c5b4d2ff08ffdd3f1db73b	token_vazio_declared,cosmology_validation_marker
docs/yml/YML_BLOCKED_ITEMS.md	1341	.md	documentation_md	16	2a5dd407156bda4123f4a47cc6ebc8f061a6818e2a4749427f010c71ceaa9f3a	mentions_mock_or_placeholder,token_vazio_declared,cosmology_validation_marker
docs/yml/YML_FILE_LEDGER.tsv	67088	.tsv	data_or_result	111	a7a2113d9a82df7837d04cd9d6aaf0b3431e3c9a21491ba28ecf0eeb85bfbd86	mentions_synthetic,mentions_mock_or_placeholder,token_vazio_declared,cosmology_validation_marker
docs/yml/YML_HARDENING_EXECUTION_2026_07_09.md	2281	.md	documentation_md	67	2c0d83aa5585c3f2445900cc5b9e54bc59918c4465f4b8344888134cc9982d6d	token_vazio_declared,cosmology_validation_marker
docs/yml/YML_MASTER_LEDGER.yml	10208	.yml	config_yml	266	74f31a8783df36cc2062eea0408c6481212797e67582f78a5b68467f48c616c6	mentions_mock_or_placeholder,token_vazio_declared,cosmology_validation_marker
docs/yml/YML_NEXT_ACTIONS.md	1298	.md	documentation_md	17	1e112961ce8f76e738cbdc50f0428d5ceca0b6cb5b3fda0e2c35735769f9ebf4	cosmology_validation_marker
docs/yml/YML_ONTO_EPISTEMIC_REGISTRY.md	6482	.md	documentation_md	231	c85c07c396a3e84615bb93b1e007713a63ab9faaac37e07fdb2a5d02c7c7d8e1	mentions_synthetic,mentions_mock_or_placeholder,token_vazio_declared,cosmology_validation_marker
docs/yml/YML_ORCHESTRATION_REFACTOR_MAP.md	13811	.md	documentation_md	646	3955ffbacea858a7a865e35992178bfb2a60aaa66a6a54d25c960f0f296cabbc	mentions_mock_or_placeholder,token_vazio_declared,cosmology_validation_marker
docs/yml/YML_PIPELINE_EXECUTION_READINESS.md	62596	.md	documentation_md	270	edac8cd5381a7f1f19b6ec5a9b8b38e4dc2b1b20b830dab121812c31e442c5f9	mentions_synthetic,mentions_mock_or_placeholder,token_vazio_declared,cosmology_validation_marker
docs/yml/YML_REFACTOR_APPLY_PLAN.md	1556	.md	documentation_md	39	a305804a1973c4e9f3b3312bd4379fb8d1bbb0b7125ce050e41fd85d4409af1b	mentions_synthetic,cosmology_validation_marker
docs/yml/YML_REFACTOR_PLAN.md	1725	.md	documentation_md	17	2c60bcb836b1fd78af8ea35f69074322e09994317dcb49b994f086e4ef5e9160	mentions_mock_or_placeholder,token_vazio_declared,cosmology_validation_marker
docs_toroidal_knowledge.md	2402	.md	documentation_md	49	0dee08af51ce4623f8ee1de9fedf791a8fbcb4867ea581a3c0453bc6d8336f92	-
evidence/ingress/RLL_ARM32_SUPERRADIANCE_FORK_INGRESS_20260827_V1.md	4695	.md	documentation_md	101	7b7c0e2e31d9920e5aceac2b9b92314575ee38053d321b9bffe8e63b4be3d882	token_vazio_declared
examples/rafaelia_tail_protocol_example.html	3924	.html	other	126	e2c541b84350b23f2454f69c469e023f1b725a8fc3ca18690d0cbe2e66e5e263	-
examples/rll_omega_residual_example.json	906	.json	data_or_result	35	afe5038d8c0886df05b497bc2d61885fa828cd50f369046097d72655d5b1eed8	mentions_synthetic,token_vazio_declared
figs/archive/IMG_20250902_195832.png	94822	.png	other	0	985cfab10cc665aba25156e21efce3ae81e98d230db0d12adb8187824251a35a	-
figs/archive/IMG_20250905_014214.png	301006	.png	other	0	2b5119f623b4b30bb7c1e8f94008e2c2f31911a86c1d4b1e88754a9a53f16abd	-
figs/archive/Screenshot_20250905-014200.png	306565	.png	other	0	47c0f73427df6623847a04f6ae9a3ab75af6f78af70eead4e5b7d663d15c9b56	-
figs/archive/Screenshot_20250905-014236.png	124817	.png	other	0	1ce7f05ca65f9ec64eba89cd83fdbc7bbfb291056393ea98d0158cce999571f1	-
figs/archive/Screenshot_20250905-014242.png	64658	.png	other	0	9ab5f6970dac85fb7e9e621e6fc8ba64bc94cf4cb57db582a96a500e1668fb51	-
figs/archive/Screenshot_20250905-014245.png	441907	.png	other	0	a0a531ffbf36109b60b61cd1250ca32048388f99331da4bc0c08aa653bc50697	-
figs/archive/Screenshot_20250905-014249.png	352554	.png	other	0	95d307254e176aa5a94f44c9ab0fe03a0dfa85f118f67777b06301f0d7d465ac	-
figs/archive/density_evolution_sup.png	105002	.png	other	0	6d124d88bc84dc791423dd361cf99d5ed85cadc3f4155a16df54aafd99e80d42	-
figs/archive/duplicates_archive/mock_H_fit (2).png	89197	.png	other	0	1ceafda0168efd473f91fa7ee7bcdc766f2bd61302d33b5d813187d801fe5877	-
figs/archive/duplicates_archive/mock_SN_fit (2).png	74140	.png	other	0	66ce8b2142614291c3e217a4f62b4072eb4ca93501320501a9567e89bbf678f2	-
figs/archive/duplicates_archive/mock_SN_fit (3).png	74140	.png	other	0	66ce8b2142614291c3e217a4f62b4072eb4ca93501320501a9567e89bbf678f2	-
figs/archive/duplicates_archive/post_1d_Os (2).png	55672	.png	other	0	52f572055f6277cd08e3f5976d12505dc765e43b1312b2fcb498c5e1252cbb9d	-
figs/archive/duplicates_archive/post_1d_zt (2).png	61276	.png	other	0	007e21eee0dfa756ef123289b2822cec594dd93c50399b68de76ca74fa777b43	-
figs/archive/duplicates_archive/post_1d_zt (3).png	61276	.png	other	0	007e21eee0dfa756ef123289b2822cec594dd93c50399b68de76ca74fa777b43	-
figs/archive/duplicates_archive/post_1d_zt (4).png	61276	.png	other	0	007e21eee0dfa756ef123289b2822cec594dd93c50399b68de76ca74fa777b43	-
figs/archive/duplicates_archive/post_2d_zt_wt (2).png	185771	.png	other	0	0b8f04711c3f909941bc9cfe8b8e8c159d44019e8c4a44637b830f83b053fc7b	-
figs/archive/file_00000000bf0c71f59bb294eeaca6995f.png	366899	.png	other	0	9b0806501ac924308e61e3a0078de29ee1dc48ca4e06f54a548f510d6f106af4	-
figs/archive/hz_superposicao.png	91515	.png	other	0	e5b9bfb6ef0cfa347144236ad3adbd03d40ed7749b1d2b3bcec692a147ce3c05	-
figs/archive/last_corner_plot_unified_highres.png	5215181	.png	other	0	9182ddb5b5b42708e43aef224d095894400a0864a76f522ba3c271e6bd80f1a4	-
figs/archive/mock_H_fit.png	89197	.png	other	0	1ceafda0168efd473f91fa7ee7bcdc766f2bd61302d33b5d813187d801fe5877	-
figs/archive/mock_SN_fit.png	74140	.png	other	0	66ce8b2142614291c3e217a4f62b4072eb4ca93501320501a9567e89bbf678f2	-
figs/archive/post_1d_Os.png	55672	.png	other	0	52f572055f6277cd08e3f5976d12505dc765e43b1312b2fcb498c5e1252cbb9d	-
figs/archive/post_1d_zt.png	61276	.png	other	0	007e21eee0dfa756ef123289b2822cec594dd93c50399b68de76ca74fa777b43	-
figs/archive/post_2d_Os_wt.png	186842	.png	other	0	c339f50c2270608608174504285c00f06bda9216ee33e23bf24079e383485673	-
figs/archive/post_2d_zt_wt.png	185771	.png	other	0	0b8f04711c3f909941bc9cfe8b8e8c159d44019e8c4a44637b830f83b053fc7b	-
figs/archive/rotation_curves_sup.png	115203	.png	other	0	f322d0bdb95d594c5df678451c26cbb624ff06d48e561ea39a0eae02f9bda87e	-
figs/conceptual/concept_density_evolution_superposition_v01.png	40	.png	other	0	678f9701e806f5193176fafd2a9a0752c42500c01341e3dea0a77726b7ca47a9	symlink,broken_symlink
figs/conceptual/concept_expansion_hz_superposition_v01.png	34	.png	other	0	e092fede2998c2dcb39e8ebdf365fb6e3bdc02be3cbf7babbcf652046b01b273	symlink,broken_symlink
figs/conceptual/concept_mock_hubble_fit_v01.png	29	.png	other	0	b9e864ad6af9eaecc884b15026e84c6d59e1691c19faa95d69a29b78390ec38c	symlink,broken_symlink
figs/conceptual/concept_mock_hubble_fit_v02.png	29	.png	other	0	bc241187e96cbd6b5cbc6d556cc3a270c2e996cc7b4794de290f4e42a9aad124	symlink,broken_symlink
figs/conceptual/concept_mock_supernova_fit_v01.png	30	.png	other	0	731528ea54dd7f90c50f8023cf4d84e47609d9d9c1f571df7978276c3522722e	symlink,broken_symlink
figs/conceptual/concept_mock_supernova_fit_v02.png	30	.png	other	0	6f181d73bde4044201c9cfe51691f12d83d2854b562123f00ef4192194a055c5	symlink,broken_symlink
figs/conceptual/concept_mock_supernova_fit_v03.png	30	.png	other	0	27b81ee7f9f412afee5911474d8222f93cb9231fe700bd78ba862260bc25857d	symlink,broken_symlink
figs/conceptual/concept_posterior_omega_s0_1d_v01.png	29	.png	other	0	b08d096f7489d948af61f95911d7b5bf654d3244abdc88a58351c725ce41d998	symlink,broken_symlink
figs/conceptual/concept_posterior_omega_s0_1d_v02.png	29	.png	other	0	f2aedaa0a2f1f47481523576ab3fee89053b9bc9e1105a870b69d02cfe794b7b	symlink,broken_symlink
figs/conceptual/concept_posterior_omega_s0_wt_2d_v01.png	32	.png	other	0	2258c4e059cfce1f8333de5324d9b0a76ca7f4ba6236d9c73f0520929d4393c7	symlink,broken_symlink
figs/conceptual/concept_posterior_zt_1d_v01.png	29	.png	other	0	532a616061fb748c16147d2a19cd9aa0bacfe23e332dce6beec98a293e0aafef	symlink,broken_symlink
figs/conceptual/concept_posterior_zt_1d_v02.png	29	.png	other	0	c48b5a37054d90d756df1f779c4a93c943c1cf60bc360ee8fbbec5bd7e266400	symlink,broken_symlink
figs/conceptual/concept_posterior_zt_1d_v03.png	29	.png	other	0	c33d04c476627a10d4d4c6b2455d342eae6091eff2ba41b77083f5d76dd785a8	symlink,broken_symlink
figs/conceptual/concept_posterior_zt_1d_v04.png	29	.png	other	0	e9ba4273c4d01b35994c3f3f9b4c68b893d462edd230bb561c011777466f4832	symlink,broken_symlink
figs/conceptual/concept_posterior_zt_wt_2d_v01.png	32	.png	other	0	339ddc526754874edb43bad8431493aab427d67ea66660eefc44dd9754b7431c	symlink,broken_symlink
figs/conceptual/concept_posterior_zt_wt_2d_v02.png	32	.png	other	0	b5d3b0994a462d0639f577a9958000539824b58a0a5f98dfc9d4f8f8a5e3fd5b	symlink,broken_symlink
figs/conceptual/concept_rotation_curves_superposition_v01.png	38	.png	other	0	5ebc717ced34444bd6c1044fbcdfb61cb4e7c08725af803b2f75d80031400f55	symlink,broken_symlink
figs/paper/H_ratio_vs_z.png	80285	.png	other	0	7169c739d84d095da41f9670477a49c8056ff5561f339df7016b8f68923634e8	-
figs/paper/RLL_validacao_real.png	241555	.png	other	0	30238a2aa22e620e04da5ec9e330d5c93affc2131811a02bf133f9252f91b5ed	-
figs/paper/ciencia_hz_superposicao.png	91515	.png	other	0	e5b9bfb6ef0cfa347144236ad3adbd03d40ed7749b1d2b3bcec692a147ce3c05	-
figs/paper/cluster_lensing_SIS_unified.png	99425	.png	other	0	25768374838271231dddeb59e68793e72c0c62d4af5f18abce6184ac2e0d7c1c	-
figs/paper/corner_plot_unified_highres.png	5215181	.png	other	0	9182ddb5b5b42708e43aef224d095894400a0864a76f522ba3c271e6bd80f1a4	-
figs/paper/density_evolution_sup.png	105002	.png	other	0	6d124d88bc84dc791423dd361cf99d5ed85cadc3f4155a16df54aafd99e80d42	-
figs/paper/f_transition.png	64491	.png	other	0	4f1cb91ad60035540c333cb145e703776fadd50e6dcd0988fbcb648e91fef953	-
figs/paper/fig_degeneracy.png	82304	.png	other	0	2af42d3ac911086a69c6d32e3765ea28ff41eb8c60ee37b44b5b6d2ee5db234c	-
figs/paper/fig_kappa_field.png	100527	.png	other	0	b4c0605548e81177725512876667093ad4fe32d7af1b106619a8595527474333	-
figs/paper/fig_pipeline.png	38251	.png	other	0	267826ca7a6cb9ae2d7cf1849d1b3e39b7530dfa80059448673f620a99764a5b	-
figs/paper/fig_quadratic.png	67274	.png	other	0	16a8dfe3522a2f601b98ae64ef9fdec54318319a3ebb46279d0eb3075c97819a	-
figs/paper/hz_superposicao.png	91515	.png	other	0	e5b9bfb6ef0cfa347144236ad3adbd03d40ed7749b1d2b3bcec692a147ce3c05	-
figs/paper/mock_H_fit.png	89197	.png	other	0	1ceafda0168efd473f91fa7ee7bcdc766f2bd61302d33b5d813187d801fe5877	-
figs/paper/mock_SN_fit.png	74140	.png	other	0	66ce8b2142614291c3e217a4f62b4072eb4ca93501320501a9567e89bbf678f2	-
figs/paper/mu_residuals.png	70160	.png	other	0	de85c1dd5e445ed626eee187f6f77f5cdd61f9370f1a13e673aaa53f1fbd309a	-
figs/paper/post_1d_Os.png	55672	.png	other	0	52f572055f6277cd08e3f5976d12505dc765e43b1312b2fcb498c5e1252cbb9d	-
figs/paper/post_1d_zt.png	61276	.png	other	0	007e21eee0dfa756ef123289b2822cec594dd93c50399b68de76ca74fa777b43	-
figs/paper/post_2d_Os_wt.png	186842	.png	other	0	c339f50c2270608608174504285c00f06bda9216ee33e23bf24079e383485673	-
figs/paper/post_2d_Os_zt.png	196929	.png	other	0	91f67771fe2628651b31dfd026bcc86885cac7baf06a8dcfea8a8d1f905e7c20	-
figs/paper/post_2d_zt_wt.png	185771	.png	other	0	0b8f04711c3f909941bc9cfe8b8e8c159d44019e8c4a44637b830f83b053fc7b	-
figs/paper/rotation_curves_sup.png	115203	.png	other	0	f322d0bdb95d594c5df678451c26cbb624ff06d48e561ea39a0eae02f9bda87e	-
figs/paper/rotcurve_NGC_2403.png	95568	.png	other	0	dde930ffe26b0223843bae0d4bcb2aecf406d338aa913334c0493df4da31c586	-
figs/paper/unified_H_ratio.png	74040	.png	other	0	cccf8d65826ca0aeb22dc3899a8e4d49b1adfd332b4ba36b5af3091968c03e4e	-
figs/paper/unified_entropy_Hratio.png	86167	.png	other	0	550cff1965bea2757f140af8fecc4cc78a9246eef1a0880cca49cc24f18a8a66	-
figs/paper/unified_entropy_dmu.png	76187	.png	other	0	43a265815bf849d033d4fa23f790a740df6324032f8bf341923c0de0f9d3260f	-
figs/paper/unified_f_and_weff.png	80769	.png	other	0	717e12772d26fc9a851fb8f330e570715a3eb5258bd1475ee350171668917c10	-
figs/paper/unified_fractions.png	82850	.png	other	0	abfb79bc7391b5dde90413b4d98118afe6eb80fc53cf9a412858de6754843245	-
figs/paper/unified_growth_fs8.png	68403	.png	other	0	fc9b5cf3a5a87717b8971aef9519a8a2eacb3375aa09be253cfc9f38b19b6982	-
figs/paper/unified_mu_residuals.png	61083	.png	other	0	671e5a89f1acc9fce6349d9f7b36437a30de12a0825d644fc92dd4ecf96c6dc7	-
fixtures/ambient_field_observation.example.json	7087	.json	data_or_result	251	ab0cd5e697f762160ca05c9cfd5c5f5f7ae6dfff4046e2df8f7add87df81db69	mentions_synthetic,token_vazio_declared
fixtures/rll_run_manifest.partial.example.json	1120	.json	data_or_result	36	cb99c410d7da9314c5c251073a0c5881421ce63b103104a31e3e45a5650ad8a5	mentions_synthetic,token_vazio_declared
fixtures/rmrcti_delta_p_observation.example.json	2827	.json	data_or_result	102	cc2db18d94a6ef07eb17f033cf93dc513e4746d51c6e0490f8206f57ba9bdfbe	mentions_synthetic,token_vazio_declared
governance/ethics_license_complexity_sustainment.v1.json	15136	.json	data_or_result	235	8e97b8fccbe7f94337bdaa9fd2f5ee8b015e7bb9934a6e32d023b27c6836d8e6	token_vazio_declared
governance/modules/climate-multiphysics.v1.json	4562	.json	data_or_result	57	e2fa54471aaa551f8b70715735d7611a5ec94c8df2a4fa33dceda91a45a38bb9	token_vazio_declared
governance/modules/ethics-by-design-complex-networks.v1.json	5683	.json	data_or_result	120	ffcbbc866b5c66d3f2bbbbe177486d2ee4660c1ba032cfcb1b7aecdeefa28560	token_vazio_declared
governance/modules/life-sciences-ecosystem-engineering.v1.json	6011	.json	data_or_result	76	48df9989b7452aee7b08fcc32af9c92d00e2c3556bc6937bfac555a0e0d00ae1	token_vazio_declared
governance/receipts/github-settings/dependency-graph-20260801.yml	2190	.yml	config_yml	61	5fff66592f66bc9b68a3428be198f76fd0a200772a1f3e02a3f4a8c6d3348168	token_vazio_declared
governance/rll-governance-profile.v1.json	6013	.json	data_or_result	110	5bda449039711fe290359133c2c090ef2eeb68a130d1712b889979fba8eab97c	token_vazio_declared
governance/rll-module-contract.schema.json	2998	.json	data_or_result	70	d0436be8c1a62139cc464d12f9e4ef9999c87e81842616411558670052fa0be1	token_vazio_declared
gradle.properties	171	.properties	other	0	9708138976d7c40d09854f26fbe5aa9b1af186cd42b66fe15854b3f2912ab644	-
gradle/wrapper/gradle-wrapper.properties	253	.properties	other	0	23b7b98fa7f086c7310fb49d39084bdb472003a03f3b8508b43098f381d53114	-
gradlew	8733	NO_EXT	other	0	b187b4c52e749f5760afdd6fadc31b2a98ad35fb249bf0dff03b72650f320409	-
gradlew.bat	2937	.bat	other	0	1d297e00bd21de3ace22b4d7f2de1f9dfa858883d66bbf7c1ccbecccec8f4f3b	-
internal/governance/capabilities.json	589	.json	data_or_result	21	779ff3b009bd4b9bbc066ca723255933996dcc078d49422fc0bfac4fa3a0b92c	-
internal/governance/policy.json	454	.json	data_or_result	19	9f79f82998905e16d4a6ffbab33d55de440078970efb58b8f7aade6ba299f79e	-
internal/orchestrator/vertical_slice.md	807	.md	documentation_md	16	4fd2d68abd7755e26a2f0a74b2e1f7659ba0acada5cddcb8fc0ea7ef4111a214	token_vazio_declared
knowledge_ecosystem/README.md	3231	.md	documentation_md	88	d89e0e637f0fffdb8081a2f52fe0ada06d2b6231002835ba9efa8482489f8c2d	token_vazio_declared
knowledge_ecosystem/academic_integrity_and_plagiarism_policy.md	2631	.md	documentation_md	122	a5f23a64890694320ae59ec4f42c5f510af13dec8aea10b852cd274b4f3ec621	token_vazio_declared
knowledge_ecosystem/astrophysics_compression_claim_roll.md	4224	.md	documentation_md	75	657c7621b812f5d99f5a083a1b6fa74afee250e5cdcf502b033a25b4f716f63c	token_vazio_declared
knowledge_ecosystem/bibliographic_reference_chain.md	4744	.md	documentation_md	190	6e57bd32e6248d14ba241f9d53a891a0f6cf5702aa48808663cdc4bb0f90587f	token_vazio_declared
knowledge_ecosystem/claim_state_ledger.md	3151	.md	documentation_md	94	5a845a6c3b67f75d919eec21d763105d89680216b9667a10b3a4a29fff124860	token_vazio_declared
knowledge_ecosystem/examples_ref_required.md	3935	.md	documentation_md	75	6f3d2657cf8fc8c2ebb0e5fd8ccd9460c46f126b3842c60c0f4125b190ae8d18	-
knowledge_ecosystem/governance_audit_2026-06-16.md	7123	.md	documentation_md	229	2717ee625ade7980bb89c3c407797df85305d8cf1622df347edcfb530271326e	token_vazio_declared
knowledge_ecosystem/hotfix_operational_plan.md	3142	.md	documentation_md	125	9edd77d681426ece75086a2eac044097033dbc41691d8526a67daed38649d076	token_vazio_declared
knowledge_ecosystem/origin_reference_protocol.md	3140	.md	documentation_md	120	3bb0b453b8896161a6a3f72f779575c12077968fb0eb0806c73d4384f5818c09	token_vazio_declared
knowledge_ecosystem/public_safety_transparency_network.md	3954	.md	documentation_md	143	4b67fac62c6522a7c8041f0e4279200dae6d24a10416421f33c5b7191756eee8	-
knowledge_ecosystem/publication_doi_pipeline.md	2474	.md	documentation_md	115	8c11448723412dbb91440a91d2b0cc1ee6fdefa9e332147e96a59d44c760d56a	-
knowledge_ecosystem/reference_seed_sources.yml	2926	.yml	config_yml	95	9264067a6e18d643d597fc952a45adb95bb2298ac87a4a2208d1fa48353419ba	-
knowledge_ecosystem/rll_cross_repo_entrelaces_v2.json	9362	.json	data_or_result	208	3eedbad6b724f31d01bb73513aeb9507a3cbd21807a0de33db4ea3a03da70f9b	token_vazio_declared
knowledge_ecosystem/schemas/info_prime.schema.json	2590	.json	data_or_result	114	69d76b5d70ff707b43d2eab4cf066acad1b8fb44b51275987183768f13af7f74	token_vazio_declared
knowledge_ecosystem/session_operating_system.yml	18113	.yml	config_yml	538	26251a930bb59615c6684057ecf492e794654972dd1393eba324d8b496d8f5af	token_vazio_declared
knowledge_ecosystem/source_search_queue.yml	4234	.yml	config_yml	101	2eb433d16099e9afd49fd071904682f6675f6dcd7f079a124485fca4cad178db	token_vazio_declared
knowledge_ecosystem/thesis_theory_formula_registry.md	3680	.md	documentation_md	146	43505f24ace458b4f32676ab675e3e7683d10e6590a085838f1b70a511e6cdbe	token_vazio_declared
main.tex	5809	.tex	other	0	ffe20fa185101b47d20abc57c6b0a5e91f53d1b3c2bc608797af0f56be8416ef	-
native/raf_verbeyes/.gitignore	112	NO_EXT	other	0	600d650400c5bfbf268ec9d7dc4b66d7108586fa00cb14d9a3a64b116c1a2828	-
native/raf_verbeyes/build_raf_verbeyes.sh	13961	.sh	source_code	430	4cbeb9c7e7cad812735fa4e3f07e4200ab11beab79ea89691d3088f42d36ae65	-
native/raf_verbeyes/main.c	4076	.c	source_code	137	60809d1f4434cd5494f7cf347e13e3f4f9b130946d43e52632b3821cbc0eff79	-
native/raf_verbeyes/raf_scanner.c	2734	.c	source_code	87	25520d3a9a807742d5fb77b6143fac82cd9a5fc69c78bd968d038ec787367b91	-
native/raf_verbeyes/raf_verbeyes.h	1194	.h	source_code	41	9ebb2cacc0eb1519a2cbcb570284319bc2ab7ea7edb3f42be89688e114322132	-
native/rafaelia_q16/build_rafaelia_q16.sh	10578	.sh	source_code	125	3c22c801058e8154cb3dcc01188cc002c09796f4766853fd65f5670140fc5fc2	token_vazio_declared
newadd/00_INDEX.md	2854	.md	documentation_md	69	3de4b5e9e433bec54829330418ef3e006ef112ac8ca573f0a0547c5ff27180c9	-
newadd/00_INDICE_ANALISE_PHD.md	7487	.md	documentation_md	159	556028f3f2f59633b7b8256b5f7fe3a27de16e5bf7d79ce9811e9b9688b086f2	-
newadd/01_MATHEMATICS.md	8241	.md	documentation_md	177	fa13a1596b34db45d641866e4d48950bac8a00fd6a8a3ab99d045fc958901731	-
newadd/01_RLL_DESI_CrossAnalysis_PhD.md	27562	.md	documentation_md	489	6ee474576c0bd433f330de4c1d80f86d238f34ad5ad940111740c3d329baf928	mentions_synthetic,mentions_mock_or_placeholder
newadd/02_Formulacoes_Latentes_RAFAELIA_RLL.md	17653	.md	documentation_md	419	554ff1762e1aea94b058ebea6ca9401dcf05d8fb560519e7467b2364778dc2f9	-
newadd/02_PHYSICS.md	13753	.md	documentation_md	256	6ef4ceb2aae5cc05cba5056fe1a88fc28b8b731dd3ee2e7b5092ae6ef9eb02be	-
newadd/03_COMPUTATION.md	10798	.md	documentation_md	343	4c34da8e9093283c2fd5a6f7a9f9daf567d378e9816276aec2686c06cfc8ba16	-
newadd/03_Descricao_Academica_PhD_Completa.md	32579	.md	documentation_md	684	28be7eddc6cc24c97e011d9dd938fa835d228350d25d8b30747348bb97b6ee72	mentions_mock_or_placeholder
newadd/04_GEOMETRY.md	12478	.md	documentation_md	230	4eca9d9d576c447ec008f2e6725826c3e889130117167e4d1a49c58c033e8af6	-
newadd/04_TM_m_inferencia_paper_ready.md	5229	.md	documentation_md	212	8fb03611713b7c281cc7fe15fb19679e089f7b74f0d56d40c00e0e2ed858156f	mentions_synthetic
newadd/05_STATISTICS.md	10346	.md	documentation_md	215	df3ee5ca8c19dbba4d0cf41d858695425d573572c5838b7a3ce65f091ec63bac	-
newadd/05_TAO_LINGUAGEM_COMPRESSAO.md	13171	.md	documentation_md	374	546f147514c8b8832a2ba2dc73a8a1cc755824c3592753193941a0d52bc14e69	-
newadd/06_ETHICS_SYSTEMS.md	11939	.md	documentation_md	232	25a9b84aaa67cb9f5fb75196f341ec0f80f57c2bbec82d74e30c09088fcbf209	-
newadd/07_SYNTHESIS.md	12189	.md	documentation_md	240	fa1c2ac9a9f96b13ae080fe8a5252c654ee4553ffe67b39764103ecc96c20a99	-
newadd/08_VALIDACAO_INICIAL_COERENCIA_AMOR_PROVA.md	6218	.md	documentation_md	372	98081c34ddc41772d4ac2d1f75cd409d1e144745cd4dfaf5d5d75c8484eb05d2	-
newadd/09_FRAMEWORK_RAPPORT_360.md	4869	.md	documentation_md	140	b6e6e6629dd50c94488f3de3620a94f3829dffb43883def555d8aebd49bf54ca	-
newadd/10_TIMELINE_ESTRUTURAL_E_ANTIPLAGIO.md	9081	.md	documentation_md	183	860ef18e02166a8bef3b03d7b6ccaa2e78cfaf46350cd08831c0b8d8e275cec6	-
newadd/12H_REFATORACAO_PLANO.md	5785	.md	documentation_md	90	a6eb49e5df9e3dbb51e6b85102a052c3185df772c932b556918198e2e61890b1	-
newadd/calculos/baremetal/TMKernel.java	1078	.java	other	0	d2ed37670824d3886ec38cfa001a5136571f9f927c480b123ce34f5d197f3232	-
newadd/calculos/baremetal/m_sde_step.S	618	.s	other	0	7c828e6b82c252d78c9aeb6cbb1ef8efd74a32f445396613c106ebde310e5358	-
newadd/calculos/baremetal/phoenix_lowlevel/README.md	701	.md	documentation_md	22	b3125490e193413c4c59a5f290cb4a7019adbaa8a4daa98018b02c962b563fad	-
newadd/calculos/baremetal/phoenix_lowlevel/TMKernelBridge.java	173	.java	other	0	d7f285f53c8066010d48689efe099cd6c2cf2203a716d8312a4a84667f30c438	-
newadd/calculos/baremetal/phoenix_lowlevel/cpu_detect.c	1411	.c	source_code	61	f0f101247d6035c84b9775a161c97b6ca6348abd021110b39c1b1cf1f4a1f7ab	-
newadd/calculos/baremetal/phoenix_lowlevel/simd_probe_aarch64.S	92	.s	other	0	2aaa4de55faaf1e1f1169becfbb6a7cd727b243579badeabbcb04841b1652e85	-
newadd/calculos/baremetal/phoenix_lowlevel/simd_probe_x86_64.S	107	.s	other	0	9cf32fa339855b49457f525f9c1edb61a2467a4764a603e63b80ea46000f718c	-
newadd/calculos/baremetal/tm_kernel.c	10226	.c	source_code	352	2e8da260f4d4a0f69c23ee454a5a1a758b24e83803c591826897a3a5cc1b5c0c	-
newadd/calculos/baremetal/torus_path_sweep.c	9652	.c	source_code	251	8e204c4a39a79540b15eb4db7340b192a4c247796eb88da38fd2896bf6eff0cd	-
newadd/calculos/m_inferencia_template.csv	388	.csv	data_or_result	7	966f689666e59f8b8396f330d0261c0b19443e8c8d206610bc78c6e69121c6ba	-
newadd/calculos/tm_parametros_exemplo.csv	197	.csv	data_or_result	4	c9716418e7ec33607853e60d4f5a6ab26696e08defd1483165db35760fdfd1eb	-
newadd/duplicates_archive/06_ETHICS_SYSTEMS (1).md	10429	.md	documentation_md	213	98f198a2080775f8cf27e78e39afb35af88b3e3bf1e0012eb9c9d739fc13fb98	-
newadd/readme.md	1351	.md	documentation_md	33	72c510de5cddbc95065365355be6fe620dff4097e059e24cdced9f7cd9ed03bd	-
news/archive_legacy/09_GLOSSARIO_COMPLETO.md	7147	.md	documentation_md	149	5fc1394b78480fa1329cd683476115bf24d75168ea648393eb63b03e4cc51fde	-
news/archive_legacy/1/09_GLOSSARIO_COMPLETO.md	7147	.md	documentation_md	149	5fc1394b78480fa1329cd683476115bf24d75168ea648393eb63b03e4cc51fde	-
news/archive_legacy/1/10_FAQ_COMPLETO.md	6903	.md	documentation_md	118	551851011ad0215b63228045dc80825c62ff55ae613fbe29449fd3b17a2dc02e	mentions_synthetic,mentions_mock_or_placeholder
news/archive_legacy/1/11_DOCUMENTO_PRIORIDADE.md	5619	.md	documentation_md	171	353b9069b3a14f95d4809b5973d33afb072fbf17a2328eddcecb0f21f8c2aaff	mentions_mock_or_placeholder
news/archive_legacy/1/BAO_data_real.csv	331	.csv	data_or_result	11	1decb159dd8c276e356e1f2ca45028da0079302a0b7b279797d8e40aab0c9527	-
news/archive_legacy/1/Hz_data_real.csv	1033	.csv	data_or_result	34	1194fe2066dc3d92b4870cfb03d2cdbe2a316deae2e1355943f7f2ccca6d52b6	-
news/archive_legacy/1/RLL_chi2_results.csv	368	.csv	data_or_result	4	b42a2112de1de21c5407f5236032a7c51a70773162fdec7252c278feeafb952c	-
news/archive_legacy/1/RLL_validacao_real.png	241555	.png	other	0	30238a2aa22e620e04da5ec9e330d5c93affc2131811a02bf133f9252f91b5ed	-
news/archive_legacy/1/readme.md	22	.md	documentation_md	1	00c7b63117826f6f06b0fa6e2687ca2e7be25d8cf80b79872191700baee53674	-
news/archive_legacy/1/rll_validation_real.py	13696	.py	source_code	324	85befbbec00944a34d82b915f494fd0beb62b6b2faa609b1a33545178478ec09	-
news/archive_legacy/10_FAQ_COMPLETO.md	6903	.md	documentation_md	118	551851011ad0215b63228045dc80825c62ff55ae613fbe29449fd3b17a2dc02e	mentions_synthetic,mentions_mock_or_placeholder
news/archive_legacy/11_DOCUMENTO_PRIORIDADE.md	5619	.md	documentation_md	171	353b9069b3a14f95d4809b5973d33afb072fbf17a2328eddcecb0f21f8c2aaff	mentions_mock_or_placeholder
news/archive_legacy/readme_legacy.md	98	.md	documentation_md	1	a88f5014d4e6b4f78e627d6622ce61c30b290bf437a23a3ad1d368d639e0a804	-
news/readme.md	400	.md	documentation_md	12	109c12dbbe12f636a70843dd40857ee2abfb9f3a5709c25af3414b366e39e620	-
products/rll-evidence-runner/README.md	4313	.md	documentation_md	131	269ae758e61e0178a79cfe43df3813d34ca886ec9e0f94c6dd577091c8749759	token_vazio_declared
products/rll-evidence-runner/docs/MODERN_VALIDATION_GATE_MAPPING_20260807.md	2296	.md	documentation_md	56	c164bd8f2c57de2b89e7d93532b2d2e811d060b1f6c5c7daf9e3684ed3b1e475	token_vazio_declared
products/rll-evidence-runner/experiments/dovekie_full_precision_lcdm_cpl_rll_fit_v1.yml	4218	.yml	config_yml	96	581acfc30ccbb6fcae97e3261a39b8c7e65f7c3de045dcad7796e40057879c20	token_vazio_declared
products/rll-evidence-runner/experiments/joint_real_lcdm_rll_v1.yml	2042	.yml	config_yml	55	1e061a034d7d02a8bdf575b2d4ff690fdd88a9eacf3eb0e73e6f79818a9b53ac	-
products/rll-evidence-runner/experiments/pantheon_full_covariance_lcdm_cpl_rll_fit_v1.yml	3481	.yml	config_yml	82	255a8d7ffe443a1bd8082989625a1b76e9274438242fdfc7452cf5e7ee83d464	token_vazio_declared
products/rll-evidence-runner/experiments/pantheon_full_covariance_lcdm_rll_fit_v1.yml	3367	.yml	config_yml	78	95a3f1cbf1f43031cb14c60f13b397dd37d224374adda450caa167b94a86a279	-
products/rll-evidence-runner/experiments/pantheon_full_covariance_readiness_v1.yml	1491	.yml	config_yml	34	2d12cffe4d81142d4e8716ecdac2c6919d34774b27f46029745938a2d9f25356	-
products/rll-evidence-runner/pyproject.toml	587	.toml	config	26	567e70d6054c6e802f8eb4e01c29645010ba7701c28ff1f95e61955e9a8bb761	-
products/rll-evidence-runner/schemas/experiment.schema.json	3936	.json	data_or_result	104	a6715ad85fe1788adde5aca02ff5c67674d1c494c414bfb57f298472b9859c2b	token_vazio_declared
products/rll-evidence-runner/schemas/receipt.schema.json	1084	.json	data_or_result	24	8eec8a02f0a87f000739f6c1e010a3e89fc2f18b87540a45ed61e8c80609b069	token_vazio_declared
products/rll-evidence-runner/src/rll_evidence/__init__.py	95	.py	source_code	3	48faba23557d7f135393f3a673cde72c863adc3e25a539c8cf1a46e716da3bc4	-
products/rll-evidence-runner/src/rll_evidence/cli.py	2086	.py	source_code	57	beeca20af455a13cfa9b77d04d0064eff66567bef1028907a429425573cdaf28	-
products/rll-evidence-runner/src/rll_evidence/core.py	18256	.py	source_code	373	3e4ae93ac66d7f977cdb80216533e2487535e498a0007e5745d322eee251a061	token_vazio_declared
products/rll-evidence-runner/src/rll_evidence/dovekie_cpl_wa_profile.py	15476	.py	source_code	371	47b11f91be8f354f39cd5e8860e2567644bff3d1373bd126096f5bab780fa62d	token_vazio_declared
products/rll-evidence-runner/src/rll_evidence/dovekie_fit_three_model.py	22931	.py	source_code	542	89ddf1c5decd5d84ea789bfdcbf5931d79336470329b54d0af202198b5d89c14	token_vazio_declared
products/rll-evidence-runner/src/rll_evidence/dovekie_nested_evidence.py	14290	.py	source_code	357	08349cc845588e8e411fe173eba43a0038975b8fb8a8bbb7dad1361e9ecf7636	token_vazio_declared
products/rll-evidence-runner/src/rll_evidence/dovekie_wa_lower_bound.py	11904	.py	source_code	304	ac88aa2f10a7763e0eb6f5cf9e9f0d7d8cf9d3f9959792fdb1d520991ca5abfe	token_vazio_declared
products/rll-evidence-runner/src/rll_evidence/pantheon_fit.py	21937	.py	source_code	550	11799859df630994af8dccd44b9a9711a965467aa34e2cee8c3dad16f4d9c088	token_vazio_declared
products/rll-evidence-runner/src/rll_evidence/pantheon_fit_ascii.py	5123	.py	source_code	157	cab74783a2184688b15773ac3f35f7ba2f14f5442c9f778a39b564f1756b88d0	-
products/rll-evidence-runner/src/rll_evidence/pantheon_fit_three_model.py	7508	.py	source_code	203	8311f15b8770c3bb94f9b030884c6d2af4b34daebef2a047dfa387d0936ae782	token_vazio_declared
products/rll-evidence-runner/src/rll_evidence/pantheon_hubbleflow_profiled.py	12612	.py	source_code	312	6da97f58c3fe4209e6dc664f2d8fc8ac78bcb64f5709621ce55d0cbb38db0fc9	token_vazio_declared
protocols/05_slingshot_zt_falsification.yml	3761	.yml	config_yml	94	86eb87d371b527f8937548d00d2cb40667610fb7b7f1b412462dcdbdf31fe0dd	token_vazio_declared
provenance/receipts/RLL_CLIMATE_ENGINE_BRIDGE_PREFLIGHT_20260910_V1.json	2213	.json	data_or_result	61	97cbd4537d93121e4291eba2b0aca36e36c5c3686b2420626ec6988f276c1a46	token_vazio_declared
provenance/receipts/RLL_VALIDACAO_REAL_XKEY_STATIC_CONTROL_20260910_V1.json	6138	.json	data_or_result	137	5246f23f8198ee7870c7e49247d5996ff65228fd89e194888a45b4f56513a418	token_vazio_declared
provenance/receipts/RLL_WORKFLOW_CONTRACT_LINEAGE_85_88_20260910_V1.json	5843	.json	data_or_result	119	4cffeabdf422d25fa84dd99eb7b4a5678493e2e5b0415d7678665987a203173e	token_vazio_declared
provenance/receipts/RLL_WORKFLOW_CONTRACT_REGRESSION_85_TO_78_20260910_V2.json	3406	.json	data_or_result	72	e69154c6ade10ca21340e42bb67b9291dc5f7c558b2a207e2af87fc7823b39d2	token_vazio_declared
provenance/receipts/RLL_ZERO_JOB_VALIDACAO_REAL_CLUSTER_20260910_V1.json	2999	.json	data_or_result	67	34c6b4288a827711812d6d23343fef44d8c42d66cfb5859b12f775936cdcd7be	token_vazio_declared
provenance/receipts/rll_mpemba_horizon_atlas_20260827.json	4722	.json	data_or_result	91	708dc11e2815e6554b49503400be0e695f0d6ee1ea77634aba67ec263a45f699	token_vazio_declared
provenance/receipts/rll_mpemba_horizon_closure_20260827.json	3894	.json	data_or_result	73	c53eec91d961adfa9c2ba6a0384243b9da18b272946cdff7e7d3634e647decd0	token_vazio_declared
provenance/receipts/rll_mpemba_horizon_drive_crosswalk_20260827.json	2792	.json	data_or_result	62	e7a4d2883e304df34a84832bf41c4de4ea381b05812fecdbfdee547acde06010	token_vazio_declared
provenance/receipts/rll_mpemba_horizon_integration_nonregression_20260827.json	2519	.json	data_or_result	50	f6981758006eb2c3914d0920a5445144064421822551c162f3c0d870af7350fa	token_vazio_declared
provenance/receipts/rll_mpemba_horizon_source_federation_20260827.json	1137	.json	data_or_result	23	eb5dae8c2f28d78749e4240b02d330be2382c980745f3ef3a6ab6e38d1320d5a	token_vazio_declared
provenance/receipts/rll_novoexport_formula_ingest_20260828.json	1163	.json	data_or_result	39	12a83aeab1f8a7f6fbd0d4d97bfeca8fdb343b6711a6d921923d45cabe37b911	token_vazio_declared
provenance/receipts/rll_recent_data_crosswalk_20260828.json	1701	.json	data_or_result	45	6777dceee3f64cd7ce32c2322f2f17bc5f12bfd6a55c43bd3589ef7200c7bddf	mentions_mock_or_placeholder,token_vazio_declared
provenance/receipts/rll_session_evolution_mesh_20260827.json	2086	.json	data_or_result	28	1a8fb03040225a8c9cc695d2eb0c3b93eaf70eb87d864f88684b8138c3fc1cf1	token_vazio_declared
pyproject.toml	801	.toml	config	38	0de0ca1a5a220eb9167d175aa8f67141aa228fdd483fa13484da6d4496b8a783	-
pytest.ini	28	.ini	config	2	be70ae62811ef28f2141f3cfe0ef1d0a57409adfa723f7685bb92e47b543c60b	-
receipts/2026-09-11_RLL_CREDENTIAL_AUTHORITY_V1_PREFLIGHT.md	2481	.md	documentation_md	60	a0a4db829842d4e72203078125178f27c05bd989528995fdec9cc5dc5f24de58	token_vazio_declared
receipts/2026-09-11_RLL_SECRETARY_AGENT_AUTHORITY_PREFLIGHT.json	2895	.json	data_or_result	72	f69c87268e89db9a578101f40b1df770dbfdfd161df1f51d4be204117b00bdbc	token_vazio_declared
requirements.txt	154	.txt	other	12	1b8a6b07f41a9fc63dc945e26d091c714a1bd45b67c43ca4f1ce83bbc5168ad0	-
requirements/ci-frontier.txt	231	.txt	other	7	c4e1862d3de616a84d36b8fdf1e013aa8bb51897b569de31ac5e5a4a56ca6c06	-
results/BAO_data_real.csv	331	.csv	data_or_result	11	1decb159dd8c276e356e1f2ca45028da0079302a0b7b279797d8e40aab0c9527	-
results/Hz_data_real.csv	1033	.csv	data_or_result	34	1194fe2066dc3d92b4870cfb03d2cdbe2a316deae2e1355943f7f2ccca6d52b6	-
results/OUTPUTS_TEXTUAIS_INDEX.md	4476	.md	documentation_md	17	0d1e5191a4a708b67420df6c44922ec9f5e4e46f81db849a828bbf7485aa57df	-
results/README.md	427	.md	documentation_md	8	52d3fe9eed33aa2a20d834d0eff5949e407272ec2d4ca276da821640249db8cd	-
results/RLL_chi2_results.csv	365	.csv	data_or_result	4	bc13371d2bb9834e3f34f1c51a4e8c5bcdfe5567bd13e9e1db061a09c3974b58	-
results/audit/real_data_materialization_audit.csv	9110	.csv	data_or_result	26	9a8967f879bea188eb6b157737565162374387bc234a5142ce980c1ee8a20c30	mentions_synthetic,mentions_mock_or_placeholder
results/audit/real_data_materialization_audit.csv.bak	7506	.bak	data_or_result	0	f56ef0de8385cc7bd29d4173c3e89ce153855beaabc5ad1fc3a26da0127a9c46	-
results/audit/real_data_materialization_audit.json	15925	.json	data_or_result	330	c7aac933b2d15c52ba052917ec28774097bd90f90c0bbe8185f001a18354e824	mentions_synthetic,mentions_mock_or_placeholder
results/audit/real_data_materialization_audit.json.bak	12946	.bak	data_or_result	0	7fbcba794f89f52767fd4753cd5b2596eec0c1a9a8e8071e7a4896b66f75ea6f	-
results/audit/real_data_materialization_audit.md	1685	.md	documentation_md	28	c65aecf79a1ea891b45ef026266af88099bac66bca2769815f9949da2de95a52	mentions_synthetic,mentions_mock_or_placeholder
results/audit/real_data_materialization_audit.md.bak	1679	.bak	data_or_result	0	7896f663330c339163b1a296d9ff980d5b11a998a083c191ff421667e24cdc18	-
results/audit/real_source_signature_verification.json	9968	.json	data_or_result	263	1dbbdc3ab7284f776d836c07576dba6851fb8c5cf16e6f925074c812f7c783d7	-
results/audit/real_source_signature_verification.md	1323	.md	documentation_md	19	4a77ed68ea6af23b846a520141534652c464451e6a348a19d91780edb6bea0a3	-
results/audit/rll_audit_gap_report.json	987	.json	data_or_result	46	1a4408b1fe91d46dc60222bcfa038dfb3f3032b450315ee75ae779a3b772d231	-
results/audit/rll_audit_gap_report.md	597	.md	documentation_md	23	fba2312e6dc478659a5dd99249ba22b941806499c27a0fff5a75515f76ff2eac	-
results/audit/rll_model_evidence_scan.json	4061	.json	data_or_result	143	d342c3cd7b751ca3e78ca73fecf797399695b75a9cd78b37e6406b9d2b298f87	-
results/audit/rll_model_evidence_scan.md	1945	.md	documentation_md	46	5d89c594de16b8e3ae427fc7613a4c63fbd4fe9de1b43075e8360f1e0dae3d2b	-
results/bayes_factor_bic_proxy.json	2073	.json	data_or_result	39	69ff5e2b716853d62ae18c268d8677dc00cd7fedccb56f53045fe300f96fc520	-
results/cal_maya_arithmetic_check.json	3019	.json	data_or_result	78	b9bc0104db198e72f1d5701538818d43c8ac734fe81e260a7e94d1c44c651b53	token_vazio_declared
results/ci/20260707/RELATORIO_FINAL.md	1070	.md	documentation_md	41	2a9ed828ee7548a48823f15fecdaa51c26b21adbc305535648632f57448afb9b	token_vazio_declared
results/ci/20260707/bayes_factor_result.json	557	.json	data_or_result	17	3b6c3cea6ffc73be8cfe0f88e57c9c7e2420135470698a6776d163ed4f60a083	token_vazio_declared
results/ci/20260707/desi_bao_result.json	821	.json	data_or_result	28	2c70a6a58925cb14c5dfec3d85ed47fae551a158346114570675ad6e83282fd2	token_vazio_declared
results/ci/20260707/full_summary.json	355	.json	data_or_result	14	c0553c12b72780b38c7b10760c9218b5ff91b656de92272f3d7ac1876f37f5e3	-
results/ci/20260707/joint_mcmc_summary.json	525	.json	data_or_result	19	7f25fd416ac36b683137681e5a640550314c6b0392ad0878081720eff844fe12	token_vazio_declared
results/ci/20260707/pantheon_fit_result.json	583	.json	data_or_result	21	7bcf80b80d88bb958ba339797913f7a2f546e8a5a09ff5d6e4d7fa862d0407a2	token_vazio_declared
results/ci/20260708/RELATORIO_FINAL.md	1070	.md	documentation_md	41	a29411b7130e3938e2d0b9ee0e9ae7fae45eded5e3c06beee0de254e7f003f23	token_vazio_declared
results/ci/20260708/bayes_factor_result.json	557	.json	data_or_result	17	0ebbaa2ca8ba13821a621340e72f2fc172ff0a893bb0394a0fbdba0f3f951b73	token_vazio_declared
results/ci/20260708/desi_bao_result.json	821	.json	data_or_result	28	a460d743a7f537ae9d1c7509b91005690862bbbe5a423db2e1c2d0df3db34d92	token_vazio_declared
results/ci/20260708/full_summary.json	355	.json	data_or_result	14	e864db56b23029190ee6d97fe38c36add9b91ec6a05b8ca6ff51671fff5e3382	-
results/ci/20260708/joint_mcmc_summary.json	525	.json	data_or_result	19	2fd87a85c2741ac02c9fa7cfedc1a2b7bcd78fb07d64a53656a46b02ccbf4e5c	token_vazio_declared
results/ci/20260708/pantheon_fit_result.json	583	.json	data_or_result	21	3c55a05916dc1170362d0ae50462bc2f2000a20b4ff28a5c509429e765857792	token_vazio_declared
results/ci/20260709/RELATORIO_FINAL.md	1070	.md	documentation_md	41	18c35ad1d6d91f507d81277e298253bda8f6f73a7d31db79fc0565389b6935d7	token_vazio_declared
results/ci/20260709/bayes_factor_result.json	557	.json	data_or_result	17	89c307b47874cc476209001a54a2afcc62a6e1ac0db8f64c9bfddb834ee8dd2c	token_vazio_declared
results/ci/20260709/desi_bao_result.json	821	.json	data_or_result	28	dc0e2c0c79266d21d69c9fce617b8f97ef10ecce84d19deef4e4adc97596d0bc	token_vazio_declared
results/ci/20260709/full_summary.json	355	.json	data_or_result	14	35ae45e889e437275b04b079f79d31fcfe9a07de935c4fbaf5f597d20fd2a72f	-
results/ci/20260709/joint_mcmc_summary.json	525	.json	data_or_result	19	3a066d3ebfcd61412534be5fec28b87ea9512475173b54b3f715ecd437448e3e	token_vazio_declared
results/ci/20260709/pantheon_fit_result.json	583	.json	data_or_result	21	b7886b03f28a7c728d1149f6ef8b6b13f2a088ebcb2271caae1e67badb705c92	token_vazio_declared
results/ci/20260719/RELATORIO_FINAL.md	1070	.md	documentation_md	41	7c50d8cbbb713d33bd59d6fd271a30fbf362aea868bae780fd4fddd3f787ca71	token_vazio_declared
results/ci/20260719/bayes_factor_result.json	557	.json	data_or_result	17	38768cf49aa76e4a3eeb314705676a51095a47fe1889d1602f93d5ab7f7a4af8	token_vazio_declared
results/ci/20260719/desi_bao_result.json	821	.json	data_or_result	28	b0c30c31407c48d64bad8454c0413965f2554a054df7756021c32285e1aa5a1b	token_vazio_declared
results/ci/20260719/full_summary.json	355	.json	data_or_result	14	3ec082513e6e88433cc40bc69472e6f5b83bc845adb8580184cd1b8fbdc62111	-
results/ci/20260719/joint_mcmc_summary.json	527	.json	data_or_result	19	5076cb41efe554acc7e066d43eb43ebf53d04fecada36554df18a844fe1b84b5	token_vazio_declared
results/ci/20260719/pantheon_fit_result.json	583	.json	data_or_result	21	27254b8be19a7f88be795847b1ebaa178d29d3dd495778601e0b82a20b64bb42	token_vazio_declared
results/ci/20260806/ARTIFACT_CUSTODY.md	3803	.md	documentation_md	52	0d423ed193ab3ebf35c57a2f22673bd812f8f50275cc9bf804b6b0b309ebfa72	token_vazio_declared
results/ci/20260806/ARTIFACT_CUSTODY_MANIFEST.json	5080	.json	data_or_result	1	97e021271c8c2b026b06332920d09d3d74db78296495865532367be0ab925435	token_vazio_declared
results/ci/20260806/RELATORIO_FINAL.md	1070	.md	documentation_md	41	77f1e6f9da397e55d5eb71dee44121b8ddd2bbb5251ab9469b7eb6bd67f7ca53	token_vazio_declared
results/ci/20260806/RUN_31066012098_EVIDENCE_RECONCILIATION_V1.json	3275	.json	data_or_result	102	69337eec252e65c83c65349fb6febe6523680a9cc884600b399559fe514276cc	token_vazio_declared
results/ci/20260806/bayes_factor_result.json	557	.json	data_or_result	17	14cdbb7f10cb6031230d97983824b2628fc8b5fdc14660c3cee1f89b6a354529	token_vazio_declared
results/ci/20260806/desi_bao_result.json	821	.json	data_or_result	28	8164c44562d1ce9de981f723c1642afa9977d26e74d0787c9f520e499e836cad	token_vazio_declared
results/ci/20260806/full_summary.json	355	.json	data_or_result	14	6e78778e1ed36ae1b245d82f22e565f337131a4917f46a874e3a102ebb7e8f51	-
results/ci/20260806/joint_mcmc_summary.json	527	.json	data_or_result	19	c1d7ddec98f3fc8252fcff147c430b51bfc3707b4f7c52ff2ade27ef95b0fe58	token_vazio_declared
results/ci/20260806/pantheon_fit_result.json	583	.json	data_or_result	21	3232adaccb4c80647d79128d95816c8623681de8d704e6e6ee5677715cdfca57	token_vazio_declared
results/coerente/2026-07-09_uploaded_validation_bayes/README.md	3406	.md	documentation_md	76	073941b8768c6d31b93a184315ab04aa23229b5fb9cc4ac148e5d0f452bb5172	mentions_synthetic
results/coerente/2026-07-09_uploaded_validation_bayes/audit_manifest.json	2713	.json	data_or_result	70	faaf8517070664d2cbaa67c1a617278efdd00cecd9f4b83841f2cea49ab95d90	-
results/coerente/2026-07-09_uploaded_validation_bayes/derived/rll_uploaded_results_audit.md	2737	.md	documentation_md	76	2ac405775f89fc89d1898d0bbc93a2eee2f7f72fb7162e4aced7ccd2f6d8dd1f	mentions_synthetic
results/coerente/2026-07-09_uploaded_validation_bayes/derived/rll_uploaded_results_delta_audit.csv	2680	.csv	data_or_result	34	999287506cfbfa819a7bb84b3c9f06089a78bf6b82f70ec1c9b91c26b2b415d4	-
results/coerente/2026-07-09_uploaded_validation_bayes/source/bayes_result.json	538	.json	data_or_result	19	efe09b7722b7742371c2a5f84ca963b347cfb0d998a9c60c669f75f0bcef5a69	-
results/coerente/2026-07-09_uploaded_validation_bayes/source/comparison.json	212	.json	data_or_result	6	b2e2456aea196b1f2c0b39a612dbb899620ba3b098f403772fc7cea0f677e0aa	-
results/coerente/2026-07-09_uploaded_validation_bayes/source/lcdm.json	667	.json	data_or_result	1	fe574b07c6cfa07c04134a584d65c5c9bcb2b45f458dee623f07de065c6251de	-
results/coerente/2026-07-09_uploaded_validation_bayes/source/plot_results_report.md	237	.md	documentation_md	9	b909d56076110bffad57e26939773f5ccaa792c802d190237ca70f078cb0411b	mentions_mock_or_placeholder
results/coerente/2026-07-09_uploaded_validation_bayes/source/rll.json	666	.json	data_or_result	1	a9fb3420551f0cd7a11e67d6fbe1a8f30fa42d717b1189b4edce4d58f6d68a26	-
results/desi_dr2_bao_covariance_chi2.json	307	.json	data_or_result	17	42dff1acd1afb0b9e93f882b0b2219c79f6a3cabaefec63276f48a469ebda92d	-
results/dha/desi_dha_pipeline_summary.json	264	.json	data_or_result	10	0f9846099a1bc60deab2c510ef5fcdb0802be01577717a9eaa52878abb2cc5c7	-
results/dha/fisher_forecast_reference.json	196	.json	data_or_result	8	51a5d508bee0633981a7dff3a27de2c38244deef23c4e5d55a6bc116bd1898ba	-
results/dha/ln1pz_fit.csv	51773	.csv	data_or_result	501	9337f68327bdc7d3f9dfe595d9bf6c1f2648228a3ec3d686667b56cf24357802	-
results/dha/ln1pz_fit_summary.json	171	.json	data_or_result	7	c8b3a9bb4a3bb10e3ebba90107aa3a6e01de192cc61b0d078cc34149ed59ec15	-
results/dha/mock_catalog.csv	27535	.csv	data_or_result	501	2e1a4e01c7fe2d1cb618bdfdabac35692ce2f48ed33b45dede84ea94a647e66d	-
results/evolution_watcher_manifest.json	1314	.json	data_or_result	36	3654122b69fdad7209d8fd881b72c549c3288941d3955868b54abb71a9464a99	-
results/fibonacci_ratio_verification.json	6021	.json	data_or_result	285	345508d6ab76e28acc15601791269f50021dae36c76511ab445dccd411c5dded	token_vazio_declared
results/governance/RLL_POSTMERGE_CI_RECEIPT_20260806_V1.json	3076	.json	data_or_result	106	a2fe7e89eb244820f1500abc94e6febe71e9d4bd0abc909da040c001c36b8540	token_vazio_declared
results/growth_comparison_rll_vs_lcdm.csv	4214	.csv	data_or_result	64	314ab27449e8806fb877ebef87d7bef96bc9e597f5f2c016a4ea6d4ae97b0329	-
results/growth_comparison_rll_vs_lcdm.json	2292	.json	data_or_result	80	a993ecf9dae9440578cac72b97481b198c14579d28eaae367e03ae8c58c49333	token_vazio_declared
results/h0_grid_expansion_scan.csv	4425	.csv	data_or_result	43	2705b479a1b404e3c8b72cdc0103daae49042393a0d144001b4e17362145cc25	-
results/h0_grid_expansion_summary.json	1224	.json	data_or_result	48	c428388b0b7d20a7ff54a4dca69de6285f97188bb279fb27d965590e48e4cd7e	-
results/h_elec_01_layer_model.json	6002	.json	data_or_result	149	98b5b138cacecb5d6776def8fbfc6a72a7192654666d4314d7b39668dcc8c601	token_vazio_declared
results/manifest.json	9176	.json	data_or_result	239	0a309517cb8d01c48209253eb390d551964134de2c97a94423c257211a636c24	-
results/mapping_logs/README.md	284	.md	documentation_md	9	068c75a5fb3a7e79147a26219e83fdd05dbe4d114489ccb8c7c8453f8796fed7	-
results/mathematics_registry_adapter_emulation.json	1773	.json	data_or_result	54	d13a8befb329683d6c6bf0db3b171ff9c48494eac7dc42e66e4e18da2c31770c	mentions_synthetic,token_vazio_declared
results/model_comparison.csv	532	.csv	data_or_result	3	69bdf8c8335522ef935bf4affee45f3e62c39c184602ec29d4116f6753c40328	-
results/moresco_hz_chi2.json	6208	.json	data_or_result	302	6d607166c8444088919081422502665d4a1aec1bded32c2ad28eebe6aa8230b1	token_vazio_declared
results/optimize_weff_opcao_b.json	6548	.json	data_or_result	320	48edf5b1a7e270e46d2ea0f4588b7803b4cb9f1c147064d9113d9cd7850c7bc5	-
results/pantheon_plus_resultado_real.txt	833	.txt	data_or_result	11	8221446735a87d0f56bd708bd2bf91024153f581b418928911809b40d31cb80a	mentions_synthetic
results/perturbation_lcdm_equiv.csv	97933	.csv	data_or_result	1002	1438dc4070cb46ea546d7158b7db8e1d3cf73823d9a4da456dd16ee6ae3e7c65	-
results/perturbation_lcdm_equiv_summary.json	297	.json	data_or_result	9	cddd9aa7e71879ee1165dbfd188ce61a53f5ba17051d4eaf716c4d221268ad60	token_vazio_declared
results/perturbation_rll_baseline.csv	97878	.csv	data_or_result	1002	ceec4902fdaaffee500c6c47dc185ce4748e165b9d5f623d54950ae3af42d2bc	-
results/perturbation_rll_baseline_summary.json	297	.json	data_or_result	9	f5584a6db09719eca5f173aede3ab0551173f4b4c05599b909a208e03e1c8751	token_vazio_declared
results/pipeline-runs/26247839757/CHECKSUMS.sha256	768	.sha256	data_or_result	0	5c7113a4f640f84fd90ea8867469b4fab8c2d2850ee0fd71f9873688ae7d29d0	-
results/pipeline-runs/26247839757/CLAIM_REFERENCE_AUDIT.md	1145	.md	documentation_md	9	9cdd7972cda1f5112ee3aa939d18eea828bb5950072d5fc3af247106bdafe647	-
results/pipeline-runs/26247839757/COMMIT_SHA.txt	41	.txt	data_or_result	1	473f850b5e431bdd7aca88d75757c2213371ff8dcc80f6d09ddfa9cf60cf1c0a	-
results/pipeline-runs/26247839757/MANIFEST.json	3095	.json	data_or_result	74	ec369f4e1af96b6afaca6fe75a7c4657378457eeac858bf48efe35c946f34dd8	mentions_mock_or_placeholder
results/pipeline-runs/26247839757/PIPELINE_REPORT.md	677	.md	documentation_md	17	3deff43c9dcc7b9c7ec4014f9a3139f71810fb760377db1faf7d51a2ee5d8783	-
results/pipeline-runs/26247839757/RUN_UTC.txt	21	.txt	data_or_result	1	f12cfa6cc701fbff7e210697860427a9b0688e06c1eeca821022b5ab9493e5f7	-
results/pipeline-runs/26247839757/SOURCES.md	277	.md	documentation_md	21	c22ede9fa387134b193fa0a951d2e221bb7e940e1f8c2cd8040a5822ce5515f2	-
results/pipeline-runs/26247839757/book/BOOK_ROUTE.md	1097	.md	documentation_md	36	363c947d499b5c1a833e2fc05b8e8bd1395da58a069e5da0f589815a9646bf8d	mentions_mock_or_placeholder
results/pipeline-runs/26247839757/book/CHAPTERS_USED.md	556	.md	documentation_md	16	7c2f2fae7125231bbcbc1db5ca0e6949f0e86178ab5558c4bc3fe13d8094d316	mentions_mock_or_placeholder
results/pipeline-runs/26247839757/book/FILES_USED.md	421	.md	documentation_md	15	72ddcafeaae0d0816c35b363fe72e7b39ba65936cf83dfd129489d2424532f3d	-
results/pipeline-runs/27457036990/CHECKSUMS.sha256	768	.sha256	data_or_result	0	ca47cf513f6ba8579e910b1ca2a75d027ff7eb3826dd0b28c58ad1c87e99314e	-
results/pipeline-runs/27457036990/CLAIM_REFERENCE_AUDIT.md	1145	.md	documentation_md	9	4d2b69060300aeb629eebbb1817a96b05ebea74ea3aa96325c13626047d21d9b	-
results/pipeline-runs/27457036990/COMMIT_SHA.txt	41	.txt	data_or_result	1	e047887ef7eb0b6f6f2383e5ef79492ab18699b53a358879f7b375099001e576	-
results/pipeline-runs/27457036990/MANIFEST.json	3095	.json	data_or_result	74	1b3f4692b099d7d067eece6d3f10588d0ee34cfd2c09437f99c47ba5f740daee	mentions_mock_or_placeholder
results/pipeline-runs/27457036990/PIPELINE_REPORT.md	677	.md	documentation_md	17	366acf2fcb4edba917664441c0989c9489d685932b82084d7c6a2730ab02baee	-
results/pipeline-runs/27457036990/RUN_UTC.txt	21	.txt	data_or_result	1	54a2e06a4e16bb8b30d77fb3e96bdfe9b59fd1de1672531c29456f06c39b5eff	-
results/pipeline-runs/27457036990/SOURCES.md	277	.md	documentation_md	21	c22ede9fa387134b193fa0a951d2e221bb7e940e1f8c2cd8040a5822ce5515f2	-
results/pipeline-runs/27457036990/book/BOOK_ROUTE.md	1097	.md	documentation_md	36	363c947d499b5c1a833e2fc05b8e8bd1395da58a069e5da0f589815a9646bf8d	mentions_mock_or_placeholder
results/pipeline-runs/27457036990/book/CHAPTERS_USED.md	556	.md	documentation_md	16	7c2f2fae7125231bbcbc1db5ca0e6949f0e86178ab5558c4bc3fe13d8094d316	mentions_mock_or_placeholder
results/pipeline-runs/27457036990/book/FILES_USED.md	421	.md	documentation_md	15	72ddcafeaae0d0816c35b363fe72e7b39ba65936cf83dfd129489d2424532f3d	-
results/pipeline-runs/28282780293/CHECKSUMS.sha256	2340	.sha256	data_or_result	0	d2b85c9331904776272af391d9522771dd28123ae4d6613d61e90410ea62243b	-
results/pipeline-runs/28282780293/COMMIT_SHA.txt	41	.txt	data_or_result	1	f1be3c776a51bccddd75964ccf94ad7c7a3780f9c38af03eda7ef4fd9fc39d4f	-
results/pipeline-runs/28282780293/EXECUTION_PLAN.md	689	.md	documentation_md	16	ba9295c66a765b51f745a62f79b0e91ffc0a4df6c22492f9174ea39e583eb87c	mentions_synthetic,mentions_mock_or_placeholder
results/pipeline-runs/28282780293/MANIFEST.json	1208	.json	data_or_result	32	62d1ae41b1115a7d77987e9f4f0c36c16b8d577ff460f7794f20e8d8af6fed31	mentions_synthetic
results/pipeline-runs/28282780293/PIPELINE_REPORT.md	1115	.md	documentation_md	31	5808fc9e34aa942db0d8954d20b7ee37d819f61dc0eeea6b8773d289349c8318	mentions_synthetic
results/pipeline-runs/28282780293/RUN_UTC.txt	21	.txt	data_or_result	1	576c5f6fa3df2d2b2c15e7e05b2562355b8e9715007625185e86dba888f9b304	-
results/pipeline-runs/28282780293/checks/repository_files_depth5.txt	46608	.txt	data_or_result	1084	29d32769837f252e41db67bf7d7dfebe678e74b3491c6ae763a527ff5e4dc5af	mentions_synthetic,mentions_mock_or_placeholder,token_vazio_declared
results/pipeline-runs/28282780293/reports/download_real_cosmology_inputs.log	522	.log	data_or_result	0	4b65a9e418806c90a97bb88c16d4d888f32629710836e5b958c1ccfb0da553b1	-
results/pipeline-runs/28282780293/reports/error_mode_usage.csv	110	.csv	data_or_result	4	3018c3afcf4de051da1dbc07a95e31950def91880fbd7de0029e951c594d2693	-
results/pipeline-runs/28282780293/reports/execution_timing_real.csv	104	.csv	data_or_result	4	f56b3d066f918ebf6476c79392fb58ec2ddf8a8132a21cd66ca6ab90895f07ef	-
results/pipeline-runs/28282780293/reports/model_comparison.json	3304	.json	data_or_result	98	9eca62132cdfa4e87d78a8ed5ef5bfd6bf594dabb29723b8de0099730c0fec00	-
results/pipeline-runs/28282780293/reports/model_comparison_real.csv	730	.csv	data_or_result	3	601853a3317cbbc52fe375cecc4c67be9d52c1afaf33ee634d246fe910cfaed3	-
results/pipeline-runs/28282780293/reports/model_comparison_real_fit_metadata.json	2289	.json	data_or_result	115	07b2fbbe669955c6f10b0f3cf745587406782662de25a42f2ac0d5b133701b54	-
results/pipeline-runs/28282780293/reports/pantheon_inputs.json	630	.json	data_or_result	21	ae68f421ad68649d68d9a500e91cbf9afb8db52af12abd1a5f4b1405d882baca	-
results/pipeline-runs/28282780293/reports/pantheon_inputs.status	26	.status	data_or_result	0	e72b4b762cc66d55ede55652e7a7974124d90917f24c3714f427acc41dbdd68f	-
results/pipeline-runs/28282780293/reports/real_data_materialization_audit.json	12273	.json	data_or_result	252	54305512003c285d38cb52c641df507794635256c4d1d882e55eccccc28f7369	mentions_synthetic,mentions_mock_or_placeholder
results/pipeline-runs/28282780293/reports/real_data_materialization_audit.log	187	.log	data_or_result	0	027487e0540fa572b28ba61150b05850077815a300f31124d0195f5b4e94ad8f	-
results/pipeline-runs/28282780293/reports/real_data_materialization_audit.md	1679	.md	documentation_md	28	800bc4c3f9b5e870130210ba1a1e1a4fc29b19236e5c7ba5e4ffbe67689afa52	mentions_synthetic,mentions_mock_or_placeholder
results/pipeline-runs/28282780293/reports/real_data_policy_check.log	65	.log	data_or_result	0	86575ef64d61bc6f297d236ec2a8a6c06f478fe1744afca27f13b4f4f4f33cab	-
results/pipeline-runs/28282780293/reports/real_source_signature_verification.log	206	.log	data_or_result	0	0f8a6a01cc166135d5facb3ba3a13097dd3e432cb91d8e8e57a2ebe39830e7f0	-
results/pipeline-runs/28282780293/reports/real_source_signature_verification.md	1202	.md	documentation_md	18	7007584f93ede89681a3ce670bb46ac647af87ad9063514766504e1d3dda5438	-
results/pipeline-runs/28282780293/reports/run_real_pantheon_validation.log	353	.log	data_or_result	0	8a30e8d972a26a1fc8f54a2a6462fa2e416ee092a8c0a53a60d31852e09c60b5	-
results/pipeline-runs/28282780293/reports/run_real_pantheon_validation.status	29	.status	data_or_result	0	171e8b771a41bd14265442f117777bb1e26153bfc15dbbf3debab4c86c2831cc	-
results/pipeline-runs/28282780293/reports/structure_d_real_validation.log	1416	.log	data_or_result	0	f69fe86884e885060105753254380141deccbb3fe64186833293ca7d9751ec8b	-
results/pipeline-runs/28283026865/CHECKSUMS.sha256	5696	.sha256	data_or_result	0	47f57384a2a6218e45666ad02e11f0276afa0cdeee7a487f93a6c3dd849c78ac	-
results/pipeline-runs/28283026865/CLAIM_REFERENCE_AUDIT.md	1145	.md	documentation_md	9	4d2b69060300aeb629eebbb1817a96b05ebea74ea3aa96325c13626047d21d9b	-
results/pipeline-runs/28283026865/COMMIT_SHA.txt	41	.txt	data_or_result	1	57c10d7c565e779216d4f250c40a9bad2040e20ec4824fe31906ab27bd002a1e	-
results/pipeline-runs/28283026865/COMPUTE_REPORT.md	426	.md	documentation_md	11	e558de5013cc773057d4c5607147b4f6f834964eab525988350b6b9d53109649	mentions_synthetic
results/pipeline-runs/28283026865/DATA_SOURCES.md	574	.md	documentation_md	9	0f1c5aa7543d956ea645e4d8ec74c19c66e3395705192dc000dbf46a51792dca	-
results/pipeline-runs/28283026865/FETCH_REPORT.md	246	.md	documentation_md	9	91879cfb470e409af6106ee91231051bd6a95876ec0e53bd292c5564dc4c7cb3	-
results/pipeline-runs/28283026865/MANIFEST.json	3095	.json	data_or_result	74	9c414c5d27ca97d8b033fd83919050ccd4794c457c7a649d2da04d330100b275	mentions_mock_or_placeholder
results/pipeline-runs/28283026865/PIPELINE_REPORT.md	677	.md	documentation_md	17	6cc644450055b63d1b9c0dd2d5e6799effbae3878b14bf1ae4815f94fb5c9acb	-
results/pipeline-runs/28283026865/RUN_UTC.txt	21	.txt	data_or_result	1	78f3f4929953e4c95b272322c5270970accc61957875be49313e8aa584c936af	-
results/pipeline-runs/28283026865/SOURCES.md	277	.md	documentation_md	21	c22ede9fa387134b193fa0a951d2e221bb7e940e1f8c2cd8040a5822ce5515f2	-
results/pipeline-runs/28283026865/book/BOOK_ROUTE.md	1097	.md	documentation_md	36	363c947d499b5c1a833e2fc05b8e8bd1395da58a069e5da0f589815a9646bf8d	mentions_mock_or_placeholder
results/pipeline-runs/28283026865/book/CHAPTERS_USED.md	556	.md	documentation_md	16	7c2f2fae7125231bbcbc1db5ca0e6949f0e86178ab5558c4bc3fe13d8094d316	mentions_mock_or_placeholder
results/pipeline-runs/28283026865/book/FILES_USED.md	421	.md	documentation_md	15	72ddcafeaae0d0816c35b363fe72e7b39ba65936cf83dfd129489d2424532f3d	-
results/pipeline-runs/28283026865/formulas/FORMAL_ACADEMIC_REPORT.md	41	.md	documentation_md	3	7d2b5cab29868923da8c6e710fb568f5e64a14dab49ebbe810a7be7ffa5ab652	-
results/pipeline-runs/28283026865/formulas/FORMULAS_BY_SOURCE.md	2283	.md	documentation_md	55	a2f8035eeb6ab47878ed4503fdb2dac8c539d8c008f92f9e83d82b0e1b46cce2	-
results/pipeline-runs/28283026865/formulas/FORMULAS_CLAIM_MAP.md	90	.md	documentation_md	3	a02d15c320f9b718be56c8416f116ba9dc34fafa138f7bd3c7147269922b5825	-
results/pipeline-runs/28283026865/formulas/formulas.csv	94758	.csv	data_or_result	488	8d55a47bc006e641fd960583edfddf6fe408c1942f41de8e3f3ea80d35220648	mentions_mock_or_placeholder,token_vazio_declared
results/pipeline-runs/28283026865/formulas/formulas.json	128605	.json	data_or_result	2437	87ca94faebc717049c1454975d8dbae84cb4ce784e80a18e82ee2a24679dc4d9	mentions_mock_or_placeholder,token_vazio_declared
results/pipeline-runs/28283026865/iml/IML_MANIFEST.json	462	.json	data_or_result	13	9a992c117e4175343055ab66c26baaba8ad9ede58623d9547b7cf636028fe051	-
results/pipeline-runs/28283026865/iml/IML_REPORT.md	372	.md	documentation_md	9	e20e6852463f96000650685a17258e765d7b4a0d85ff2e8fbf7ce3120a39b35b	-
results/pipeline-runs/28283026865/iml/INPUT_SHA256.txt	104	.txt	data_or_result	1	652b8ec19972180de9329c2ac857bbff56d637e71fd24fc0078153457670ef4f	-
results/pipeline-runs/28283026865/iml/input.json	90	.json	data_or_result	1	a57a99824928dd2bd2a1ba5bfff31f81aa13af11fe26c95a6c65522e0a58392b	-
results/pipeline-runs/28283026865/iml/output.json	15020	.json	data_or_result	658	d989df0a64630c97a0e6197592bca54ab3bf9a57fb5a99b807cb43ed33fbee57	-
results/pipeline-runs/28283026865/plots/BAO_comparison.png	23657	.png	data_or_result	0	fb54ed7457fe33bbdb08901041448661e5d8f0c41adfa981b324e84308361e1c	-
results/pipeline-runs/28283026865/plots/Hz_curve.png	20212	.png	data_or_result	0	13a46b40655f73f06979540b440f3ac7abba1bafcbe07e8eed2b7d3ea45bbf61	-
results/pipeline-runs/28283026865/plots/chi2_barplot.png	7553	.png	data_or_result	0	c5d3570639a9b79420d6bbbe5c1bdb9667b42825557c702e9f225eeeca33e3a1	-
results/pipeline-runs/28283026865/plots/data_sources_status.png	16775	.png	data_or_result	0	19abfc8d34a0f19183bfb426faee5b363afa2b52b52d1f0a4031b8c3c106e776	-
results/pipeline-runs/28283026865/plots/rll_components.png	20107	.png	data_or_result	0	6f20043f24f2b737daa0ea4e920fecac3c279dcfaf7188d9d380f656c9ad88cf	-
results/pipeline-runs/28283026865/raw/SOURCES.json	2362	.json	data_or_result	78	c341d4cde1236c68bf4b6c984d3927b790a5a703feda55ea630df0a10367409f	-
results/pipeline-runs/28283026865/raw/cosmology_curated/BAO_data_real.csv	331	.csv	data_or_result	11	1decb159dd8c276e356e1f2ca45028da0079302a0b7b279797d8e40aab0c9527	-
results/pipeline-runs/28283026865/raw/cosmology_curated/CMB_shift_real.json	160	.json	data_or_result	9	f658dafa16b57a4522bdf59c243d8693e20efe9936e2815720fed7ed6d637cdc	-
results/pipeline-runs/28283026865/raw/cosmology_curated/CURATED_SOURCES.json	1059	.json	data_or_result	32	0529f22d74b24a0b6fca2c680260944bf2b3344a6a135a1baafec9d9987d7268	-
results/pipeline-runs/28283026865/raw/cosmology_curated/CURATED_SOURCES.md	432	.md	documentation_md	9	5b30fac38b0189f7bec568436b90b56808c9b9bddee62bf5299d91989f10aac6	-
results/pipeline-runs/28283026865/raw/cosmology_curated/Hz_data_real.csv	1033	.csv	data_or_result	34	1194fe2066dc3d92b4870cfb03d2cdbe2a316deae2e1355943f7f2ccca6d52b6	-
results/pipeline-runs/28283026865/raw/cosmology_curated/pantheon_readme.md	148	.md	documentation_md	5	aebbe5d60292a548f008173b122073622f1f1c113af65ee988d29c53f51aa677	-
results/pipeline-runs/28283026865/raw/desi/manifest.json	474	.json	data_or_result	12	176457cb5ee5f4b1664719ed2051e4e9ae73707a8ee5ba01205407bbdc836efb	-
results/pipeline-runs/28283026865/raw/igrf14/manifest.json	438	.json	data_or_result	16	65f7c8b9fdac6063f648ddf8dc0a76a5eee505697e247669c923e74fa9ee436d	-
results/pipeline-runs/28283026865/raw/omni/manifest.json	390	.json	data_or_result	16	b4b8be5fd57e74fcac7dbf3c06b1191458da75d25a8649a9ddf0a417e7db1acf	-
results/pipeline-runs/28283026865/raw/pantheon/manifest.json	449	.json	data_or_result	16	5f3f659fc130f9f597816decbb026e5d89319eb80c2226cf14ced8cec402846f	-
results/pipeline-runs/28283026865/raw/wmm2025/manifest.json	447	.json	data_or_result	16	d2932116d2e9ca97cc8c49478111af920bb6a6bfeb3459ca4785c16fe62dfa16	-
results/pipeline-runs/28283026865/tables/BAO_processed.csv	1442	.csv	data_or_result	11	b7e590168ac0a12d51b2349c468300ed659e6a8ba6d422fb915a39b04cf39874	mentions_synthetic
results/pipeline-runs/28283026865/tables/Hz_processed.csv	4773	.csv	data_or_result	34	e42091c715747009239f6636e2620c003d1a9e59ad823b8eb8d8ec95b469de92	mentions_synthetic
results/pipeline-runs/28283026865/tables/geomagnetic_metadata.csv	216	.csv	data_or_result	3	188f12d90d8747685c150f410066a8b4bb7a7392824fbd7b91e855d97072db6f	-
results/pipeline-runs/28283026865/tables/model_comparison.csv	225	.csv	data_or_result	3	d1945ae07c1e12f5536e370b34d96ec5d7a07c302a2c83be0abfd2e3a94f1e40	mentions_synthetic
results/pipeline-runs/28283026865/tables/rll_components.csv	5550	.csv	data_or_result	49	d7ea6fe2f6b26d06fd5df58a93453340df57441efe3b1195adae0d277890042d	-
results/pipeline-runs/28283211910/CHECKSUMS.sha256	6262	.sha256	data_or_result	0	e94b32ffb53f000eb9f770b9c170057320e883d5528cf83a0ec6907b80bee19f	-
results/pipeline-runs/28283211910/CLAIM_REFERENCE_AUDIT.md	1145	.md	documentation_md	9	4d2b69060300aeb629eebbb1817a96b05ebea74ea3aa96325c13626047d21d9b	-
results/pipeline-runs/28283211910/COMMIT_SHA.txt	41	.txt	data_or_result	1	cacdb7ef1580447d09a44879f88ca2a0ddda6d8d7c0f77cdd97d843e8a1bfac6	-
results/pipeline-runs/28283211910/COMPUTE_REPORT.md	426	.md	documentation_md	11	312aef11f716913320bd53b1ca4d6e09be7558c8e1160dc218cbd9f3750f688c	mentions_synthetic
results/pipeline-runs/28283211910/DATA_SOURCES.md	722	.md	documentation_md	11	db5d4a547eae017148f99553aff0dcbda997710c893e80e09f156b08e0dca432	-
results/pipeline-runs/28283211910/FETCH_REPORT.md	416	.md	documentation_md	12	d61b08752d12facaed6bee23fd9d7608c32266f8fdfe8f1da4b21bef52b3ccc8	-
results/pipeline-runs/28283211910/MANIFEST.json	2229	.json	data_or_result	61	4d8ef8e0613a2495a2cf0ee6b6fe00bda2aff8ad029192b5e64c4381df609c14	-
results/pipeline-runs/28283211910/PIPELINE_REPORT.md	378	.md	documentation_md	17	7419c8d6e36f552119735b8c189c1696addd66c9ff6d5007e465377249d8780f	-
results/pipeline-runs/28283211910/RUN_UTC.txt	21	.txt	data_or_result	1	585e441e12250b25d3004cef4464e24189a7f76f44b9d075bd26e41193e2cf1f	-
results/pipeline-runs/28283211910/SOURCES.md	277	.md	documentation_md	21	c22ede9fa387134b193fa0a951d2e221bb7e940e1f8c2cd8040a5822ce5515f2	-
results/pipeline-runs/28283211910/book/BOOK_ROUTE.md	284	.md	documentation_md	13	72c7fe55f52ebe142ebc51a786a3f99445b6cef71125da1ad690f86f80a44f2c	-
results/pipeline-runs/28283211910/book/CHAPTERS_USED.md	54	.md	documentation_md	3	3dc2a8bab81efbab54cfdd8eb2e8815644e45daa75b14a4b11ec2ce42d5e2c8d	-
results/pipeline-runs/28283211910/book/FILES_USED.md	104	.md	documentation_md	5	0b08f299424725120cacd6b2a4a9ad12ac1e9808d3d774b0ec6435baf5985fbb	-
results/pipeline-runs/28283211910/formulas/FORMAL_ACADEMIC_REPORT.md	41	.md	documentation_md	3	7d2b5cab29868923da8c6e710fb568f5e64a14dab49ebbe810a7be7ffa5ab652	-
results/pipeline-runs/28283211910/formulas/FORMULAS_BY_SOURCE.md	2283	.md	documentation_md	55	a2f8035eeb6ab47878ed4503fdb2dac8c539d8c008f92f9e83d82b0e1b46cce2	-
results/pipeline-runs/28283211910/formulas/FORMULAS_CLAIM_MAP.md	90	.md	documentation_md	3	a02d15c320f9b718be56c8416f116ba9dc34fafa138f7bd3c7147269922b5825	-
results/pipeline-runs/28283211910/formulas/formulas.csv	94758	.csv	data_or_result	488	8d55a47bc006e641fd960583edfddf6fe408c1942f41de8e3f3ea80d35220648	mentions_mock_or_placeholder,token_vazio_declared
results/pipeline-runs/28283211910/formulas/formulas.json	128605	.json	data_or_result	2437	87ca94faebc717049c1454975d8dbae84cb4ce784e80a18e82ee2a24679dc4d9	mentions_mock_or_placeholder,token_vazio_declared
results/pipeline-runs/28283211910/iml/IML_MANIFEST.json	462	.json	data_or_result	13	0fb6e9431c696439cfdcd7159899583a1c7d7d4d5410ebd2d2ed45d06f310f0d	-
results/pipeline-runs/28283211910/iml/IML_REPORT.md	372	.md	documentation_md	9	3acf5ca9081ae7e846ecabd4bb8d5778a834308bd251fa5beaa69ea4a2984e68	-
results/pipeline-runs/28283211910/iml/INPUT_SHA256.txt	104	.txt	data_or_result	1	652b8ec19972180de9329c2ac857bbff56d637e71fd24fc0078153457670ef4f	-
results/pipeline-runs/28283211910/iml/input.json	90	.json	data_or_result	1	a57a99824928dd2bd2a1ba5bfff31f81aa13af11fe26c95a6c65522e0a58392b	-
results/pipeline-runs/28283211910/iml/output.json	15020	.json	data_or_result	658	d989df0a64630c97a0e6197592bca54ab3bf9a57fb5a99b807cb43ed33fbee57	-
results/pipeline-runs/28283211910/plots/BAO_comparison.png	23657	.png	data_or_result	0	fb54ed7457fe33bbdb08901041448661e5d8f0c41adfa981b324e84308361e1c	-
results/pipeline-runs/28283211910/plots/Hz_curve.png	20212	.png	data_or_result	0	13a46b40655f73f06979540b440f3ac7abba1bafcbe07e8eed2b7d3ea45bbf61	-
results/pipeline-runs/28283211910/plots/chi2_barplot.png	7553	.png	data_or_result	0	c5d3570639a9b79420d6bbbe5c1bdb9667b42825557c702e9f225eeeca33e3a1	-
results/pipeline-runs/28283211910/plots/data_sources_status.png	13739	.png	data_or_result	0	3c4a1173d6c457b65bbb19b0a6bac812659aed3eaaa570dcc62086562f390805	-
results/pipeline-runs/28283211910/plots/rll_components.png	20107	.png	data_or_result	0	6f20043f24f2b737daa0ea4e920fecac3c279dcfaf7188d9d380f656c9ad88cf	-
results/pipeline-runs/28283211910/raw/SOURCES.json	3292	.json	data_or_result	106	c9c9d7e70c4b4f31814cd732a01deef24afd0c9e247ee911f958420d45090d90	-
results/pipeline-runs/28283211910/raw/cosmology_curated/BAO_data_real.csv	331	.csv	data_or_result	11	1decb159dd8c276e356e1f2ca45028da0079302a0b7b279797d8e40aab0c9527	-
results/pipeline-runs/28283211910/raw/cosmology_curated/CMB_shift_real.json	160	.json	data_or_result	9	f658dafa16b57a4522bdf59c243d8693e20efe9936e2815720fed7ed6d637cdc	-
results/pipeline-runs/28283211910/raw/cosmology_curated/CURATED_SOURCES.json	1059	.json	data_or_result	32	0529f22d74b24a0b6fca2c680260944bf2b3344a6a135a1baafec9d9987d7268	-
results/pipeline-runs/28283211910/raw/cosmology_curated/CURATED_SOURCES.md	432	.md	documentation_md	9	5b30fac38b0189f7bec568436b90b56808c9b9bddee62bf5299d91989f10aac6	-
results/pipeline-runs/28283211910/raw/cosmology_curated/Hz_data_real.csv	1033	.csv	data_or_result	34	1194fe2066dc3d92b4870cfb03d2cdbe2a316deae2e1355943f7f2ccca6d52b6	-
results/pipeline-runs/28283211910/raw/cosmology_curated/pantheon_readme.md	148	.md	documentation_md	5	aebbe5d60292a548f008173b122073622f1f1c113af65ee988d29c53f51aa677	-
results/pipeline-runs/28283211910/raw/desi/manifest.json	474	.json	data_or_result	12	e68e405ee2cc02ecc687cbb77b02177655e1738382e98a1aae3146378a80ec7c	-
results/pipeline-runs/28283211910/raw/igrf14/manifest.json	438	.json	data_or_result	16	ee43957b225a6f1912c66d81ced35c0abb02cc04314b36523f2287accceb84a9	-
results/pipeline-runs/28283211910/raw/nmdb/manifest.json	374	.json	data_or_result	16	c3e5be29800a804b5b2c662d54e8a34b36de8c922185d8a1ded4159e621916cb	-
results/pipeline-runs/28283211910/raw/omni/manifest.json	390	.json	data_or_result	16	06c858bad6c3677c0b971fe1d2283acbf5803dcfe07f9c46bc925b9f99476a4d	-
results/pipeline-runs/28283211910/raw/pantheon/manifest.json	449	.json	data_or_result	16	03db5c3ddf051980c99edb132d4673c4540f03bfbc03b3fb347f99f4d5ad455b	-
results/pipeline-runs/28283211910/raw/planck/manifest.json	496	.json	data_or_result	12	971a1456e7f7c720f709538825ec5243350d5957cda9592cb11e56af183710dc	-
results/pipeline-runs/28283211910/raw/wmm2025/manifest.json	447	.json	data_or_result	16	80b0aa55b4edf5481c496ef6f33f2c5e1ee175132e3c14cdb2ecc59c9a0f8512	-
results/pipeline-runs/28283211910/tables/BAO_processed.csv	1442	.csv	data_or_result	11	b7e590168ac0a12d51b2349c468300ed659e6a8ba6d422fb915a39b04cf39874	mentions_synthetic
results/pipeline-runs/28283211910/tables/Hz_processed.csv	4773	.csv	data_or_result	34	e42091c715747009239f6636e2620c003d1a9e59ad823b8eb8d8ec95b469de92	mentions_synthetic
results/pipeline-runs/28283211910/tables/geomagnetic_metadata.csv	216	.csv	data_or_result	3	188f12d90d8747685c150f410066a8b4bb7a7392824fbd7b91e855d97072db6f	-
results/pipeline-runs/28283211910/tables/model_comparison.csv	225	.csv	data_or_result	3	d1945ae07c1e12f5536e370b34d96ec5d7a07c302a2c83be0abfd2e3a94f1e40	mentions_synthetic
results/pipeline-runs/28283211910/tables/rll_components.csv	5550	.csv	data_or_result	49	d7ea6fe2f6b26d06fd5df58a93453340df57441efe3b1195adae0d277890042d	-
results/pipeline-runs/28283484980/CHECKSUMS.sha256	6387	.sha256	data_or_result	0	1e0af7864cdd5b2794b0c13d43837d3724a14ffc5298b80ed0372cc88d07df57	-
results/pipeline-runs/28283484980/CLAIM_REFERENCE_AUDIT.md	1145	.md	documentation_md	9	4d2b69060300aeb629eebbb1817a96b05ebea74ea3aa96325c13626047d21d9b	-
results/pipeline-runs/28283484980/COMMIT_SHA.txt	41	.txt	data_or_result	1	47e92b9112dad9e20e75fd57590cab8058d5cd49cd0044b26543025b4b158a68	-
results/pipeline-runs/28283484980/COMPUTE_REPORT.md	426	.md	documentation_md	11	a431750f8e882a1f080a4634ba682ac1ac098b2ae65950d270d8a8d9c4fa3b04	mentions_synthetic
results/pipeline-runs/28283484980/DATA_SOURCES.md	825	.md	documentation_md	12	e770faa9d31d7a39a792390e31590846e4d35dcd113a835c10b8dc4ede70ab53	-
results/pipeline-runs/28283484980/FETCH_REPORT.md	559	.md	documentation_md	14	96aa3d26bbf4f505e23a5d0b51e1f023ed1b15e5056afabd1973dcfa644a536d	-
results/pipeline-runs/28283484980/MANIFEST.json	3095	.json	data_or_result	74	0c37a9a28fa2ec56dba97bf56473b5ce94ff9524961de617d5a1ecd2ebaf5ee1	mentions_mock_or_placeholder
results/pipeline-runs/28283484980/PIPELINE_REPORT.md	677	.md	documentation_md	17	43dbf74f098cc4afacc9f30b7ff9940d7ed8748b53cf929e1e7a9d56a68a24a2	-
results/pipeline-runs/28283484980/RUN_UTC.txt	21	.txt	data_or_result	1	86c7d8084eec67bf559ae27da7082f1d2c4f3c7f3822e6c66a2a0ec578acc405	-
results/pipeline-runs/28283484980/SOURCES.md	277	.md	documentation_md	21	c22ede9fa387134b193fa0a951d2e221bb7e940e1f8c2cd8040a5822ce5515f2	-
results/pipeline-runs/28283484980/book/BOOK_ROUTE.md	1097	.md	documentation_md	36	363c947d499b5c1a833e2fc05b8e8bd1395da58a069e5da0f589815a9646bf8d	mentions_mock_or_placeholder
results/pipeline-runs/28283484980/book/CHAPTERS_USED.md	556	.md	documentation_md	16	7c2f2fae7125231bbcbc1db5ca0e6949f0e86178ab5558c4bc3fe13d8094d316	mentions_mock_or_placeholder
results/pipeline-runs/28283484980/book/FILES_USED.md	421	.md	documentation_md	15	72ddcafeaae0d0816c35b363fe72e7b39ba65936cf83dfd129489d2424532f3d	-
results/pipeline-runs/28283484980/formulas/FORMAL_ACADEMIC_REPORT.md	41	.md	documentation_md	3	7d2b5cab29868923da8c6e710fb568f5e64a14dab49ebbe810a7be7ffa5ab652	-
results/pipeline-runs/28283484980/formulas/FORMULAS_BY_SOURCE.md	2283	.md	documentation_md	55	a2f8035eeb6ab47878ed4503fdb2dac8c539d8c008f92f9e83d82b0e1b46cce2	-
results/pipeline-runs/28283484980/formulas/FORMULAS_CLAIM_MAP.md	90	.md	documentation_md	3	a02d15c320f9b718be56c8416f116ba9dc34fafa138f7bd3c7147269922b5825	-
results/pipeline-runs/28283484980/formulas/formulas.csv	94758	.csv	data_or_result	488	8d55a47bc006e641fd960583edfddf6fe408c1942f41de8e3f3ea80d35220648	mentions_mock_or_placeholder,token_vazio_declared
results/pipeline-runs/28283484980/formulas/formulas.json	128605	.json	data_or_result	2437	87ca94faebc717049c1454975d8dbae84cb4ce784e80a18e82ee2a24679dc4d9	mentions_mock_or_placeholder,token_vazio_declared
results/pipeline-runs/28283484980/iml/IML_MANIFEST.json	462	.json	data_or_result	13	a592e20ee86739c79b7480d79147fa6f87547dfb79e22cb10f1a4a7bdbb52465	-
results/pipeline-runs/28283484980/iml/IML_REPORT.md	372	.md	documentation_md	9	cee360a1ac4ac07908fa194e13c0d61202c31b53ef9bbb36bc5f90eef46bf2c3	-
results/pipeline-runs/28283484980/iml/INPUT_SHA256.txt	104	.txt	data_or_result	1	652b8ec19972180de9329c2ac857bbff56d637e71fd24fc0078153457670ef4f	-
results/pipeline-runs/28283484980/iml/input.json	90	.json	data_or_result	1	a57a99824928dd2bd2a1ba5bfff31f81aa13af11fe26c95a6c65522e0a58392b	-
results/pipeline-runs/28283484980/iml/output.json	15020	.json	data_or_result	658	d989df0a64630c97a0e6197592bca54ab3bf9a57fb5a99b807cb43ed33fbee57	-
results/pipeline-runs/28283484980/plots/BAO_comparison.png	23657	.png	data_or_result	0	fb54ed7457fe33bbdb08901041448661e5d8f0c41adfa981b324e84308361e1c	-
results/pipeline-runs/28283484980/plots/Hz_curve.png	20212	.png	data_or_result	0	13a46b40655f73f06979540b440f3ac7abba1bafcbe07e8eed2b7d3ea45bbf61	-
results/pipeline-runs/28283484980/plots/chi2_barplot.png	7553	.png	data_or_result	0	c5d3570639a9b79420d6bbbe5c1bdb9667b42825557c702e9f225eeeca33e3a1	-
results/pipeline-runs/28283484980/plots/data_sources_status.png	13743	.png	data_or_result	0	0f134b373beff3e118a84332009fcf4787fa9c9b8f66c85b6fd60c9f756d3989	-
results/pipeline-runs/28283484980/plots/rll_components.png	20107	.png	data_or_result	0	6f20043f24f2b737daa0ea4e920fecac3c279dcfaf7188d9d380f656c9ad88cf	-
results/pipeline-runs/28283484980/raw/SOURCES.json	3782	.json	data_or_result	118	aab1fcdf219334f93e7cdcc16dbbc5e1da937e99f45c437c55262364c670b268	-
results/pipeline-runs/28283484980/raw/cosmology_curated/BAO_data_real.csv	331	.csv	data_or_result	11	1decb159dd8c276e356e1f2ca45028da0079302a0b7b279797d8e40aab0c9527	-
results/pipeline-runs/28283484980/raw/cosmology_curated/CMB_shift_real.json	160	.json	data_or_result	9	f658dafa16b57a4522bdf59c243d8693e20efe9936e2815720fed7ed6d637cdc	-
results/pipeline-runs/28283484980/raw/cosmology_curated/CURATED_SOURCES.json	1059	.json	data_or_result	32	0529f22d74b24a0b6fca2c680260944bf2b3344a6a135a1baafec9d9987d7268	-
results/pipeline-runs/28283484980/raw/cosmology_curated/CURATED_SOURCES.md	432	.md	documentation_md	9	5b30fac38b0189f7bec568436b90b56808c9b9bddee62bf5299d91989f10aac6	-
results/pipeline-runs/28283484980/raw/cosmology_curated/Hz_data_real.csv	1033	.csv	data_or_result	34	1194fe2066dc3d92b4870cfb03d2cdbe2a316deae2e1355943f7f2ccca6d52b6	-
results/pipeline-runs/28283484980/raw/cosmology_curated/pantheon_readme.md	148	.md	documentation_md	5	aebbe5d60292a548f008173b122073622f1f1c113af65ee988d29c53f51aa677	-
results/pipeline-runs/28283484980/raw/desi/manifest.json	474	.json	data_or_result	12	2d85a5b99e63f6845e2e7754b13af13991805b6e13836236daf814ac0c48d5c1	-
results/pipeline-runs/28283484980/raw/igrf14/manifest.json	438	.json	data_or_result	16	db9e260180627c710dc1f475eb6b624ced8d4cb96d0dec523c2a056a00997832	-
results/pipeline-runs/28283484980/raw/nmdb/manifest.json	374	.json	data_or_result	16	7517bbba562c60189804a125904f0bc9b15b97c60f8cb4bccabcc83607ce6df2	-
results/pipeline-runs/28283484980/raw/omni/manifest.json	390	.json	data_or_result	16	0841040c94e854a43b3af8bbf7f5922ab2f9fa56e8d6069111d07fd88b3a9762	-
results/pipeline-runs/28283484980/raw/pantheon/manifest.json	449	.json	data_or_result	16	62071f3144fc6a3fef9c064fc9dfe4dd146fb1a391ea48a990b493ec4d494aa8	-
results/pipeline-runs/28283484980/raw/planck/manifest.json	496	.json	data_or_result	12	20996db17b1fe48c911c366ad5fb9e0edafb951f6beb6f60f0e27e9f642cb542	-
results/pipeline-runs/28283484980/raw/spenvis_reference/manifest.json	464	.json	data_or_result	12	733cf93f9c8268c94e8bbc3adbc23bbd9cac1417b3724710c31c782c756db4f0	-
results/pipeline-runs/28283484980/raw/wmm2025/manifest.json	447	.json	data_or_result	16	91ccca51b38fb90a071286d109d74950b6a901c7d78e4400eb007029c7a50b1b	-
results/pipeline-runs/28283484980/tables/BAO_processed.csv	1442	.csv	data_or_result	11	b7e590168ac0a12d51b2349c468300ed659e6a8ba6d422fb915a39b04cf39874	mentions_synthetic
results/pipeline-runs/28283484980/tables/Hz_processed.csv	4773	.csv	data_or_result	34	e42091c715747009239f6636e2620c003d1a9e59ad823b8eb8d8ec95b469de92	mentions_synthetic
results/pipeline-runs/28283484980/tables/geomagnetic_metadata.csv	216	.csv	data_or_result	3	188f12d90d8747685c150f410066a8b4bb7a7392824fbd7b91e855d97072db6f	-
results/pipeline-runs/28283484980/tables/model_comparison.csv	225	.csv	data_or_result	3	d1945ae07c1e12f5536e370b34d96ec5d7a07c302a2c83be0abfd2e3a94f1e40	mentions_synthetic
results/pipeline-runs/28283484980/tables/rll_components.csv	5550	.csv	data_or_result	49	d7ea6fe2f6b26d06fd5df58a93453340df57441efe3b1195adae0d277890042d	-
results/pipeline-runs/28408203425/CHECKSUMS.sha256	7975	.sha256	data_or_result	0	7004e46840ffcf54079fdd1000f79a50f90e5cc531821d26df1131f41eb77300	-
results/pipeline-runs/28408203425/CLAIM_REFERENCE_AUDIT.md	1145	.md	documentation_md	9	4d2b69060300aeb629eebbb1817a96b05ebea74ea3aa96325c13626047d21d9b	-
results/pipeline-runs/28408203425/COMMIT_SHA.txt	41	.txt	data_or_result	1	44949af3408ce0aea38bfddfee8b5a80f67aaada958e2b6dda7b23b01f657ea3	-
results/pipeline-runs/28408203425/COMPUTE_REPORT.md	426	.md	documentation_md	11	a8281e8e528428493e7e477ee033f93fa0a132d7d117e761245100ddd84c4cdf	mentions_synthetic
results/pipeline-runs/28408203425/DATA_SOURCES.md	574	.md	documentation_md	9	0f1c5aa7543d956ea645e4d8ec74c19c66e3395705192dc000dbf46a51792dca	-
results/pipeline-runs/28408203425/FETCH_REPORT.md	246	.md	documentation_md	9	91879cfb470e409af6106ee91231051bd6a95876ec0e53bd292c5564dc4c7cb3	-
results/pipeline-runs/28408203425/MANIFEST.json	3095	.json	data_or_result	74	872c6faa0749015dfcb7298c307f87cb4e6d7550a0d1f68ee4fe624150f6b036	mentions_mock_or_placeholder
results/pipeline-runs/28408203425/PIPELINE_REPORT.md	677	.md	documentation_md	17	35bac9b87c45346b2d96be4821453a7c8aa69ec0d4fe80f5ce4d3c0fa47580ce	-
results/pipeline-runs/28408203425/RUN_UTC.txt	21	.txt	data_or_result	1	d526af033dab6690aa5f574b184d3bc30c36dddde0ad52d33a19926f27490bdd	-
results/pipeline-runs/28408203425/SOURCES.md	277	.md	documentation_md	21	c22ede9fa387134b193fa0a951d2e221bb7e940e1f8c2cd8040a5822ce5515f2	-
results/pipeline-runs/28408203425/book/BOOK_ROUTE.md	1097	.md	documentation_md	36	363c947d499b5c1a833e2fc05b8e8bd1395da58a069e5da0f589815a9646bf8d	mentions_mock_or_placeholder
results/pipeline-runs/28408203425/book/CHAPTERS_USED.md	556	.md	documentation_md	16	7c2f2fae7125231bbcbc1db5ca0e6949f0e86178ab5558c4bc3fe13d8094d316	mentions_mock_or_placeholder
results/pipeline-runs/28408203425/book/FILES_USED.md	421	.md	documentation_md	15	72ddcafeaae0d0816c35b363fe72e7b39ba65936cf83dfd129489d2424532f3d	-
results/pipeline-runs/28408203425/diagnostics/h0_grid_expansion_summary.json	2348	.json	data_or_result	90	e8054700c46f9b403acff204b4f41b77beaed5f30810e0909f289cca56d4b02f	-
results/pipeline-runs/28408203425/diagnostics/missing_placeholder_stub_scan.json	326	.json	data_or_result	10	4ed2959c9d19682f59301e7274a3a900360f504b3751a2c062cd5c634bc87af5	mentions_mock_or_placeholder
results/pipeline-runs/28408203425/diagnostics/rll_w0wa_eff_map.json	1088	.json	data_or_result	35	26c8e28e09ab367f222af9cfef8d770ebcf015f277032e50b80dd5348e71bfa6	-
results/pipeline-runs/28408203425/diagnostics/to_add_migration_validation.json	844	.json	data_or_result	19	fa71fe06b34a5e8e52e488d333d8ebaaf2e44c0ccf66a69727c8ac9e0588fad6	-
results/pipeline-runs/28408203425/formulas/FORMAL_ACADEMIC_REPORT.md	41	.md	documentation_md	3	7d2b5cab29868923da8c6e710fb568f5e64a14dab49ebbe810a7be7ffa5ab652	-
results/pipeline-runs/28408203425/formulas/FORMULAS_BY_SOURCE.md	2283	.md	documentation_md	55	a2f8035eeb6ab47878ed4503fdb2dac8c539d8c008f92f9e83d82b0e1b46cce2	-
results/pipeline-runs/28408203425/formulas/FORMULAS_CLAIM_MAP.md	90	.md	documentation_md	3	a02d15c320f9b718be56c8416f116ba9dc34fafa138f7bd3c7147269922b5825	-
results/pipeline-runs/28408203425/formulas/formulas.csv	94758	.csv	data_or_result	488	8d55a47bc006e641fd960583edfddf6fe408c1942f41de8e3f3ea80d35220648	mentions_mock_or_placeholder,token_vazio_declared
results/pipeline-runs/28408203425/formulas/formulas.json	128605	.json	data_or_result	2437	87ca94faebc717049c1454975d8dbae84cb4ce784e80a18e82ee2a24679dc4d9	mentions_mock_or_placeholder,token_vazio_declared
results/pipeline-runs/28408203425/iml/IML_MANIFEST.json	462	.json	data_or_result	13	5ccb609589277b972d8732a2bcc15f2018a3eb961d5fc31f7ecef337ce2e4919	-
results/pipeline-runs/28408203425/iml/IML_REPORT.md	372	.md	documentation_md	9	359b455cb846bfd7b1d94e20d598b140bcb8d3c003bb8f28756b307adb6dea5b	-
results/pipeline-runs/28408203425/iml/INPUT_SHA256.txt	104	.txt	data_or_result	1	652b8ec19972180de9329c2ac857bbff56d637e71fd24fc0078153457670ef4f	-
results/pipeline-runs/28408203425/iml/input.json	90	.json	data_or_result	1	a57a99824928dd2bd2a1ba5bfff31f81aa13af11fe26c95a6c65522e0a58392b	-
results/pipeline-runs/28408203425/iml/output.json	15020	.json	data_or_result	658	d989df0a64630c97a0e6197592bca54ab3bf9a57fb5a99b807cb43ed33fbee57	-
results/pipeline-runs/28408203425/plots/BAO_comparison.png	23657	.png	data_or_result	0	fb54ed7457fe33bbdb08901041448661e5d8f0c41adfa981b324e84308361e1c	-
results/pipeline-runs/28408203425/plots/Hz_curve.png	20212	.png	data_or_result	0	13a46b40655f73f06979540b440f3ac7abba1bafcbe07e8eed2b7d3ea45bbf61	-
results/pipeline-runs/28408203425/plots/chi2_barplot.png	7553	.png	data_or_result	0	c5d3570639a9b79420d6bbbe5c1bdb9667b42825557c702e9f225eeeca33e3a1	-
results/pipeline-runs/28408203425/plots/data_sources_status.png	16775	.png	data_or_result	0	19abfc8d34a0f19183bfb426faee5b363afa2b52b52d1f0a4031b8c3c106e776	-
results/pipeline-runs/28408203425/plots/rll_components.png	20107	.png	data_or_result	0	6f20043f24f2b737daa0ea4e920fecac3c279dcfaf7188d9d380f656c9ad88cf	-
results/pipeline-runs/28408203425/raw/SOURCES.json	2362	.json	data_or_result	78	d054bca332652cc3bb28f073fd4b22372e3674a686a148ce760ee4b636e7ccbf	-
results/pipeline-runs/28408203425/raw/cosmology_curated/BAO_data_real.csv	331	.csv	data_or_result	11	1decb159dd8c276e356e1f2ca45028da0079302a0b7b279797d8e40aab0c9527	-
results/pipeline-runs/28408203425/raw/cosmology_curated/CMB_shift_real.json	160	.json	data_or_result	9	f658dafa16b57a4522bdf59c243d8693e20efe9936e2815720fed7ed6d637cdc	-
results/pipeline-runs/28408203425/raw/cosmology_curated/CURATED_SOURCES.json	1059	.json	data_or_result	32	0529f22d74b24a0b6fca2c680260944bf2b3344a6a135a1baafec9d9987d7268	-
results/pipeline-runs/28408203425/raw/cosmology_curated/CURATED_SOURCES.md	432	.md	documentation_md	9	5b30fac38b0189f7bec568436b90b56808c9b9bddee62bf5299d91989f10aac6	-
results/pipeline-runs/28408203425/raw/cosmology_curated/Hz_data_real.csv	1033	.csv	data_or_result	34	1194fe2066dc3d92b4870cfb03d2cdbe2a316deae2e1355943f7f2ccca6d52b6	-
results/pipeline-runs/28408203425/raw/cosmology_curated/pantheon_readme.md	148	.md	documentation_md	5	aebbe5d60292a548f008173b122073622f1f1c113af65ee988d29c53f51aa677	-
results/pipeline-runs/28408203425/raw/desi/manifest.json	474	.json	data_or_result	12	0f275815ae324a69cdfb7a4a319dc05e9fd8d022c92d716086da4440e559e206	-
results/pipeline-runs/28408203425/raw/igrf14/manifest.json	438	.json	data_or_result	16	75fce6f7053e53637fedea751c63a0806179382bb04a0d861791dffb509534fb	-
results/pipeline-runs/28408203425/raw/omni/manifest.json	390	.json	data_or_result	16	b62601b5f91400af7eb658e4d9d5d64849648b004fc5d464709df41599f4dcc0	-
results/pipeline-runs/28408203425/raw/pantheon/manifest.json	449	.json	data_or_result	16	c91a12e5be342e85fbb29f44e3e0b8a6fcc4f11a1fa0f06e8234c459c3bc8fb3	-
results/pipeline-runs/28408203425/raw/wmm2025/manifest.json	447	.json	data_or_result	16	ae8c675c1e472ead11cf111b19381754d03bb6684d80d4114d05a1059cbcb05a	-
results/pipeline-runs/28408203425/reports/MISSING_PLACEHOLDER_STUB_SCAN.md	388	.md	documentation_md	18	589a696535329c1d350935a76949306d2fbaee83975b70612e2f573864bc0224	mentions_mock_or_placeholder
results/pipeline-runs/28408203425/reports/TO_ADD_MIGRATION_STATUS.md	164	.md	documentation_md	8	17ee3c65356e039b6da0018bcba2d13e5e80dd526975aad908a9adae857a2350	-
results/pipeline-runs/28408203425/tables/BAO_processed.csv	1442	.csv	data_or_result	11	b7e590168ac0a12d51b2349c468300ed659e6a8ba6d422fb915a39b04cf39874	mentions_synthetic
results/pipeline-runs/28408203425/tables/Hz_processed.csv	4773	.csv	data_or_result	34	e42091c715747009239f6636e2620c003d1a9e59ad823b8eb8d8ec95b469de92	mentions_synthetic
results/pipeline-runs/28408203425/tables/geomagnetic_metadata.csv	216	.csv	data_or_result	3	188f12d90d8747685c150f410066a8b4bb7a7392824fbd7b91e855d97072db6f	-
results/pipeline-runs/28408203425/tables/h0_grid_expansion_scan.csv	7781	.csv	data_or_result	64	6e65870e56706861e695e41aef896eb3aace2b4f8e899b7f45be9a7bbaff514b	-
results/pipeline-runs/28408203425/tables/missing_placeholder_stub_scan.csv	42	.csv	data_or_result	1	9847407ebdeeaab048187a916c332bce8c8271e62c6ad9882d54dffbcda91cfc	-
results/pipeline-runs/28408203425/tables/model_comparison.csv	225	.csv	data_or_result	3	d1945ae07c1e12f5536e370b34d96ec5d7a07c302a2c83be0abfd2e3a94f1e40	mentions_synthetic
results/pipeline-runs/28408203425/tables/rll_components.csv	5550	.csv	data_or_result	49	d7ea6fe2f6b26d06fd5df58a93453340df57441efe3b1195adae0d277890042d	-
results/pipeline-runs/28408203425/tables/rll_w0wa_eff_map.csv	2058	.csv	data_or_result	14	69ce4ce3889d6aac58f61427a289bd94033d64d5dba9a646087f8a872c6f1a4d	-
results/real/README.md	178	.md	documentation_md	3	283169e39549a6c30004f22c22eef04858fc2dc68ec086d3f0d90bc8a1f94ea3	-
results/relational_validation/README.md	2556	.md	documentation_md	97	30c00ec6ff4eee65b8a434f89eeb457d180953008a24403424d7540081546608	mentions_synthetic
results/relational_validation/RELATIONAL_VALIDATION_LEDGER.yml	4155	.yml	config_yml	106	b7ea1dcf48cb4dfade45e7124bfde856f699d677d2f4bf7fbe15667ac938deb4	mentions_synthetic,token_vazio_declared
results/relational_validation/artifacts/README.md	1141	.md	documentation_md	62	319a1033186c0e91295185ddaed6ffdaca3db0d0eddd048edd8eaedbbd905172	-
results/relational_validation/logs/README.md	956	.md	documentation_md	56	bb4c9d14092116768c9f69f5ed49b0deb4f5618ce27f58d4c66059e5e47c8605	token_vazio_declared
results/relational_validation/packages/ACADEMIC_CORR_001/package.yml	3272	.yml	config_yml	86	2590cbd4880ca0c937e5e4cc5ee3d60a1b1ef58f44c176c90a653116c645156a	mentions_synthetic,token_vazio_declared
results/relational_validation/packages/ACADEMIC_CORR_001/relation_graph.json	1739	.json	data_or_result	31	0fd3737794ccdaa74d75529c9d29fa2e2630c3c90b094a560e118b81eca727f0	-
results/reproducivel_RLL_relatorio_simulacao.txt	3175	.txt	data_or_result	59	4e5b34007d9dde211561dd1a44d7a52320134dd634f6220b6c80e3415df21726	-
results/reproducivel_RLL_simulacao_dados_reais.png	404222	.png	data_or_result	0	9d2770531446f9a83be73e568f70ffb5e9e802388b29b2d693dec861d2d776ba	-
results/rll_analise_completa.json	24228	.json	data_or_result	1010	7a739d382051ef1efd7b1439004f8c867f2fd6be4f7c6fd8933afb670373db74	-
results/rll_canonical_freestanding_receipt.json	2422	.json	data_or_result	77	d5681c116bf5e29471820327380496096b45fb8f5c230dca43114030d4adaa60	token_vazio_declared
results/rll_canonical_real_freestanding.json	2407	.json	data_or_result	62	db2762008fd111f3b4521c10a7346de50f1152cd64d16ad996b9ae6f64b4ab35	mentions_synthetic
results/rll_climate_cycle.synthetic.v1.json	5686	.json	data_or_result	22	ca0633dc1f617c80948c6440c70e6b62851d311a74072100757c6ea94c4ae73c	mentions_synthetic
results/rll_fase18_rd_numerico.json	18321	.json	data_or_result	847	2b5ab6e37d97735d6b6014cf162c2eaed9e24b551c633d4b63832829cee926fc	-
results/rll_fase18d_final.json	6439	.json	data_or_result	285	1198072bfa1c124bd7a381015e6a28a7d454ac58abcc07d7982a651a4ccc1262	-
results/rll_fase18e_calibrado.json	6505	.json	data_or_result	287	bd651a81c2e8dc8d00643e227e98a8b649f5691a52989df0512e92957cc7bffd	-
results/rll_fase19_rd_calibrado.json	7374	.json	data_or_result	312	35bdb2b61b7e1b3e382d6dcdb631c1e4160e98554a989952b11c5d565d5e03bd	token_vazio_declared
results/rll_fase20_mcmc_bayes.json	2712	.json	data_or_result	98	3c78adf12811e19dabd258ce45ebc2e57f052fd94c0f60727014a8f9d41c6d0b	-
results/rll_fase22_g4_eh_bias_grid.json	19569	.json	data_or_result	851	1eaf18d58c4b05e1af58d9756cc34a1b7aac123b1b1bca60567a7ee24cf8946c	-
results/rll_joint_parametrizacao.json	4137	.json	data_or_result	204	32485916347f5d9b57cad49939114fc2a06e8bab58c01f68e23aa76fe45edc1c	-
results/rll_vs_lcdm_predictions.csv	5073	.csv	data_or_result	47	6641f9cbc9d51a4fc128423c3227aa24c16677d3aef1156bb1b8e61d415b90ae	-
results/rll_vs_lcdm_summary.json	1331	.json	data_or_result	54	e488e17a3479a97cb46629bc5ec04298c48099fe95a8f0fb108fd1c5ab147827	-
results/session_grafo_fase17_20/actions.jsonl	1456	.jsonl	data_or_result	0	f86251e3413c2f3d6617d858d5b4616f7f6ee38b0817c7f52f5acb92ad7c6fa7	-
results/session_grafo_fase17_20/claims.jsonl	7151	.jsonl	data_or_result	0	407ec569761259f79a51a2e1b5f585328c88d6bb05f45f2f16983abc55d60769	-
results/session_grafo_fase17_20/contradictions.jsonl	823	.jsonl	data_or_result	0	6e360f11e26c5acb6716bf9a82e5aafd34b09d6731e686b14b46a24b769a4eef	-
results/session_grafo_fase17_20/current_state_overlay.json	1755	.json	data_or_result	54	b60f16456152e4079d9883cfe1096761f9f7fba0a02d193e0c69f1bdee822fe9	token_vazio_declared
results/session_grafo_fase17_20/entities.jsonl	7171	.jsonl	data_or_result	0	81bc6be5e9d681126a0ce3df50bab810b331711358f9ef7772470aabf2df4b31	-
results/session_grafo_fase17_20/experiments.yaml	3429	.yaml	config_yml	89	9d1396dc81613d748c967ce20aa4b3b214af425ba6c8fd6b0cc908e214656007	-
results/session_grafo_fase17_20/formulas.yaml	3564	.yaml	config_yml	72	ec6edf2f2941c6e6f6d67ab26937df2e0da0d56751545b7e1778778e4f7de91b	-
results/session_grafo_fase17_20/gaps.jsonl	2107	.jsonl	data_or_result	0	40d693e7dcce6a2e753864be462e49ac1024b0a8b1f182d25b6dd9f0f111b6ce	-
results/session_grafo_fase17_20/graph.graphml	16630	.graphml	data_or_result	0	f1710abbedc8ac5e07d9cf678f1873cc16f62666afc24a8dd8c3371534c4cecd	-
results/session_grafo_fase17_20/relations.jsonl	4901	.jsonl	data_or_result	0	8a105b9b832b98f38faf3ef9df9fc1e836005794677dfded5d997836c4f37eaf	-
results/session_grafo_fase17_20/report.md	6672	.md	documentation_md	124	ed7bd60768287066c0fdb6260cbb79d9694c05c80b11189879489ca869dc380a	token_vazio_declared
results/session_grafo_fase17_20/session_manifest.json	2127	.json	data_or_result	56	0b62768d1764b3e0c0d052fc3da6d5a111c8ed21a607abe12ef74d8a9f7f265d	token_vazio_declared
results/session_grafo_fase17_20/sources.bib	4040	.bib	data_or_result	0	2fa5cc0c6c486b3f1265fcc505ce8da3c976e72a6de4fad50f2cd21a8a4eb3a2	-
results/state_transition_ledger.jsonl	11250	.jsonl	data_or_result	0	4299fd583a825334555c0e6c48d3ccd23ebc611492a1a0287aea0adb7d28b6e4	-
results/strong_gravity_calibration/session_reference_sweep_20260717.json	4806	.json	data_or_result	143	e62827f6d8a8c03e921e406eeca4fac249ea25ad29e9ee0d0951ec2515a00479	mentions_synthetic,token_vazio_declared
results/structure_d/README.md	2377	.md	documentation_md	54	caa34efb4eba95887ecc9947be7251696484110607608cc00b4953642c9bcca8	-
results/structure_d/covariance_usage.csv	203	.csv	data_or_result	3	2fabbfa8ddad6364d4579062242627836d78b274fd9e1fd7bced8f26b64b1e65	-
results/structure_d/degeneracy_corr_bin_00.csv	1522	.csv	data_or_result	10	e65771eb71c4b032d56cf303b576915aa9b01dc9d703be326eafa388edace473	-
results/structure_d/degeneracy_corr_bin_01.csv	1526	.csv	data_or_result	10	399d6ac4034b82b23e46543b77acc0d3ae0521a455da2a6ebac793f2ee7ec7be	-
results/structure_d/degeneracy_corr_bin_02.csv	1530	.csv	data_or_result	10	e15390a63e178153b5a07e9e7a312a0b701397bbfb358bdd2543d1c18ee23867	-
results/structure_d/degeneracy_corr_bin_03.csv	604	.csv	data_or_result	10	faca6a3ff17481d72c2f0cbf7b468def5b10434350cccd35b1fbf9fc71926614	-
results/structure_d/degeneracy_corr_bin_04.csv	634	.csv	data_or_result	10	99b971d6e9e5cdd07655632974f2b225a82f5307ffe5c4341a504613b438ad0a	-
results/structure_d/degeneracy_corr_bin_05.csv	612	.csv	data_or_result	10	46c2142d50915dd9672264c6a4b357b2ac89ea75c514fd454fd96d83781f098f	-
results/structure_d/dominance_by_z.csv	864	.csv	data_or_result	11	e52e5b2ef1454eb638d90b672471c849c63c1a8f7879e5c0f3f596cf66cd2e30	-
results/structure_d/error_mode_usage.csv	78	.csv	data_or_result	3	470d87b139a4e286ea0572f730c61862abf92f30f18c2f8e153305cbd4eb5cbf	-
results/structure_d/execution_timing.csv	140	.csv	data_or_result	5	b5f388aaea29a127216dfc8ac9a3002d0524467381fcc8fd8438c6c14aae4c73	-
results/structure_d/execution_timing.json	310	.json	data_or_result	18	65e4d9d782535dc3b72fd0ffc7921ce18041a3f71df7a6d1ac55f538900f2879	-
results/structure_d/execution_timing_real.csv	106	.csv	data_or_result	4	d8bec14889dde26e1e721df1493b4b6be611c0df94ba12b188a9c80b2a5fdde5	-
results/structure_d/execution_timing_real.json	228	.json	data_or_result	14	772d406e4bf9ff70f7d06bcb13cd1edc610e29f97c462d0a16ccc93c1ca54e42	-
results/structure_d/figs/degeneracy_heatmap_bin_00.png	62726	.png	data_or_result	0	08cbca06998b02fd9386c7742008c7c6a6ef280cbcf8f175a8b61412dde9a272	-
results/structure_d/figs/degeneracy_heatmap_bin_01.png	62494	.png	data_or_result	0	30918faec9dbd9c6e1120670c1b32321925233938a4819e28552e751cc475047	-
results/structure_d/figs/degeneracy_heatmap_bin_02.png	62955	.png	data_or_result	0	47176285d499c67603e9ce5c499f26d0c586b0cf23d4a0fedc3efdd7c4c6c9db	-
results/structure_d/figs/degeneracy_heatmap_bin_03.png	62754	.png	data_or_result	0	0e09b37d2ee2cc8034e93f481333516300ec80bfd94a567c7057396a72a9781b	-
results/structure_d/figs/degeneracy_heatmap_bin_04.png	62565	.png	data_or_result	0	e1f05737e2ab7e713f50b0230bb2c0d60d0a8320dfdaa09dbff9b3fa9bb7142b	-
results/structure_d/figs/degeneracy_heatmap_bin_05.png	62710	.png	data_or_result	0	29871d2566a176122328fc16ad1fcfc5e482ff7d25fef84effab652273ce4561	-
results/structure_d/figs/dominance_regime_curve.png	44773	.png	data_or_result	0	4bbb66d470d355d09903d86852457414d0c9806e26a5075d48c05ddcdb083b6f	-
results/structure_d/figs/sensitivity_curves.png	148587	.png	data_or_result	0	3385703d3142173759d850ff120af491f8889ad683a2b9acf6cb746f31f3f504	-
results/structure_d/joint_real_likelihood.csv	1370	.csv	data_or_result	5	a45c1db0ac7142862607bb7aa0669ddc6b94757a28e16dce9e645c54cf21a41f	-
results/structure_d/joint_real_likelihood.json	8434	.json	data_or_result	225	9ebb44cc5f9f7f6be6b9d149b03e3cdb2f7a44cac60c57881b9c5e657b4107ec	-
results/structure_d/joint_real_likelihood_covariance_manifest.json	2348	.json	data_or_result	50	f6c565e34129ba2a33f14055a9d63216bab384d7965a2718e78fd1c01110d1d0	-
results/structure_d/joint_real_likelihood_readme.md	5383	.md	documentation_md	104	ebee3e9a01a45ad3be44ee8e4d9368314e26fad95405a4a8cfa3dea2c790a9f8	token_vazio_declared
results/structure_d/model_comparison.csv	532	.csv	data_or_result	3	69bdf8c8335522ef935bf4affee45f3e62c39c184602ec29d4116f6753c40328	-
results/structure_d/model_comparison_real.csv	588	.csv	data_or_result	3	cef75a166e84a88dda672b1bcf33d114d2246559477c6a2811afff8c33e9eea5	-
results/structure_d/reproduction_contract.json	1712	.json	data_or_result	60	bcf43bba2f1939896ee5d439c4736e1b9f412605ed95b4b06a73b9e0d6049f53	mentions_synthetic,mentions_mock_or_placeholder
results/structure_d/rll_regime_metadata.csv	272	.csv	data_or_result	2	518cdeb779bd5140a35b15dd0b1a9b91f39cc60366e4a86cd8155aa4b797d1c4	-
results/structure_d/rll_regime_summary.csv	628	.csv	data_or_result	6	faff03733394f73d942ac552cec11904f72105d0d6a59af55e3f83a89d296fa8	-
results/structure_d/rll_sensitivity_derivatives.csv	18895	.csv	data_or_result	136	9d7da3b6c3356cd0ad4c3890370b5a8f4c5b059c359d2e6346e1df09c37e1a46	-
results/structure_d/sensitivity_long.csv	7188	.csv	data_or_result	181	770ee5facb365524b41d6d8406c75d2632df28164d6535368e9bc745e3bfa020	-
results/synthetic/README.md	583	.md	documentation_md	12	62457eebc8913d430c2720bbe5bb4a5187047feaf2f296a5b1301ccd9043e97c	mentions_synthetic,mentions_mock_or_placeholder
results/synthetic/dha/mock_catalog.csv	27535	.csv	data_or_result	501	2e1a4e01c7fe2d1cb618bdfdabac35692ce2f48ed33b45dede84ea94a647e66d	-
results/two_radiation_model_preview.csv	2028	.csv	data_or_result	34	a09e537c62d578f617cdfa690ac83cfba6354e6a2f5982ed124d61f8a1f532e9	-
results/weff_cpl_plane_rll.csv	542	.csv	data_or_result	11	0fa20f81d81ddeec67a39f45d0bbc4978009f8faa770fd8c918ccbe13983b24d	-
results/weff_cpl_plane_rll_summary.json	1003	.json	data_or_result	39	d55bb18ba1b7e8f72a6f0e822721451ae880d822ee2928b02c9d7a102dfdcf26	token_vazio_declared
results/weff_opcao_a_comparison.json	4357	.json	data_or_result	147	a30582c98073f384146e3c86824f1138e08a07273a1df90643eb45fabee96e55	-
results/weff_opcao_b_scan.json	8438	.json	data_or_result	441	6dabb97196424e4560a546881edfa5e46fb9e683812ffd5f73ce35d77b955bac	token_vazio_declared
results/weff_opcao_c_scan.json	10230	.json	data_or_result	500	52f3642c9657b404db05654f8c2d11c699a176c9ababcf921c13863ff6c8e0c8	token_vazio_declared
results/zt_scan/summary.json	1897	.json	data_or_result	82	ded384990febfef4f9d241c0c343b2470ac60d482f42cd2e2b98ac6994ca7d04	-
results/zt_scan/zt_0.3.json	306	.json	data_or_result	17	f4b0ccc649db000792685b1d9995ee5ac7c7fb40dbccecc4a08aac59fdea68dc	-
results/zt_scan/zt_0.5.json	306	.json	data_or_result	17	bbb1649800e26ed36aa316e7b645496d667c7aff37df40dc24346751c31e7575	-
results/zt_scan/zt_0.7.json	307	.json	data_or_result	17	c0eb23b2c8a7ac204d526b1151237ddfb69276104787d8bd4358b189ba3f8b0c	-
results/zt_scan/zt_0.9.json	307	.json	data_or_result	17	f2e06f4037c7830cf7eca508f470e7e16b1300907d484017f6516ba03fb12486	-
results/zt_scan/zt_1.2.json	307	.json	data_or_result	17	b3d5dcec70f4e09a41b9394998946c341aaa68770d4907bafb8f62e1ca9f6583	-
results/zt_scan/zt_1.5.json	305	.json	data_or_result	17	e76f5250abe2e1338de9ac54ab754c99b1dbdc3d2272c7f359c1106aceff7666	-
results/zt_scan/zt_1.8.json	307	.json	data_or_result	17	b4af1ca6a5e5a6f266c3adc3dff2ed256438f26887f376b87cdc7738f49e952a	-
results/zt_scan/zt_1.json	305	.json	data_or_result	17	325a8aecb2c3217b11193d651e22b8577c7f01809e9e68a2f6e4d8d179a1f8b5	-
results/zt_scan/zt_2.json	306	.json	data_or_result	17	6093155e64dd52b3f7c2c695d881ce7639ab323677b00252e648cf79367b57f7	-
results/zt_scan/zt_scan.csv	574	.csv	data_or_result	10	ce79aad221f1ca615088c8bd27f4203fc02a1fb47dbbcc4812b2872dabfbed1b	-
rll_core/__init__.py	136	.py	source_code	5	bcde9ae34372a2bf9a1ffa149cfc6ee1b8d781b1e19c14fd60780e8c84d753a0	-
rll_core/structural_invariants.py	10198	.py	source_code	335	2c30eb928b2bfb0706193154fd21e37d2951fd03e9c67eee7ff19d139dbf810d	-
rll_equation_registry.yml	8615	.yml	config_yml	188	d8abd93da581651ba6f5401813712e285a05001cae820af4feb5087bd8e783c8	mentions_mock_or_placeholder,token_vazio_declared
rll_inovacao_tecnologica_watch.yml	1700	.yml	config_yml	47	d9e02bb85b5f916fb7973ff0dea8eba40f58d544b4471cd1fa85233c25a0ed41	-
rll_reproducivel.zip	381763	.zip	other	0	fd61741209effbfba1793ccc55e9cc10fec352db7a6388c1bd7235da75f7b1e4	-
rll_vs_lcdm.py	18467	.py	source_code	452	505aba5f314a5929dd8d14cb76415a781e7a1dd8eac1887e5e35f143faafcb63	token_vazio_declared
runtime-lock.json	1788	.json	data_or_result	66	d83af6947dcf0d676500cd464bea9c1707c74b0db0eae2b10af5d105a06ca100	token_vazio_declared
schemas/EVOLUTION_ROADMAP.md	10985	.md	documentation_md	264	f060f1103a691f3f574144c2d18d7c34654ac9019b8329378347f74e0aff25ca	token_vazio_declared
schemas/README.md	6881	.md	documentation_md	132	72e96627cbff09a7743c688d5060e1d2a58fad2d75db658df288b140446f99bf	token_vazio_declared
schemas/ambient_field_observation.schema.json	10910	.json	data_or_result	323	3ee632ce4fb2ac330f038579dc0a74ffff02339707a3ebfadaadc232b96802e3	mentions_synthetic,token_vazio_declared
schemas/concept-matrix.v1.schema.json	4825	.json	data_or_result	129	27a747886ac94d31249cd8b3948f97fc030ca4826c8e690c8fcac880ee376894	token_vazio_declared
schemas/cosmological_matter_observation.v1.schema.json	5876	.json	data_or_result	272	c26bf514ab3f615c078b597221370c0cb2f705d6129e8d81799ea51fb3d692b7	mentions_synthetic,token_vazio_declared
schemas/cross_repo_academic_roles.schema.json	2449	.json	data_or_result	48	18bd5f0187d19879a3f4ba5cc988f0c9983ac11035901a529dec869c57974fe4	-
schemas/discrete_ontology_claim.schema.json	3646	.json	data_or_result	162	588335b2e137517ecf2a107b5336257b7019a1769bf99184edd58f17326b57a0	token_vazio_declared
schemas/evolution_event.schema.json	4819	.json	data_or_result	153	9440693bbee24c402778b52a20a09ed3e7a4704160077c953b92289ed1855fd5	token_vazio_declared
schemas/examples/formal_treatment_record.token_vazio.example.json	1393	.json	data_or_result	34	44375007e6798d0cb96f380d0613f11a640af235f6ac64623d5a07e73d46ef7b	token_vazio_declared
schemas/examples/information_evolution_trace.example.json	5055	.json	data_or_result	120	b17c028fea95f414ae9cda6e3a73b045dff95d1f03c5697955fa9ca1f1cb126b	token_vazio_declared
schemas/examples/omega_artifact.decision.example.json	1081	.json	data_or_result	33	accfbf9352346b1a2cc9a0c05081029376e673fb196fc24abddc432586ed6085	token_vazio_declared
schemas/examples/omega_artifact.evidence.example.json	1050	.json	data_or_result	31	9dd1175312bfbda6ab6fc964a1e52074e356e8002c1a71ec41528013a6626c69	token_vazio_declared
schemas/examples/omega_artifact.fact.example.json	1052	.json	data_or_result	33	ed64ba4d19b187fc6358df3f43cc61c8dbfc0d1a5c56bbccc804bea76516d12b	token_vazio_declared
schemas/examples/omega_artifact.hypothesis.example.json	1012	.json	data_or_result	28	f51e69251b7b2d34ae573d0c76206161425cc38712a9d1482e52f0b21b5db73f	token_vazio_declared
schemas/examples/omega_artifact.metaphor.example.json	881	.json	data_or_result	24	68640a4f7a859326dff5fe071c5c894c5c8329e66b6be1379895deba2d2e3e52	-
schemas/examples/omega_artifact.token_vazio.example.json	925	.json	data_or_result	24	2e24ad8999f063e0f7ac55b50cce9b7fbd6468999f0d17f02ed12c092ba237ca	token_vazio_declared
schemas/examples/omega_node.example.json	403	.json	data_or_result	16	1f810e8bea26cfb328ce5a6a972efb3486dad3feae4a5538e0a0475477ec132d	token_vazio_declared
schemas/examples/omega_relation.example.json	354	.json	data_or_result	13	410c4e8b897dc24592de1f4c563d2d579630fb6a27ef3aa55461fae8e47d9e4b	-
schemas/examples/omega_system.example.json	1092	.json	data_or_result	45	d747bc4696b7262107930d9a2fc3b5166f53fbe16bdf169962bcc3183a27bdef	token_vazio_declared
schemas/examples/scientific_infinity_cycle.example.json	1887	.json	data_or_result	53	650a88510fbd56e39d65797136ae3d1b216f2a1fe5de89bd3c75b4839e6d2a9b	token_vazio_declared
schemas/examples/semantic_token_unit.pulley_ramp.example.json	3928	.json	data_or_result	69	1116100dd8e365c591e98191082f908cefb415288b648269475255a108bd5c37	token_vazio_declared
schemas/fingerprints/desi_dr2_bao.sha256	65	.sha256	other	0	a64941bf6686564174d3b1828c10e2fc28c874b3d87a53d3147df9b25ef0fe29	-
schemas/fingerprints/fsigma8_growth.sha256	65	.sha256	other	0	cca300b9bd2dc2a682812d175b6fb6c7f9221ca168a52ffa3cd9511bbb00774d	-
schemas/fingerprints/hz_cosmic_chronometers.sha256	65	.sha256	other	0	038b073f1833e34a763257fe8cbc263d4e0b68113aa73bd43f4c09dd48d2d5a5	-
schemas/fingerprints/pantheon_plus_shoes.sha256	65	.sha256	other	0	88971cf77951414d1276f43a0aa7c1af9037d551480bf3b899646a8cf73cda61	-
schemas/fingerprints/planck_2018_cmb.sha256	65	.sha256	other	0	280bf916440fd051dd546b65625fe2358db8ec5e0b42c439ab74e0f1c689968f	-
schemas/formal_treatment_record.schema.json	4003	.json	data_or_result	72	d3a1a980ce23848a2840d618c49838c6fb88c1cd8dc6187422a28be5a4384a76	token_vazio_declared
schemas/information_evolution_trace.schema.json	9193	.json	data_or_result	399	6ffc297da52bbb0cba2085493e4883310ebc99d00436db0ddf5cdbba21f2a7d7	token_vazio_declared
schemas/omega_artifact.schema.json	2523	.json	data_or_result	87	baa53a9b57f7f3956b8e7151a589ee9d416517acaee24d0cb81420810c2f2de2	token_vazio_declared
schemas/omega_node.schema.json	1227	.json	data_or_result	34	501af7da94cb05ddc13e6799bd1f6a17280b144e6b8fa2b67b622763743c6300	-
schemas/omega_operational_invariant.schema.json	9863	.json	data_or_result	425	f779ae4d04fde48db40299251e8cbde111988a3503b92e8637e8bae3e85612ad	token_vazio_declared
schemas/omega_relation.schema.json	1467	.json	data_or_result	37	786cb59fe132cb6a33683793812ce3aade9ee7cb20dd9f83c025fb8b4631689f	token_vazio_declared
schemas/omega_schema.json	1737	.json	data_or_result	40	688b39ada5cba4b089973fc0987f9e5a65db2e3f55a3d423f3e8fdb5e7ffbdeb	-
schemas/orcid_vector_artifact.schema.json	3214	.json	data_or_result	100	5aab8f3ad5cb91615a0b6c6ac78380dc31f868d1a3fe55a7c4e421cbd812f76a	token_vazio_declared
schemas/project_source_manifest.schema.json	1679	.json	data_or_result	32	d6ea64c7181f8884a50399d720afc124a9aaef795e5662bd8cb8a5ee320bcf68	-
schemas/project_source_seed.schema.json	3939	.json	data_or_result	63	11d55788f12a4c1ae10497227e6ce6725252c2907ef23d7ada99ced90a255835	-
schemas/promote_orphan.py	9021	.py	source_code	266	4b352dc42790df42dd9363fc7ea562f142d12daf4f7d1fcb8ac4b956d0eb3588	token_vazio_declared
schemas/rafaelia_tail_trailer.schema.json	3191	.json	data_or_result	45	b8ebc9d6b08bd7f3fed2e69a791becf49254f60d51dcf843846417c672fe02b4	-
schemas/relation_graph.schema.json	1879	.json	data_or_result	65	fecaaeb15e4050650e24efa07ec9b47de97cdd37bcb782995dfed29ca9d45cac	-
schemas/relational_validation_package.schema.json	2454	.json	data_or_result	64	ef9cacd10559f31a2f52c182c2d4e0593377d05babdc569596914f0b1f34321e	-
schemas/requirements.txt	2179	.txt	other	40	d2f20fc3ae0fdf3f2d275b41dd49e252c6e3e1df93f9c00758188ea2fa9220a6	-
schemas/rll-experiment-manifest.v1.schema.json	3777	.json	data_or_result	102	f76c343e98d8c64ef107e39992eba8bb3bfcdbef80fbbe69ec6a96dab4441494	token_vazio_declared
schemas/rll_climate_multiphysics_registry.schema.json	5545	.json	data_or_result	222	4e148a7ef5d7a7dc8de2281552bd8a8e91bb7d6dd30d2308b872c29775f9e91e	token_vazio_declared
schemas/rll_cross_domain_equation_intake.schema.json	6965	.json	data_or_result	206	99ffd8eb3daa9c8df4b01224ab59acfbdeea88c09d485cc38adf3a94bbb21d25	token_vazio_declared
schemas/rll_cross_repo_entrelace.schema.json	4719	.json	data_or_result	141	20a236aac2d5c1e5f16c06a0d6c13ebf30c0c3096b911274bf5bcf787da8b16f	token_vazio_declared
schemas/rll_environmental_signal_manifest.schema.json	6118	.json	data_or_result	151	d2d0f11895e9082b6026041e288d2ae897780cd2f220ffb1c6f67e02469ceb2f	token_vazio_declared
schemas/rll_epistemic_void.schema.json	11207	.json	data_or_result	497	d3a61f1c382b56e653993402445942597e88262a6b743475e4d363cfe006516b	token_vazio_declared
schemas/rll_evidence_capsule.v1.schema.json	3358	.json	data_or_result	101	efdb9752be2d5e8e29127bacf8687d9d1fa736e809c2f4565c3d5f429c0d062d	token_vazio_declared
schemas/rll_evidence_result_v1.schema.json	1822	.json	data_or_result	63	3a5c3ad426f533f721b3fc7e4c99e82b8a030abb61392c967c4cc43889fcae2e	token_vazio_declared
schemas/rll_execution_queue_effective_v1.schema.json	6003	.json	data_or_result	181	614412820b84b5cd49f2f3bfd071ef8002c9e92fc83ee66be92da43fcf17651b	-
schemas/rll_execution_queue_v1.schema.json	3922	.json	data_or_result	123	2f74b61481f89107e1adbb8003867355b3f8994bae92e2c3f92881a91fc1dd16	token_vazio_declared
schemas/rll_formula_literature_edges_v1.schema.json	5413	.json	data_or_result	99	eb46e0ef4f9ea13c1be728a5c8345eb6977993272f73a9bfbcf72cbbd01fbada	token_vazio_declared
schemas/rll_knowledge_matrix.schema.json	3186	.json	data_or_result	132	c979d9412002e793b4f9ba355149591c352698a1aceba7ea7a362917c2cae281	-
schemas/rll_latentes_observations.schema.json	4847	.json	data_or_result	210	30c480c397dbe2fe379b9bc93101527c43f90050fe1506e91ff3a0c9a2f721ef	-
schemas/rll_multiphysics_ruler.v1.schema.json	2901	.json	data_or_result	31	155e0969348567b4fb5f11d3c75f3c327ebec4215d5c7db04b48a73ad4289d54	token_vazio_declared
schemas/rll_observational_topology.v1.schema.json	8517	.json	data_or_result	380	4b3560ec640ebca4981e01d7a0292951921d9490720de5dc67bd39b719081286	token_vazio_declared
schemas/rll_omega_residual_input.schema.json	2984	.json	data_or_result	96	a2fe38837d645f17aebb5928d220e457e4b43f270aa1afc0958122aaf245eaa1	-
schemas/rll_primordial_assurance_v2.schema.json	1935	.json	data_or_result	46	89124aef5ff69273c78263aea80af9485e07b6f1404d2ab5b5a5903ae9ba404b	token_vazio_declared
schemas/rll_route_flow_event.schema.json	1323	.json	data_or_result	52	948101d2b7115d9639ffb28f3fb5686e6618284af5af964e799c40cff715ceb8	-
schemas/rll_route_forest.schema.json	10049	.json	data_or_result	324	eb74ef7367a5f9177ab1c8d37b9d39a130a4ea1f7ba42d9ba8e580f95de64d99	-
schemas/rll_route_forest_blueprint.schema.json	6800	.json	data_or_result	197	9d56e51412ea33e3073a23345dd2ad0cb7552f11b8949c8940e9baae5b6e1902	token_vazio_declared
schemas/rll_run_manifest.schema.json	5046	.json	data_or_result	190	1c94768624c9cac6530e3d1d85df878e1f9bad2d4a08e1a1bc8333c53361c6fb	token_vazio_declared
schemas/rll_structural_math_artifact_v1.schema.json	3197	.json	data_or_result	86	1889172fd2a12ddfaaa064230e24c2ac3f452457d07f0c2bd69af479fa3b01c9	token_vazio_declared
schemas/rll_termux_physical_replay_receipt_v1.schema.json	4115	.json	data_or_result	158	6fafa3a75087144360c34cef678084ee6393b11ca94a3779c836fec3c925ddcb	token_vazio_declared
schemas/rll_token_vazio.v1.schema.json	1897	.json	data_or_result	51	1532ae1547d5a7e5deea4af11040a6788fbe2a1f0f294963d6a5cbc8c494c556	token_vazio_declared
schemas/rll_token_vazio_reconciliation_v1.schema.json	3073	.json	data_or_result	79	c1f3cfbab1183a828e460a1e5b466860ae6dae49df682f7a434300174e25eb47	token_vazio_declared
schemas/rll_universal_taxonomy_416.schema.json	1450	.json	data_or_result	42	f1a9e85a1c05962a1dc587909fc70a8ecd51c70f3f8fc861006ab855e3d886e1	-
schemas/rll_watch.schema.json	1998	.json	data_or_result	55	2c5c93544d6055c4f4ac40720bb34f436ed37a7a517a302b3fb7914e94154c37	-
schemas/rmrcti_delta_p_observation.schema.json	7330	.json	data_or_result	209	90fa0c4abcf9a572a8bbee526a9f243ef828c95ae025ed174c16a7b0fc5d8877	mentions_synthetic,token_vazio_declared
schemas/scientific_infinity_cycle.schema.json	3758	.json	data_or_result	122	b7a2f00a5f7448c953fc220a974b05e085f86d17601447ece5180dabe75c8ebd	token_vazio_declared
schemas/semantic_token_unit.schema.json	7097	.json	data_or_result	135	40906914d413ac12b494905b099cb1655813d021d8c93cbd016efaac2627c236	token_vazio_declared
schemas/session_operating_system.schema.json	6066	.json	data_or_result	145	a183986f12b6c9724bdc044f7c5d79fa9e290da52754f4cee962bef197032f43	-
scripts/analysis/structure_d_effective_dynamics.py	9316	.py	source_code	246	62e3f2c7cdd605a3ec610151f09ddcb547a1c1107ecf46f12b287fb486b2caf7	cosmology_validation_marker
scripts/analysis/structure_d_inspection_rate.py	10065	.py	source_code	249	66babd63b020079f553fe4214f93533f1baff2cee3d9f17ef7c6b288335ad6ed	cosmology_validation_marker
scripts/bh_flux_calc.py	4684	.py	source_code	135	c3b05502b25384f46b41104ddf339298e8aeda6253b23ef086eea2a19d781098	mentions_mock_or_placeholder,cosmology_validation_marker
scripts/bootstrap-gradle-wrapper.sh	709	.sh	source_code	24	2cc8f527626c93ea9e88099386380d5dbe014a67daeed5639873f9bffa24671b	cosmology_validation_marker
scripts/build_real_validation_report.py	7843	.py	source_code	212	0f105d0db0dcb2a322be1b121aefc33b1fefbc21363f0e5504438572abc8d561	token_vazio_declared,cosmology_validation_marker
scripts/build_rll_canonical_freestanding.sh	934	.sh	source_code	46	23606fb39780c81dea08ae24fbfa080d10c10fbdd7d5ed586a6c7d415d9a625e	cosmology_validation_marker
scripts/build_session_grafo_current_state_overlay.py	4196	.py	source_code	120	de99101efa2c48c82643ae4c95d821bf655334012434f8eb2d096c6d9706f275	token_vazio_declared,cosmology_validation_marker
scripts/build_session_grafo_fase17_20.py	51743	.py	source_code	998	cd25184a51ff7b10cfba55da0d441f9f7ad18efec7d8cf829f4d3cd67d079003	token_vazio_declared,cosmology_validation_marker
scripts/calc_data.py	3833	.py	source_code	124	334f1ba6d60d611079df85f063801b08a25cdddec62f1bc36f45de604f931a9a	cosmology_validation_marker
scripts/calculate_sequence_metrics.py	5837	.py	source_code	152	8d6e1ea64308163a2b81fe299f3f572290f18073de392a9ad73d6673e0bc2209	cosmology_validation_marker
scripts/check_convention_conflicts.sh	1523	.sh	source_code	47	ea5f6c1e04d29db39afefd37f461203aa3868f2d28f97265d8658b8c54f266d3	cosmology_validation_marker
scripts/check_desi_dr2_bao_covariance.py	4767	.py	source_code	133	25337be7feb5fc620bc607eb65b508ea76812112e9a86139d61851c8673d2774	cosmology_validation_marker
scripts/check_rll_background.py	9486	.py	source_code	251	bc891305ee9bbf8cebb735f0d76fb8e993c9bd1b61b664b97922d2e3786d9c4a	token_vazio_declared,cosmology_validation_marker
scripts/check_rll_growth.py	10745	.py	source_code	292	cdef9b356a75e2421f4c62a424adb8d9f5322b4541ea24ca58f0bf23cf35cffb	token_vazio_declared,cosmology_validation_marker
scripts/check_structure_d_model_dataset_coverage.sh	3840	.sh	source_code	111	cf811a86d58944a06a899a8423fcf501092e9190a0501f3659eaabc358b93775	cosmology_validation_marker
scripts/check_structure_d_required_outputs.sh	1790	.sh	source_code	72	ad980b2c79fba82b949f18b3bb0337ee34d0b40abcf1106e7d3d40efcec55684	cosmology_validation_marker
scripts/close_scientific_cycle.py	3499	.py	source_code	99	3d064cedad86b6586a2507fb3151b7cbbbb397ad35b144b65750ad987f65a115	token_vazio_declared,cosmology_validation_marker
scripts/compute_bayes_factor_bic_proxy.py	5468	.py	source_code	142	c7bc6c0c82397679f464cddff4b314947aec3c1fb2ed9478cb26b80b8411764d	token_vazio_declared,cosmology_validation_marker
scripts/compute_desi_dr2_bao_zml.py	10946	.py	source_code	301	ca92cbe58092ccfcd5804edfc01fa077fc55e59af3ea7ba0bc6207d3737ff372	mentions_synthetic,cosmology_validation_marker
scripts/compute_moresco_hz_chi2.py	5184	.py	source_code	158	90676864afdc104c57b6b47e198abed6713be74dd31e190b47639529587d0b87	token_vazio_declared,cosmology_validation_marker
scripts/compute_rll_real_pipeline.py	16812	.py	source_code	421	35bb1dec24e1446656452ace08e2bcd04df5b8e70509c4df942d7946edddaf59	mentions_synthetic,cosmology_validation_marker
scripts/compute_weff_cpl_mapping.py	6149	.py	source_code	146	649f90344b4bbdb99a7b487af16adee2c8eac2f64ff81f1e2659212b4d0f66c7	token_vazio_declared,cosmology_validation_marker
scripts/cosmology/run_late_time_cascade_observables.py	1047	.py	source_code	37	fbe5f538c2c8fd0ba82326af8fb1f578ab3915a373ade44eca6d77e2d313931f	cosmology_validation_marker
scripts/crosscheck_class_camb_baselines.py	13273	.py	source_code	312	a3213b5cb66fc08bccad96781d0e68c6ffd76430e67694517ba1b62d0270d4db	token_vazio_declared,cosmology_validation_marker
scripts/data_scan/build_dense_behavior_features.py	9136	.py	source_code	223	3713cde17ecc3f14e20876ffc16868a96f92c161bb9f69964458e6ea7245cde8	token_vazio_declared,cosmology_validation_marker
scripts/data_scan/build_raw_data_manifest_status.py	6149	.py	source_code	171	ef80beab6c4e9e13366a31404f7b1ea5cbac86548172b13700e8a1d12379e441	token_vazio_declared,cosmology_validation_marker
scripts/data_scan/build_real_seed_ingestion_plan.py	7843	.py	source_code	198	06375c67a2281da0c712aba3e90fcbe2cbcef49a74797136b43296196056aa4e	token_vazio_declared,cosmology_validation_marker
scripts/data_scan/fetch_horizons_mars_state_vector.py	4744	.py	source_code	140	31d21ead694019cfd415d0867c2a94d14611d39cc68346cc4e9c50b78c68f77a	cosmology_validation_marker
scripts/data_scan/scan_real_data_bootstrap.py	8902	.py	source_code	264	9f95fdb094ff2c99d22f457fed9fc835e032e376ca3c4cb5b9711435cb6c5ec0	mentions_mock_or_placeholder,token_vazio_declared,cosmology_validation_marker
scripts/detect_synthetic.py	2545	.py	source_code	70	630d51332abd8aeb7878495eec419dd724cb2a35c3284df63f2fd401e39fe2bb	mentions_synthetic,mentions_mock_or_placeholder,cosmology_validation_marker
scripts/download_real_cosmology_inputs.sh	6617	.sh	source_code	178	12a6b5e388a65a6d25565eddf0cd42629e0ee4751b9fbd3817ed9d9fb5d1aef8	token_vazio_declared,cosmology_validation_marker
scripts/emit_rll_multirepo_science_trace.py	3795	.py	source_code	119	bccb1e13e680b23ecab95e74c6ee08e957b681aef96bdb8a8d06ee80257ea1e9	cosmology_validation_marker
scripts/export_dha_forecast.py	590	.py	source_code	23	5718403bbcafbac5369312542e8bda7f2a58bcbb7eb9887a9d87ada4897b941d	cosmology_validation_marker
scripts/fetch_dovekie_inputs.py	13987	.py	source_code	352	f1658d76cabe2fd9d5ce8e40e2b149fbfa1e9925ca58413d444b40fb10f1b122	token_vazio_declared,cosmology_validation_marker
scripts/fetch_pantheon_covariance.py	14406	.py	source_code	380	39c2c85942c3e6a8903cb0aa2c1d86b7d36fd1da23ac2b9370f414d7cf63f620	token_vazio_declared,cosmology_validation_marker
scripts/fetch_public_astronomy_catalog_samples.py	12708	.py	source_code	332	db5467e7ba7a1c62066a98150002038f5343c841a1f67cbf1492afb4798b5e37	mentions_synthetic,cosmology_validation_marker
scripts/fetch_real_sources.py	13338	.py	source_code	322	3d7e9927f30287a2185185829c2f698ea9263564347e7a0db9a7c0a79ef1fdf8	cosmology_validation_marker
scripts/fetch_rll_climate_sources.py	5151	.py	source_code	127	97ffd2de4363fc67db71a77dad2504d6d2c8e143cdcdac8b55630e3ec26da04f	cosmology_validation_marker
scripts/generate_rll_plots.py	1556	.py	source_code	25	e67151201d5735e4111f38415f91664f3d946b704b2bed29b23258085af03a5a	cosmology_validation_marker
scripts/import_data.py	6690	.py	source_code	201	603248e2fd8dd7c0b781c1d240b16ac4a5ec4918684833b6c6e8d59910a7ee4e	cosmology_validation_marker
scripts/import_raw_json_dataset.py	4835	.py	source_code	136	7b34c045c5944137c442bf3a6f1c32fd345053dcb951e534459c748d834d62c8	token_vazio_declared,cosmology_validation_marker
scripts/ingest_real_cosmology_sources.py	8146	.py	source_code	221	b566f7b4033144abb3f35ac4017e0b5146233742d5bd43afc50541aeffa90534	cosmology_validation_marker
scripts/install_repo_hooks.sh	222	.sh	source_code	9	52f4ab231093c8feca8292a89c0e194afe04ee5d1ffb9e37cfdb62e8029c95e3	cosmology_validation_marker
scripts/map_rll_to_w0wa_eff.py	4858	.py	source_code	126	10b36651a7e217db7e737cf91b63cac98cbe6494f935cf55e918efb745ffd078	cosmology_validation_marker
scripts/materialize_desi_dr2_bao_cobaya.py	5684	.py	source_code	147	824b47048772ada6bb7c652e0c23d3308f78d3b7f6680fce0b3897d03adc0f4b	token_vazio_declared,cosmology_validation_marker
scripts/materialize_formula_index.py	4507	.py	source_code	118	5ddbab5d531c83d2ce6c71f8159ceebf5c8d5755daab2e4264d0be591e9e142c	token_vazio_declared,cosmology_validation_marker
scripts/materialize_real_data.py	4120	.py	source_code	126	9cc19fa4c9fcb3ff81d5cc5bbdcb4664d4e14896278b8734ee24bc59fb509f74	cosmology_validation_marker
scripts/optimize_rll_joint_parametrizacao.py	15082	.py	source_code	384	dc8cd6e93dc6ad4ca0a40ea1ce68c40779b796b4c6fd146a777c759e553b23af	cosmology_validation_marker
scripts/optimize_weff_opcao_b.py	9899	.py	source_code	282	1404be2bea69bc21246f47c993d002d02da462281bf3dfd2b57898721ec3c4a9	cosmology_validation_marker
scripts/pantheon/load_pantheon.py	4065	.py	source_code	112	10187bce30b2826442908ee5fef10c4f436d84065d6b8e169f8be2b504409ec7	token_vazio_declared,cosmology_validation_marker
scripts/pantheon/models_pantheon.py	4175	.py	source_code	100	e1aac6faf029bc30eec82ac535dedb3858eec289ba6f7e8ee936b64a275fef8f	cosmology_validation_marker
scripts/pantheon/run_rll_vs_pantheon.py	2986	.py	source_code	86	45501f80c531d864872601d3ae5a00b4b120421d565a59f3283c9d161009fd42	cosmology_validation_marker
scripts/polymathic_concept_matrix.py	35604	.py	source_code	734	de1a45dd38bfafa56e85cb923d0a09b360f487bdfb1012ab33636b51accdfe9b	mentions_synthetic,token_vazio_declared,cosmology_validation_marker
scripts/rll_analise_completa.py	28886	.py	source_code	594	95572477b190437a3b552fe17a2441f1419bbc3afec0abe11eb6ccdbd7066a0c	cosmology_validation_marker
scripts/rll_balance_report.py	15038	.py	source_code	459	5687388f509f1048c6e5d2e3a7c46d067b489861656f81ef90419bb8195723ca	mentions_synthetic,token_vazio_declared,cosmology_validation_marker
scripts/rll_biophoton_metabolic_transduction_gate.py	8427	.py	source_code	212	2f4d800c64604e1a114319cc31a9d43d24a3b48da6970111bc23c215f6922ca9	mentions_synthetic,token_vazio_declared,cosmology_validation_marker
scripts/rll_climate_engine_bridge.py	11644	.py	source_code	321	e28a70df8b40d46b36937091d28423563a7be387d30f0deaa01da38c95a65240	token_vazio_declared,cosmology_validation_marker
scripts/rll_climate_fibonacci_scheduler.py	6563	.py	source_code	162	a17684497d3674cb5a281fe7aef0527df37d78f8c8042d0e4be5cf99a95cda8a	mentions_synthetic,cosmology_validation_marker
scripts/rll_dark_lensing_node.py	3861	.py	source_code	125	218c58023d83d11c64a81184dd0a156300729789187b2dafb751c1f805f2dfbd	cosmology_validation_marker
scripts/rll_edge_science_operators.py	7085	.py	source_code	190	b4f1afe964cb9d2e82564a4e0e989c13ac247cd3f9bc13592ae56e205f889bc5	token_vazio_declared,cosmology_validation_marker
scripts/rll_fase18_rd_numerico.py	30634	.py	source_code	673	f2fc4cce413a84d9bac6d8d1b88438b1ff0ce7954a471a2f1852e1143c94b9d1	cosmology_validation_marker
scripts/rll_fase18c_corrigido.py	30633	.py	source_code	668	ae8b7cc364b514e452d66bc28f7038e1d3bb2b4b97f2ae89ae12e5316c014ad8	cosmology_validation_marker
scripts/rll_fase18d_final.py	30981	.py	source_code	674	17488e087989f09d571819fc9332df7bf3b472ce80e82fb5af618c0ddfd331e8	cosmology_validation_marker
scripts/rll_fase18e_calibrado.py	33039	.py	source_code	701	973bb50874d7ea3a1c007df0c5a4ccc0ed8274b94f97338d335007f649e3e85f	cosmology_validation_marker
scripts/rll_fase19_rd_calibrado.py	33545	.py	source_code	720	ed35499ffd9f1ff822a0ee7c3ba7b3cacba70067b4c9c2c975b1f9d2a1a1a017	token_vazio_declared,cosmology_validation_marker
scripts/rll_fase20_mcmc_bayes.py	24238	.py	source_code	548	b8046fc919c9c8bab37d1f4e1e5c26e4d361a5213de2e14bd81391979faee7cb	cosmology_validation_marker
scripts/rll_fase22_g4_eh_bias_grid.py	11024	.py	source_code	257	4a6df5a87d5a7442b1e4c005b895e017cde5c840c0ef668f85478e2bd4134c64	cosmology_validation_marker
scripts/rll_governance_audit.py	19152	.py	source_code	377	26ce73fcb8e87f63b5324b827494b9eaeaa27d218da2e6827914c959b74cc7bd	token_vazio_declared,cosmology_validation_marker
scripts/rll_homeostatic_field_gate.py	9422	.py	source_code	266	c04817d4f4e827fd2289fe943e83e1e9b08c71da5f1bb7d3be0c7baed903991f	mentions_synthetic,cosmology_validation_marker
scripts/rll_latentes_pipeline.py	219	.py	source_code	10	3f6b6ae7650327ba9e9e4abaf3488f7b69567cde9d2753235463b907d746eab9	cosmology_validation_marker
scripts/rll_modern_validation_gate.py	9850	.py	source_code	238	272fd83b9e612d89dade9911e53af9f1cae566db53087e7ce0431968bfbb536e	token_vazio_declared,cosmology_validation_marker
scripts/rll_observer_mirror_photon_gate.py	6535	.py	source_code	183	48ba870e30b17f0bc12103f0be2105f0b78d0b96dd05d9ccdd554c3e9febcd66	mentions_synthetic,token_vazio_declared,cosmology_validation_marker
scripts/rll_omega_residual_audit.py	3789	.py	source_code	113	1b228a994a9c9e8c8702347f85abc9efe27f2411d0faaa85a3f331199a835f91	cosmology_validation_marker
scripts/rll_pipeline.py	9509	.py	source_code	265	4c5b0165359e00da84efc162a5e157385e613e2fe6ad3aa47f7e1c426c4f0331	mentions_mock_or_placeholder,cosmology_validation_marker
scripts/rll_sn_identifiability_diagnostics.py	10106	.py	source_code	281	e2f88dc92dd6a961eaadd36c0cbab5b8d0ffc2b41e0e5d12d8acb5d3f618990a	token_vazio_declared,cosmology_validation_marker
scripts/rll_structural_invariants.py	15613	.py	source_code	411	5f63d6edfd8b970825e7dfa5a54d4bc9bacd440ef459252ffb73a2bb5805f961	token_vazio_declared,cosmology_validation_marker
scripts/rll_uncertainty_variance_gate.py	11850	.py	source_code	260	d0aaa192e43de68a9597d5c4b60dac09518c4a9caa7569799a961c893b4e39f2	token_vazio_declared,cosmology_validation_marker
scripts/run_cmb_power_backend.py	6554	.py	source_code	130	97af0684ffd41a2369c4c2061022f62e9c08252464c4dc29aab11c6c0ee56e5d	token_vazio_declared,cosmology_validation_marker
scripts/run_desi_dha_pipeline.py	789	.py	source_code	29	807d6d435278ab80841acfef34bba13a5a9a40380bfef0b921384430ef487dfc	cosmology_validation_marker
scripts/run_frontier_research_orchestrator.py	6193	.py	source_code	170	cbd20d4dd9ee14b52be76bb6d7c99c46f610120f54f0bd104da42133ed82c0ec	token_vazio_declared,cosmology_validation_marker
scripts/run_h0_grid_expansion.py	6518	.py	source_code	166	375af92e9022388801b523fa37a79915a2ae40bf02537ab34801e3b01a438980	cosmology_validation_marker
scripts/run_ln1pz_extractor.py	905	.py	source_code	29	cff817d088572073e91ce546e3c41bdf847f75cdb5e61ae4ea9fedf5bfb6698f	cosmology_validation_marker
scripts/run_real_pantheon_validation.py	14955	.py	source_code	385	23da65099760dfb8a32b135f7bb99aded56146a55e066ae2dbd9ade5283ca0ec	cosmology_validation_marker
scripts/run_repro_all.sh	4337	.sh	source_code	133	c0109005dd1b86a4be690e422f58ebdd17b25919e52a49a58aed6997bdc7630e	cosmology_validation_marker
scripts/run_strong_gravity_calibration.py	847	.py	source_code	28	104db7e8cb950fcc319e44814a82163fbfbc36758efc305bbff6eebda027f3c4	cosmology_validation_marker
scripts/run_structure_d_joint_likelihood.py	2833	.py	source_code	83	75ed478af8e7264cbb0c15d3cb01a6b3ef2755c47ad4087913cff480d6020675	cosmology_validation_marker
scripts/run_structure_d_robust_fit_matrix.py	10482	.py	source_code	257	f2a886c74e5f073a46c4f1166bdca908017d0ed163579211d14d49c381d7b019	cosmology_validation_marker
scripts/slingshot_zt_falsification.py	6490	.py	source_code	153	9654df654717c18304d15879dd30e4e9bde713d8418dc45bb786ced1092c3738	token_vazio_declared,cosmology_validation_marker
scripts/smoke_desi_dr2_bao_covariance_loader.py	1181	.py	source_code	35	a76fd5d1499094cabce27bc6c77614960a786303bb407430b48734c8f55c4b40	cosmology_validation_marker
scripts/strong_gravity/run_gravitational_cascade.py	1846	.py	source_code	22	e7a8b63ccc3f273ccf2bec6b0766d24deb6af90da97171d7c2c982e39df45eae	cosmology_validation_marker
scripts/strong_gravity/run_gravitational_reverberation.py	2176	.py	source_code	28	458a1a9f57ca72c1de1573e849a0f5f74161562afc1e842bed27a10c2037f6d2	mentions_synthetic,token_vazio_declared,cosmology_validation_marker
scripts/termux/rll_evidence_replay_v1.sh	5998	.sh	source_code	196	c1c74a2322cef3ce3db47b4856045da4c5ae34066ad085af875cba887ae0dea9	token_vazio_declared,cosmology_validation_marker
scripts/unified_geometry_system.py	3643	.py	source_code	120	e37b8de7fbc82ecccce19f613e86c1fc82b4566ca315ead35be54908eb5f59b6	cosmology_validation_marker
scripts/validate_ambient_field_observation.py	6777	.py	source_code	188	ac41f3809e682b96fd67740872777751c5e089e35d457673b5df9c1730b60565	mentions_synthetic,token_vazio_declared,cosmology_validation_marker
scripts/validate_book_links.py	4115	.py	source_code	132	15425474733128909453c04a781d2886790141e22d9366463e318cbfd01ddf2d	cosmology_validation_marker
scripts/validate_cosmological_matter_manifest.py	4439	.py	source_code	121	e7a52f48c50de79270ca2eb079aef31ffff7f04620af1aca3bea5f0dc02827eb	cosmology_validation_marker
scripts/validate_desi_50_hypothesis_intake.py	4150	.py	source_code	96	a8a46f88f1d1de26c4a5b0d4a1ee6eb21cd5006f8ea0177edb617da9784c7004	token_vazio_declared,cosmology_validation_marker
scripts/validate_formula_index_contract.py	723	.py	source_code	16	b2c5c0379deb67e4883310ed117133fdc6311479900fffdaea3e7ac6ca5716e4	cosmology_validation_marker
scripts/validate_formulas_manifest.py	1152	.py	source_code	33	f179806e3f03eaa87831dd3e8deaffa6485c5e64121158283c756ca8cf035f7d	cosmology_validation_marker
scripts/validate_frontier_possibility_ladder.py	7111	.py	source_code	163	e898504ef99c28d3e5a98521703f33cbe172866764128c70666c47c14dee3d1e	token_vazio_declared,cosmology_validation_marker
scripts/validate_frontier_research_composition.py	8744	.py	source_code	174	9d5a57802af1a779f4a979c74d952df2ca67c27d9c1e3f1a9ee5901077c26445	token_vazio_declared,cosmology_validation_marker
scripts/validate_giza_academic_intake.py	8568	.py	source_code	260	9350550c4151a385dce890046cbcac148c9dd23d57d011a814814480c5e07d42	token_vazio_declared,cosmology_validation_marker
scripts/validate_information_evolution_trace.py	9035	.py	source_code	250	410eeeeb2ce9b7380f99d52c3f01b20af6701bb5b07d2380e01a7bfbe848c3ce	token_vazio_declared,cosmology_validation_marker
scripts/validate_omega_schemas.py	8257	.py	source_code	229	15c31fc0215098a1648e2dac3933ca9ee20b3fd08b6715988344e71a73b090d6	token_vazio_declared,cosmology_validation_marker
scripts/validate_rare_events_registry.py	3667	.py	source_code	110	05b70d5653ca1aa422ea24475f3ac0948ba40df51685f65ccff5ee8e7f0f6fac	token_vazio_declared,cosmology_validation_marker
scripts/validate_rll_auto_shadow_intake.py	3167	.py	source_code	89	922230b9d738be1f0b93c22878c3fa20ca68a062063d18bd40aa04b94a81d3b7	token_vazio_declared,cosmology_validation_marker
scripts/validate_rll_claim_export.py	2833	.py	source_code	95	29bcdf59225199711b1ca22fa47316b6d3d38a394395e55c351a65c40102a916	token_vazio_declared,cosmology_validation_marker
scripts/validate_rll_climate_multiphysics_registry.py	6327	.py	source_code	126	902dd595b677365aabd0eb82bf357238d513eb75b2061104f7027865754074b8	token_vazio_declared,cosmology_validation_marker
scripts/validate_rll_edge_science_water_matrix.py	9817	.py	source_code	191	1f380e36133c9a891bfc6617e15eb8852dbd3e10393846ed0cc3d3959c73cf59	token_vazio_declared,cosmology_validation_marker
scripts/validate_rll_environmental_signal_manifest.py	7536	.py	source_code	220	9107e5ea360263db68473e2fc5cdfaf91c5755dd10a3d19c79fceb51e276d161	token_vazio_declared,cosmology_validation_marker
scripts/validate_rll_formula_test_matrix_24.py	3906	.py	source_code	99	5610d926a99486ae673ee8b20167b1ac87f06288c43576647c46008cedb72c94	token_vazio_declared,cosmology_validation_marker
scripts/validate_rll_latentes_catalog.py	1330	.py	source_code	39	fbfef13d86f0993e694f5d573e733b77b8cc16442bf41368ae4c5e85ca3c3298	cosmology_validation_marker
scripts/validate_rll_multiphysics_filament_matrix.py	10018	.py	source_code	249	3d2cdf47b57f250f386d91d9f8d0660f27b1680bdda0f8def5547424a70e334b	token_vazio_declared,cosmology_validation_marker
scripts/validate_rll_universal_taxonomy_416.py	3876	.py	source_code	116	0a060e7affc6c9ba6615bee045cd60388465e0ba3e31e3a1a72a426daf08ac3b	token_vazio_declared,cosmology_validation_marker
scripts/validate_rmrcti_delta_p_observation.py	6912	.py	source_code	180	3c7b7639facc345fb44d3d92b723b261624718ab60a014079b843374cbb1d7fc	mentions_synthetic,token_vazio_declared,cosmology_validation_marker
scripts/validate_scientific_infinity_cycle.py	3222	.py	source_code	87	6ca6967465744eeec7385782249a77dfac1148caae138757128c7ce5f548f80e	token_vazio_declared,cosmology_validation_marker
scripts/validate_semantic_governance_schemas.py	5983	.py	source_code	130	b318d1f65c2af34b474506f2da4016dc6513e40d9059f5ca069144821432f731	token_vazio_declared,cosmology_validation_marker
scripts/validate_theory_practice_calibration.py	13755	.py	source_code	270	6b2058ffc665ff6a7dbc3c29caa79807330002f07e78a5ebc533cd1f233d16ff	token_vazio_declared,cosmology_validation_marker
scripts/validate_watch_config.py	1386	.py	source_code	53	73ec181bfc69e50150b9455337c155fbe83dc2f4fb41b95c8976472d14caca67	cosmology_validation_marker
scripts/validation/check_claim_boundary.py	1968	.py	source_code	64	c1a03a5157074d1b621394caa554bacc8eb33b47365cd89e0c4fe34b9b3d0425	cosmology_validation_marker
scripts/validation/check_seed_artifact_contracts.py	2185	.py	source_code	64	76979ed687e064db11589536e71a8ceecd0597b494f5d41af8778609c016dbdf	token_vazio_declared,cosmology_validation_marker
scripts/validation/real_seed_utils.py	4169	.py	source_code	118	424ac4a2cf2f6591ffd2b94b2e07d8b8f024a817190a6f62a9f7429044e4c792	cosmology_validation_marker
scripts/validation/run_real_seed_validations.py	4181	.py	source_code	115	265d76433d0f6b44f1bc924c5f1da64e543fca65b7a33f7dd9f07ded25ad357d	token_vazio_declared,cosmology_validation_marker
scripts/validation/validate_compact_remnant_boundary.py	3038	.py	source_code	78	aae40ab5ba791e3744c13377bc422ef41a8eedebaf508eb2b6d4b76f2bd635a7	token_vazio_declared,cosmology_validation_marker
scripts/validation/validate_dark_lens_candidates.py	2206	.py	source_code	61	007e14239401a52464206272e8d80adf3a632b19b3f62d0e4909233796746dd9	token_vazio_declared,cosmology_validation_marker
scripts/validation/validate_high_z_smbh_seeds.py	2844	.py	source_code	71	444abd65d998a12ec289255f9c60a43a10c3df99d5bcec81bd23cbe0db9fa51a	cosmology_validation_marker
scripts/validation/validate_historical_impulse_candidates.py	2006	.py	source_code	51	f59770e83e0eef5eef9f02c0d46b3d5a2b0fd39957e37f6ff8a2e2bb56cae308	cosmology_validation_marker
scripts/validation/validate_orbital_shape_angular_momentum.py	6358	.py	source_code	164	1d0c90f0f9c024f7eb5a46c9b564ff114515012babf83120e1ef6055a93e4135	cosmology_validation_marker
scripts/validation/validate_orbital_state_vector_v2.py	5453	.py	source_code	154	569818ede4940980515dd142e96c86d8d5817803426f73d5af55052b01573f92	cosmology_validation_marker
scripts/validation/validate_residual_gravity_structures.py	2687	.py	source_code	74	369f011e0019c1f491164962fea040d7dc122f895f8516fe42e97b6b69cd0c80	token_vazio_declared,cosmology_validation_marker
scripts/validation/validate_wandering_bh_candidates.py	4207	.py	source_code	103	4aa0bee438840728cb15e50c19d68d95688cb8c3c4bf92df547f9817ae64fd9b	token_vazio_declared,cosmology_validation_marker
scripts/validation/validate_wandering_black_hole_sources.py	7385	.py	source_code	188	eb2b2fbfb9e04b4623de51ff953c7a8138d51850d550b74a26984deb4eb96c5f	token_vazio_declared,cosmology_validation_marker
scripts/verify_cal_maya_arithmetic.py	8818	.py	source_code	202	2e367a16a53c9550a232b1236e788f6a7a6ed76ebfac1ad46fea2c3cb2b92257	token_vazio_declared,cosmology_validation_marker
scripts/verify_h_elec_01_layer_model.py	7535	.py	source_code	187	50a8db30280d3da77a93c2635f0dba7cdd6130241db0b249e93bfe9c4ceff894	token_vazio_declared,cosmology_validation_marker
scripts/verify_pantheon_inputs.py	10856	.py	source_code	270	d6c2cfcb80087ff6f3a9b3c129de2e56a4fb7661c1cb71a9397fa47825b431c1	token_vazio_declared,cosmology_validation_marker
scripts/verify_rll_fibonacci_ratio.py	4937	.py	source_code	140	21dd5a370d656f3b08740766e7524d6367c6292f071b03b29ece641360dcefab	token_vazio_declared,cosmology_validation_marker
scripts/verify_weff_opcao_a.py	7156	.py	source_code	200	7946d2ebe5413e910219a97cc9dd7ddb0b7957c61f815f08517cea9b282f79d5	token_vazio_declared,cosmology_validation_marker
scripts/verify_weff_opcao_b.py	7903	.py	source_code	215	e166aed52471d1b8cf9f268812060461595793b297b2a58d11bb1382a285af17	token_vazio_declared,cosmology_validation_marker
scripts/verify_weff_opcao_c.py	8465	.py	source_code	238	6da0b60de3a25f5e3454c0c7b1fc74c55ffc6c64c3283271c6483503ab474615	token_vazio_declared,cosmology_validation_marker
scripts/vertical_slice/run_readonly_flow.sh	6844	.sh	source_code	176	6d04ba7da30013e8e4ba902e0d69b832e625afab8c91965b1b421aff9237edff	cosmology_validation_marker
settings.gradle	342	.gradle	other	0	bc730d0f5d7390385dc289b8134afa290a4c2f12768c2fa1e09edcf25dbba8a3	-
src/rll/__init__.py	88	.py	source_code	4	8578eb186c6320e90873f2f87fc136066c245a3b88ce1966c02a23205a32b067	-
src/rll/class_rll_background.c	4119	.c	source_code	134	c6967b0e5ed522e88bebcafe3b41f3304ee837c2dda9580359cb49303fab8d51	-
src/rll/class_transfer_adapter_contract.json	620	.json	data_or_result	13	82651ec8f48619969c967c5d57ac1c65dbc212bd53aea4c0bc1f8bc179fb069c	token_vazio_declared
src/rll/cli.py	11551	.py	source_code	356	636400cfa6aa5f61283b0ca63704140c89269b23db33887ae60d60f50a64d79d	mentions_synthetic,token_vazio_declared
src/rll/cosmology_fairness.py	15414	.py	source_code	451	e6d6b82fde688d2ecc890bf8c8a2c14d328f92094213bb470beddc4234ef294e	-
src/rll/desi_dha_extractor.py	4359	.py	source_code	126	7fb2e0991960ea4ea693341855fde38023dd6c0c03cfa8dbbb5eec87604171fe	-
src/rll/dha_fisher.py	2769	.py	source_code	83	7a407f231ebe454bcbb3b1afc9c5fd111b4ebc74f2d498e3acf26b2af4336062	-
src/rll/discrete_ontology.py	9230	.py	source_code	260	db6d884017a0f91294547e22347f8632627bf9a92406cdefc98e0f59040136eb	token_vazio_declared
src/rll/eft_exhaustion.py	20456	.py	source_code	567	91bacc782cd13b09106ce692153f9a5cf6e672a4041831f53c45893ca6bfd582	token_vazio_declared
src/rll/geophysical_run_receipt_adapter.py	5248	.py	source_code	124	ac021fbd982f31bb04827c0ae8ccfbe6ff982fa0096b467859c2ea9438cb05be	mentions_synthetic,token_vazio_declared
src/rll/geophysical_systematics_bridge.py	8155	.py	source_code	203	a4729af71b5adb6682fd8b2459ab6683a827710c52273d77410c406d17bbf689	mentions_synthetic,token_vazio_declared
src/rll/geophysical_transduction_adapter.py	2385	.py	source_code	59	d96925926247a8164b180e2963c8cc5feb50729a6f04b66e9dd63d393081b498	token_vazio_declared
src/rll/latentes.py	21851	.py	source_code	542	62757ebedfba60eb32b9e5454f6821ddfaa70544801655186a02dc98a766ef2b	token_vazio_declared
src/rll/ln1pz_extractor.py	2467	.py	source_code	69	f86ef42bd473f33c6282cd22d34ddecd959b88246d3f488755abeb8f9f0645c3	-
src/rll/mathematics_registry_adapter.py	8858	.py	source_code	202	3ecdb98717dca0feb71962fe0a52c89d7a824e48fc10be217b63876284f2e68c	mentions_synthetic,token_vazio_declared
src/rll/orcid_vector.py	7629	.py	source_code	122	14aa9da19c885c7ca9e4a0907749575d624f2f042081f5001edec3d587c2b3e5	-
src/rll/orcid_vector_model.py	14296	.py	source_code	308	a08083e00343bceb0fb1b903d1e0e4454230e8fe2378baf4ed07a42c6305a1b8	token_vazio_declared
src/rll/orcid_vector_store.py	12989	.py	source_code	157	3e984eebdad094c4289652d1e12ec738a7195e1e72e6ee539157f914eab482b1	token_vazio_declared
src/rll/project_source_seed.py	11481	.py	source_code	259	7c71ab30fa9ffc8f22cc28367076539977d0da24029082d9064c6d895bace327	-
src/rll/project_sources.py	12626	.py	source_code	326	8db6d35a6709952e4fbdef49f5b3b9bd267a5c4156e38203623920921a9e115e	token_vazio_declared
src/rll/rll_perturbation_kernel.py	4381	.py	source_code	129	e0f7133ee8f28ba837b9518c7dd9b0f4b84054d04eeb92e6b755e822dc203976	token_vazio_declared
src/rll/rll_transfer_bridge_contract.json	606	.json	data_or_result	15	10aead78b71bcf0ecff08fb2eaa8b1b71b822acc646741d91224a9a72bce388f	mentions_mock_or_placeholder,token_vazio_declared
src/rll/scientific_infinity.py	9931	.py	source_code	266	f5980911c217d2b97e25ae813850335c93d09efb20b8eca2b5fbf1112848a4e9	token_vazio_declared
src/rll/strong_gravity_calibration.py	15168	.py	source_code	425	f553f1ce208a0c1f46fb7ed57a56e92a244ec3662f37e4b7a31b3201ae275a2e	mentions_synthetic,token_vazio_declared
src/rll/structural_integration.py	8699	.py	source_code	229	9242fd5686662afbbf0b576cc845d8e6e4bfb0a9c3de63c55b90b9e3a71a9aa8	token_vazio_declared
src/rll_photonic/omega_adapter.py	6911	.py	source_code	223	cf9a99c2ca18f707e007b6f054ceb9a9b572b9a243b26bbb60b5cf1edc40b8da	token_vazio_declared
src/run_full_analysis.py	7190	.py	source_code	212	6b1f51d489ff120079aeff32a9131d611f126564a9e97e61fa7b458fc60bbfab	-
studio/app.js	23645	.js	source_code	435	bcd6e376445b44407374cbe5d8ed7d2f529302670e2e87c6424ebb695c77dc04	token_vazio_declared
studio/index.html	9985	.html	other	165	da06ee8916236f3a2a4d390984c56c33c663572762221cb62ccfa177a1c270bd	token_vazio_declared
studio/styles.css	15978	.css	other	261	36e6dd647878a1be67c102d738d30dcfaec9a84e52febb28d60aa47126574414	-
temp.md	13353	.md	documentation_md	486	d71750c435d24ac6c752fd6cfbdaf485c0ef6e04b7cf9eb7806c82758fbf61e4	-
tests/c/rll_canonical_coupling_vectors.c	3589	.c	source_code	98	6e38d0458bc781c21089bd87583f5f4c2d7d7c06e7bd0964a493021d7243108b	mentions_synthetic,token_vazio_declared,cosmology_validation_marker
tests/c/rll_canonical_real_inputs_runner.c	3765	.c	source_code	106	2293978804c5d1aa69f8a2233bf638195c8eef1a252ec6bd3e0054a1745a459d	token_vazio_declared,cosmology_validation_marker
tests/c/rll_hz_real_vectors.c	1350	.c	source_code	27	42cf07368e0ef75aecb4ca31ab137b5a4462e441b7ee8c10f8a8dc4f062d0fdd	cosmology_validation_marker
tests/cosmology/test_late_time_cascade_observables.py	3250	.py	source_code	95	3237d561617850ba4c52d5d0c6baedcb2661f66066d0e693354ff490530b91fb	token_vazio_declared,cosmology_validation_marker
tests/fixtures/README.md	491	.md	documentation_md	7	2ae35ecafd77bf44d737805b62a0aa2e0693b0a4474e0630f72c38e209731bb4	mentions_synthetic,cosmology_validation_marker
tests/fixtures/mathematics_registry_emulation.json	4057	.json	data_or_result	112	3ead02aff7fe59ceb9a38e0b09473326a4da9438fffd2e37fcec91ac61da8c19	mentions_synthetic,token_vazio_declared,cosmology_validation_marker
tests/fixtures/rll_climate_tile.synthetic.v1.json	2272	.json	data_or_result	15	650c436763f3e475162f72f1187a42755ccd8ccd9dc9ed920a5739b8e561be73	mentions_synthetic,cosmology_validation_marker
tests/fixtures/rll_latentes/invalid_missing_falsifier.yml	2815	.yml	config_yml	60	6d7c10c5bc1cb3f56f35e8fa020f1742b10d7c7ecc7127b74d59e7abf1186969	cosmology_validation_marker
tests/fixtures/rll_latentes/valid_minimal.yml	2880	.yml	config_yml	61	ae69360861c986dbb3d113047e6b6d8eed8a4d7c7d235a869b39fa5205f512f9	cosmology_validation_marker
tests/strong_gravity/test_gravitational_cascade_network.py	3040	.py	source_code	74	18b9ae5639e93631a8cab387eb4b78b70347c636c981645eee52bd3d00e7fcb1	cosmology_validation_marker
tests/strong_gravity/test_gravitational_reverberation_response.py	2138	.py	source_code	36	6b986467788832cf7445615dd91a2f39fc3149d08c7bf9ef0a67a1c5a864540a	token_vazio_declared,cosmology_validation_marker
tests/strong_gravity/test_magnetorotational_jet_bridge.py	8328	.py	source_code	218	33b9b093fd05a0f37bd800d5352fda816dd76d6728a16ee70e48f5f848834a49	cosmology_validation_marker
tests/strong_gravity/test_mpemba_horizon_closure.py	4405	.py	source_code	100	a31cd860b4f1cd7d36445b10497fad613d5da92bed99806c10bf576209e8e97f	token_vazio_declared,cosmology_validation_marker
tests/strong_gravity/test_mpemba_horizon_falsifier.py	5482	.py	source_code	142	b35903c50f846f923a40aa3a39740fffb8478d128314b377e1c23f344838beed	mentions_synthetic,token_vazio_declared,cosmology_validation_marker
tests/strong_gravity/test_relativistic_compression_radiation_bridge.py	3629	.py	source_code	95	a6eb9be8fa127e71f8455dfdd5b360a97a6515c4929737c3191e157ebf264f8b	cosmology_validation_marker
tests/strong_gravity/test_session_multiscale_avalanche.py	2212	.py	source_code	35	237aa86d62ea27d84e409c1e6398b582401532c88bd9225ddf436bd9eb9bf202	cosmology_validation_marker
tests/strong_gravity/test_spiral_plasma_thermal_bridge.py	5159	.py	source_code	145	95fc6d0ad016ab1c03a5c7db7df6d02374f77faa7c30c312dcf25e67f4c0908a	cosmology_validation_marker
tests/strong_gravity/test_toroidal_sine_reference.py	5618	.py	source_code	140	14c63d2b55e9f97a89e753d6d5791079bac6bd9240c4b546cabf91c195600c55	cosmology_validation_marker
tests/test_academic_correlation_package_validator.py	545	.py	source_code	22	9900756d2ff4395f0044b21ee9ab0ccf043d6bfb21f2a33f867e02675e743e84	cosmology_validation_marker
tests/test_all_git_refs_topology_census_v1.py	1384	.py	source_code	37	e00e3964447e1556938566a4ea0da07b727af2fe2f2bd18325db2ff1b9822036	cosmology_validation_marker
tests/test_b0_b1_artifact_flow_graph.py	2540	.py	source_code	72	00f4a478c3527ba7243ae5dedfeabff6bcbe1577858baa0e8d0f3ea4e3c546c1	token_vazio_declared,cosmology_validation_marker
tests/test_b0_b1_compatibility_manifest.py	3450	.py	source_code	70	bc5fb62e7f2f85bce8bcafae6e40d6b0529640c3bd8546622a0c3204a834f0d3	token_vazio_declared,cosmology_validation_marker
tests/test_bh_flux_calc.py	2379	.py	source_code	85	9e77703a8d63b99edb10c32c1050753324b8403fd02c04a433ad2d534cdcb04b	cosmology_validation_marker
tests/test_bootstrap_failsafe.py	5150	.py	source_code	139	bab77ca9d6e0d51f452660dd79dc47db3daff2e920ac2fd62c78ce135dc10c2a	cosmology_validation_marker
tests/test_borsanyi_full_sm_gstar.py	3093	.py	source_code	84	6e9f174109ab50b21e5d6752a989b6edfb2463e2973a94f79dc591cce2551a34	cosmology_validation_marker
tests/test_branch_advance_registry.py	1015	.py	source_code	21	424826e04ab663711c0052fa23e57ad4e11ba97afa4edc84afe123721eac9223	token_vazio_declared,cosmology_validation_marker
tests/test_branch_divergence_inventory.py	3976	.py	source_code	104	5fcc727fda16226c9a5f18aa59a6ae1f00426ba81c8739d8225a90056a3ee26a	token_vazio_declared,cosmology_validation_marker
tests/test_branch_maturity_gate.py	4381	.py	source_code	114	1a5c491dcbcf009dcb9c9442f87a13ff0c7000c4217270418859d43b9f49163a	token_vazio_declared,cosmology_validation_marker
tests/test_branch_maturity_gate_v2.py	4184	.py	source_code	93	acbeed670a94e27138d005801da17faba6a0d0c7807dba5719033f68e7fc108e	cosmology_validation_marker
tests/test_build_real_validation_report.py	5187	.py	source_code	155	7a9c3a203fbd591a3f2c8f3ab630237cd1a6efccbb0be3d640605abf464a7f1f	token_vazio_declared,cosmology_validation_marker
tests/test_calculate_sequence_metrics.py	2138	.py	source_code	59	a43a69da5fd8d12bc21da3790cf53ced46392f913762c0da31c063fe940e974a	cosmology_validation_marker
tests/test_check_rll_report_claim_language.py	6259	.py	source_code	190	9e0143cafecdd52100b26ce156b1f36ccfb863a277c9c099143613037cfa74dc	token_vazio_declared,cosmology_validation_marker
tests/test_ci_scientific_skills.py	2042	.py	source_code	59	0625398ac6b83e2a1e3bf7263bf1082f9ae6da50d0db81fb7029407f3533c690	token_vazio_declared,cosmology_validation_marker
tests/test_claim_allowed_gate.py	1136	.py	source_code	40	75f255e58dd38b32a28562507f7b43b3b07e98bf4b47db3624ab0adb5c6e1500	cosmology_validation_marker
tests/test_class_camb_baseline_crosscheck_v1.py	1743	.py	source_code	46	084c1ddde17e00553abdb362248664a14ba35cd700cf1fb810db488675afa4cc	cosmology_validation_marker
tests/test_class_transfer_adapter_contract.py	576	.py	source_code	14	2007970e31c0ea52030ae72ce25b1077281bce91266e12a46a4feeb08c3f5861	token_vazio_declared,cosmology_validation_marker
tests/test_cli_orchestration.py	3943	.py	source_code	115	dcade964e6b27ef77082ec539a74845270dd9424a4d15d735640a7fd9ab8e484	mentions_synthetic,cosmology_validation_marker
tests/test_close_scientific_cycle.py	1102	.py	source_code	34	a391b5056b354da4d172c9873e80478f6a76014a2e715f31517408505542ab95	token_vazio_declared,cosmology_validation_marker
tests/test_cmb_power_backend.py	1091	.py	source_code	35	130f43c1b682118c2696e894ff52e426964b0797ec407f12475946c6ace615f8	token_vazio_declared,cosmology_validation_marker
tests/test_compute_rll_real_pipeline_contract.py	6191	.py	source_code	136	651bc731bf343a4a3e73811c738622fe75e23e73764b54f3217c7b50413921d8	mentions_synthetic,cosmology_validation_marker
tests/test_cosmological_matter_manifest.py	1870	.py	source_code	61	b53190310d8cf74f6527d316e2b5f82c6b096e1d641975eba52e4e09ffdae61f	mentions_synthetic,cosmology_validation_marker
tests/test_cosmology_fairness.py	3741	.py	source_code	111	fe6f8fb93d5572b4df2d3ade760c0fe62d64ba550e21306b724f34b669600164	cosmology_validation_marker
tests/test_cross_domain_equation_intake.py	3016	.py	source_code	80	61d75f1c2b67b3fab34728acda37857b1762daf77452853c7e0ea6fb67804774	cosmology_validation_marker
tests/test_cross_repo_academic_roles.py	1669	.py	source_code	39	1270a125571934bdcdd5cadd03981789b3f7df3edd348b9c33d94fe4d1704714	cosmology_validation_marker
tests/test_cross_repo_relationship_registry.py	1332	.py	source_code	41	416908cf8837b9f45af63caf0d72eadd1b7205d7ca6f4dbda62f59298b4d6fd7	cosmology_validation_marker
tests/test_dataset_rights_reconciliation_20260822.py	2616	.py	source_code	64	a7c880e5c0559b933ba4ef69bdb1d69a8910db52a0741dd4f64e9da3ecd709be	token_vazio_declared,cosmology_validation_marker
tests/test_deep_yaml_audit.py	8506	.py	source_code	226	2015f45057ea283c5d9fe4fb096683c1bee4ed5e85c57e866a4bb9ed04b6c8f5	cosmology_validation_marker
tests/test_desi_50_hypothesis_intake.py	2577	.py	source_code	68	11e1b85844b7254101bfa95c5eeb2e0e66dadc87c8633b31f162c9a9d0d49c90	token_vazio_declared,cosmology_validation_marker
tests/test_desi_covariance_order_receipt.py	1815	.py	source_code	44	6022eae2045f6c084a1a4ebd931811e1f69efc6a969f3eb7ece3c87b98b188d1	cosmology_validation_marker
tests/test_desi_dha_extractor.py	361	.py	source_code	11	056cef79bc6e86084747710dfd49da08e2296bc5bf29ce4c805841ea093bc009	cosmology_validation_marker
tests/test_desi_dr2_bao_covariance_loader.py	1264	.py	source_code	38	bf166aa39a7ae145a74b0cc5b82af9281575d157fae8c92acf818e1a0ba7194f	cosmology_validation_marker
tests/test_desi_dr2_bao_materialized.py	1366	.py	source_code	37	4cc0249fe150adb866989be7bcb3cb9d615ed998418bf7a55c3a0ae9792696c4	cosmology_validation_marker
tests/test_desi_dr2_cobaya_materialization_v2.py	3149	.py	source_code	93	e3f51b526644472b042b112b9a42fe9b6b64793b5cbcd080cf6290738e272cf4	cosmology_validation_marker
tests/test_desi_dr2_covariance_blocks.py	4939	.py	source_code	149	e51b5b7f2c807d4ae1b8debf3277406833fff4a4f5504146c85dc637465ba4bb	mentions_synthetic,cosmology_validation_marker
tests/test_desi_dr2_vector_likelihood_adapter.py	1622	.py	source_code	28	5f316e5a4b1edf80dd47a0bb2bd0b3c6b1145ce4368a279ab773e49d41330f7b	cosmology_validation_marker
tests/test_dha_fisher.py	620	.py	source_code	22	54612a5ab5bbf91096be8d6f0c45405afc6b3eb3a779df67f11cf727d66acfe0	cosmology_validation_marker
tests/test_discrete_ontology.py	4028	.py	source_code	128	28630aaac04872545e697ec3383ff06401f69c82cf283e18cf014626e523148c	token_vazio_declared,cosmology_validation_marker
tests/test_diverged_ref_patch_equivalence_v1.py	4717	.py	source_code	107	a4c2457d46ae25f9767d438a75c64a94f8f63efc7b745d5102c22286c3bf0a49	cosmology_validation_marker
tests/test_diverged_ref_triage_v1.py	3517	.py	source_code	75	c77ae887eb496f97ddf911de4b6166f515bc3813f9ff34c0e583c3f31dfa1bda	cosmology_validation_marker
tests/test_drive_formula_graph_patch.py	660	.py	source_code	18	ce0b3187fcd115db139470e640d34f905d0ce348df5a092f88d78324ce56a436	cosmology_validation_marker
tests/test_drive_formula_index.py	1337	.py	source_code	38	8ec0e18e38afe780b8c1c9607335ba2e05d1577c2ecdf5633118eec36c3c2f91	cosmology_validation_marker
tests/test_eft_exhaustion.py	2402	.py	source_code	69	01fdc0123724183970029873ccf94f1f5209f42b8165c0e2177b0b5d0b507c08	token_vazio_declared,cosmology_validation_marker
tests/test_energy_momentum_bridge.py	5737	.py	source_code	167	0ff0a06f4053b6c65351ea73c4746720f3f6fcc021bbc9ebf8b91d08918a9f83	mentions_synthetic,cosmology_validation_marker
tests/test_epistemic_void.py	3624	.py	source_code	102	04659175f4babbfbc19a6873409f1270dbf45bfc7a4b9f97cf86a2a8b4463ab7	token_vazio_declared,cosmology_validation_marker
tests/test_ethics_license_complexity_network_analysis.py	2535	.py	source_code	60	5353fbbd728d59d803db5611775b0745004270f0355e647492226cf78015e685	token_vazio_declared,cosmology_validation_marker
tests/test_ethics_license_complexity_sustainment.py	4488	.py	source_code	135	803a0f2d0cd689b73b94470c029411e76d7f311de96da49121e86275baea97eb	token_vazio_declared,cosmology_validation_marker
tests/test_ethics_license_friction_contract.py	4173	.py	source_code	104	5fd3c5460aa5781e97134bd3f7fce762eabd1cb17351f0085cae754b6828bbaa	token_vazio_declared,cosmology_validation_marker
tests/test_evolution_watcher_config.py	2241	.py	source_code	59	ae4d2dbd57555c9642222182dce9a44aed63fc135739f95630eb3a2250e1bae6	cosmology_validation_marker
tests/test_fase29_integrity.py	5635	.py	source_code	133	a9ffabfdf8865a304222ded8ee958447fd05c6c6b6c71c3d419094aaa27d1a28	cosmology_validation_marker
tests/test_fetch_dovekie_inputs.py	3513	.py	source_code	85	a132d725a5f1604ea850f6518da5031490dab911d0b8c55100fcc098ac170aac	mentions_synthetic,cosmology_validation_marker
tests/test_fetch_pantheon_covariance.py	6044	.py	source_code	151	ce90967bbfcbd106babfe6154d5c27b8c031eabf055b85f2d19f0456a4cdece8	token_vazio_declared,cosmology_validation_marker
tests/test_formula_literature_edges.py	8464	.py	source_code	240	9933c2ae159cacdb4d2fe238378e5db7c98046d022c76423691dc03d2b33cedc	token_vazio_declared,cosmology_validation_marker
tests/test_frontier_possibility_ladder.py	3615	.py	source_code	99	103a5f61ba7ad6541845c83dfb94b1ce0b59f9800b6e2aa1c2719f216bd1bb60	token_vazio_declared,cosmology_validation_marker
tests/test_frontier_registry_receipt.py	1307	.py	source_code	35	556258d11a0b66ef8bd449fdbc90f08a7b4113c6f58918636e75be1136b5b39b	token_vazio_declared,cosmology_validation_marker
tests/test_frontier_research_composition.py	5510	.py	source_code	148	3f7f9184be6975524a8e708d468c5ea19a610499a58dc91e66bed1099e4d7a67	token_vazio_declared,cosmology_validation_marker
tests/test_g3_dataset_compatibility.py	2691	.py	source_code	66	3de27e9a3a8641f526bb8dfdd6e942d890bc0736cfdcd74f84fe5e5236115438	token_vazio_declared,cosmology_validation_marker
tests/test_g4_background_tournament.py	3386	.py	source_code	92	0d6938a8b9041ad0cd8f538f5ce8147c9e5e3497d7f5d0abad79ae2556febe75	cosmology_validation_marker
tests/test_g4_background_tournament_integration.py	8870	.py	source_code	216	abe74026e0e294b2b74ecae06e94a6b496bc29e1413dd9573605b14b33269b21	cosmology_validation_marker
tests/test_g5_canonical_background_manifest.py	2561	.py	source_code	70	8e4c7020e86988851e7c7102675535eab55aa9bfc30262352857fe7f4aa63148	cosmology_validation_marker
tests/test_geomagnetic_pole_dynamics_gate.py	2637	.py	source_code	78	a702cae611f04d7f93c192f33edfef3374d166a0f2b69166ac19fd741832d68f	mentions_synthetic,token_vazio_declared,cosmology_validation_marker
tests/test_geomagnetic_trajectory_geometry.py	2298	.py	source_code	65	32b1abdad8bfe9bc53d6b3a1f5f4645a27b23d629579140d38183981bf96b704	cosmology_validation_marker
tests/test_geophysical_run_receipt_adapter.py	3249	.py	source_code	90	4410fe4959e3e9af6cc54bd934e64f2da97e0fcb3f139f05d525c0984d8abdf6	mentions_synthetic,token_vazio_declared,cosmology_validation_marker
tests/test_geophysical_systematics_bridge.py	4999	.py	source_code	129	5b830a91277ffdcd9f4dbb6a76c6d068ae935fe159ac331cb679d41c277e9074	mentions_synthetic,token_vazio_declared,cosmology_validation_marker
tests/test_geophysical_transduction_adapter.py	3699	.py	source_code	102	875e14de39d48be1a43582ade4c8e0482134b7caa17eceacd900b7058feeb6e2	mentions_synthetic,token_vazio_declared,cosmology_validation_marker
tests/test_github_actions_capability_gate.py	7195	.py	source_code	186	f247a7ec45efe6b28212cc246599c1038f82c17389cebf143cab1e978b62b286	token_vazio_declared,cosmology_validation_marker
tests/test_github_actions_runtime_ingest.py	3447	.py	source_code	97	c6d1c37f3ef3b21e1fab5e643ea14417a0d24cf9d1e679ccaf8c9b0b1463764b	token_vazio_declared,cosmology_validation_marker
tests/test_github_external_settings_readonly_probe_v1.py	3182	.py	source_code	62	2242cc15d5a31ce427125bc8d0265bcac9450ace987aec4b6fcc5421a117b0fb	token_vazio_declared,cosmology_validation_marker
tests/test_h0_rd_ablation_v1.py	2139	.py	source_code	55	9c06c49d4c2ebf20244197390a8d561da45546f8f0aa414fd2b390abfdf73cb4	cosmology_validation_marker
tests/test_import_raw_json_dataset_array.py	763	.py	source_code	18	a643f44052d15a4783ee7be0f0876e494ae730b13ff4366687936df485395814	cosmology_validation_marker
tests/test_import_raw_json_dataset_basic.py	1139	.py	source_code	27	a9c44efc102a006965d17baa7867695e9b5b25bc9330090c7e31436d6d1e305e	cosmology_validation_marker
tests/test_import_raw_json_dataset_invalid.py	804	.py	source_code	24	29cb7c3218c98a05001d353fcf82bddb8ac8edc975a13a15551a811aa9c630c4	cosmology_validation_marker
tests/test_import_raw_json_dataset_rollback.py	974	.py	source_code	23	d0e3fcfbec2940f8072beaf3703687515b781d2ad43d38673f91cba2c31f47b5	cosmology_validation_marker
tests/test_information_evolution_trace.py	2346	.py	source_code	75	6ffaeee550534af83ab12cf20130eb4e52b3467add50ea9d6c4f41d66f261969	cosmology_validation_marker
tests/test_joint_real_likelihood.py	6898	.py	source_code	166	7857f26ba2dd31994afecae376e53c92206c8e1f80afb02b2b088a054e7bd1cb	mentions_synthetic,cosmology_validation_marker
tests/test_knowledge_matrix.py	7770	.py	source_code	183	c6e3032eeb75f3fdd1a8d03374110478e4f5e535dcef71c9fb14dacd37e12d79	cosmology_validation_marker
tests/test_latent_theses_registry.py	1908	.py	source_code	54	01f72aefa56adf4004c96400662c67d0e0b96716c5194d99c523e6a88cf2e3af	token_vazio_declared,cosmology_validation_marker
tests/test_lcdmpp_extensions.py	2490	.py	source_code	94	b49f4fe57a30671255ea65547f314aabd4b20b1ce5f8a6979378dd4391e926dd	cosmology_validation_marker
tests/test_likelihood_functions.py	1031	.py	source_code	32	bb55441ded146cda360580cb0cb3923d7142a2a0197e55dde2351f1d674f01f3	cosmology_validation_marker
tests/test_ln1pz_extractor.py	934	.py	source_code	32	99f07f4c1fe823b5fe9491605cb6eebd8f21e64e6480387bf7e205acd1d04416	cosmology_validation_marker
tests/test_make_h0_rd_ablation_matrix.py	8523	.py	source_code	225	854deb2f1d2056b2d8424d7b55f303b63397de4cda43cd924285f1a72283e49a	cosmology_validation_marker
tests/test_mathematics_registry_adapter.py	3805	.py	source_code	104	97ecbf0b39adbf5883893d1bdcc82335d139166d608eca3c233709460321b81b	mentions_synthetic,token_vazio_declared,cosmology_validation_marker
tests/test_model_comparison_artifact.py	1362	.py	source_code	25	29fbad3f571118a48bb17419feed1ae0b0f0f951792cb7f4e52b6eb893759180	mentions_synthetic,cosmology_validation_marker
tests/test_model_family_multiseed_receipt.py	3851	.py	source_code	115	ee8afbfba31d29d189213ef106b33cdbdf71d694613e35205c009f9326b35ee5	token_vazio_declared,cosmology_validation_marker
tests/test_model_family_shadow.py	6936	.py	source_code	185	c58237ee9468bc99ecf823b0f800f8667221997a9774918e85f62fff667c3fbf	token_vazio_declared,cosmology_validation_marker
tests/test_normalize_model_comparison_csv.py	2116	.py	source_code	51	ea151941b4a8fb2fde693d5c9ad87035730dc4905eb391f98258a4a1e9505bfa	mentions_synthetic,cosmology_validation_marker
tests/test_novoexport_formula_crosswalk.py	930	.py	source_code	18	f2bf5ceb6695eb0ccf7d8c118d1a8a29db9eeb01eb93af33640eec2b6df70333	token_vazio_declared,cosmology_validation_marker
tests/test_numeric_representation_semantics.py	966	.py	source_code	31	06b30a25c34e1af61db80a47b6c3eae28d2889003379f328bd87e54f7442f4fa	cosmology_validation_marker
tests/test_omega7_operational.py	3807	.py	source_code	111	63aa4e0c2cf62a8a0193c3d5b45213fd1ec8664a7cc4f317677a74fdc0c803f8	cosmology_validation_marker
tests/test_omega_adapter.py	3164	.py	source_code	106	ee20c145e496b41ff67dfe82084a84be376e9078d1019af11d8647599b2ae1e2	token_vazio_declared,cosmology_validation_marker
tests/test_orbital_outputs.py	856	.py	source_code	19	48b9ffd2a8c4589bb104f6a1e92fb941f0cc156f0e532d1dc36b89c7934dc76e	cosmology_validation_marker
tests/test_orcid_vector.py	7525	.py	source_code	200	903fa88c1bb4a4830cb92369dbda452ec242255c4114fe1921a58be84da78a83	mentions_synthetic,token_vazio_declared,cosmology_validation_marker
tests/test_panteon_likelihood_covariance.py	2323	.py	source_code	73	3012e2bf1e992c360d4c4ba3aa7bcf2489e6fae2bdba36a6df904a9a6e0bdcaf	cosmology_validation_marker
tests/test_pantheon_freestanding.py	1476	.py	source_code	48	1364c30b27a471ea793e7e81abd9968abdfe8910b5fabd987caf3ee0b06037f5	cosmology_validation_marker
tests/test_pantheon_legacy_route_contract.py	1793	.py	source_code	47	4fa1e43fe71ba10895b99961f9791e472a4031ee5a187d09728b980abe40e870	token_vazio_declared,cosmology_validation_marker
tests/test_pantheon_materialization_route_v3.py	2457	.py	source_code	52	cac76615e22421a0efaee100455d032c3a6d88299437460359e492f7dea2d84d	cosmology_validation_marker
tests/test_pantheon_optimizer_guard.py	2098	.py	source_code	63	fb3a4cf0901eb8fc67819785c9d691831999d5b085202777d886dba795ac73c9	cosmology_validation_marker
tests/test_preflight_real_json.py	1121	.py	source_code	39	3ee099424b9b18b41f9fef4f35af816610167fbb57dcb3a6538512916bd25b56	cosmology_validation_marker
tests/test_project_source_seed.py	3043	.py	source_code	76	a81f4f7d0722d355959a6a6daebde659c4cd2f9ba0d44e1ded5c771369f53263	cosmology_validation_marker
tests/test_project_sources.py	4052	.py	source_code	108	df94e47d53a0c94be3ed3537185622fda952e66cd3b5cd7943df93c8cbb2eae2	cosmology_validation_marker
tests/test_propose_operational_hotfix_pr.py	1822	.py	source_code	59	f780f26acffa3f8873f88520f4e22a65b72a8a0b079d7a71461167a2e9506f29	token_vazio_declared,cosmology_validation_marker
tests/test_rare_events_registry.py	2060	.py	source_code	72	58c84c0533877e7ed786c45b34e671d16ef96ecc564fb91bd543b4088c0378bb	token_vazio_declared,cosmology_validation_marker
tests/test_real_curated_imports.py	673	.py	source_code	19	97a1d9b9357c9f3da2ddfa6d502337c5b34e1356931a6d350f3f52921784e19b	cosmology_validation_marker
tests/test_real_data_materialization_audit.py	1896	.py	source_code	46	0a35f6b2b1d993217c2de4f7b562fa414d6aa27cd3ece36f166d0f9e37a76a8a	mentions_synthetic,cosmology_validation_marker
tests/test_real_profile_light_integration.py	4631	.py	source_code	136	b26e8175e9f68457b8e7d14a4e387fa3094b2700b2bfb581d0fc078088545163	mentions_mock_or_placeholder,cosmology_validation_marker
tests/test_real_seed_utils.py	578	.py	source_code	16	98d9b4c8a5843d1c7059424e575b1068ca146e17b8504ecc78983a46df561d45	cosmology_validation_marker
tests/test_real_source_signatures.py	4189	.py	source_code	92	767700bd1e624cbbaee823c63fe1af84415d5abb4b8606d1276db808e8c00003	mentions_synthetic,cosmology_validation_marker
tests/test_reconciliation_dependency_graph.py	1710	.py	source_code	57	29e374ba0c3f7b3e36638258fb2555f5d8181360214eb8d6b7f9f961efcb50e6	token_vazio_declared,cosmology_validation_marker
tests/test_required_data_gap_registry.py	1835	.py	source_code	57	5ee2198016c7014f102929a58445587560d3da3ec4f902148d4b440e6db6d90d	token_vazio_declared,cosmology_validation_marker
tests/test_rigor_procedure_area_v2.py	4677	.py	source_code	73	902a3434be82b26c87d40a3a551bc01702e38f256083d965c4ed9c1203aea559	token_vazio_declared,cosmology_validation_marker
tests/test_rigor_self_critique_matrix.py	2957	.py	source_code	71	85b2ae2d71c0fedcf78ab5463d9a5bd3d37e304b12308606ea968686e2daf558	token_vazio_declared,cosmology_validation_marker
tests/test_rll_act_dr6_posterior_contract_v2.py	6616	.py	source_code	126	3de6adde234040426781f494666585701a066ac18d977d65fbb8279e2968a193	cosmology_validation_marker
tests/test_rll_act_dr6_reference_chain_custody_v1.py	2554	.py	source_code	53	e8ce83f7edf82a732f6e03e1fe9a2bf3e66ce8acc3ce9cbf8ab41782bb6fb2ed	mentions_mock_or_placeholder,token_vazio_declared,cosmology_validation_marker
tests/test_rll_agent_authority.py	5696	.py	source_code	154	d7a212e5c7bd80035b35bd0945c31616ffee6544c255ea238a8ff0c051d6f4b9	mentions_mock_or_placeholder,token_vazio_declared,cosmology_validation_marker
tests/test_rll_atlas_continuous_evolution_gate_v2.py	4617	.py	source_code	102	0fa00b031455b923bd794fbdf14b5945fd146e1ee5961c4600c37b1e2f96d63d	token_vazio_declared,cosmology_validation_marker
tests/test_rll_atlas_evolution_gate.py	3022	.py	source_code	78	814e805e15a55b53811957f76ec9f598552f5f30225b0bc70c5f9077060d5640	cosmology_validation_marker
tests/test_rll_atlas_g234_evidence_reconciliation.py	2514	.py	source_code	76	1b21d073a5402d814bcf656462cff1cfa93e68d4a8845536075067e8e9d0e2bd	token_vazio_declared,cosmology_validation_marker
tests/test_rll_auto_hotfix.py	4939	.py	source_code	121	eee5628ae12f2c339ea0b0c85c0ae00d519d40c88957d05721252225e210ffc6	token_vazio_declared,cosmology_validation_marker
tests/test_rll_auto_shadow_intake.py	272	.py	source_code	12	65a444955e592264f25bb81bab3a058160c3bc549f2816abd66d6b61b1f54cee	cosmology_validation_marker
tests/test_rll_background.py	1271	.py	source_code	40	422d3ac84a85f2487bd5ec388fb49608cd1c7138e9cb747c599ac5215b03add6	cosmology_validation_marker
tests/test_rll_background_continuity.py	2890	.py	source_code	90	f597ad9cc550b6ce2e88fe9af081ebe25a6fc722e099d00492754a14708a245f	cosmology_validation_marker
tests/test_rll_bp_bbn_cmb_background_likelihood.py	2200	.py	source_code	58	38e1d51f775a22d1eacd77dbbdebeec77aa8f3d9b59143eb21c6f5eefd8883cc	token_vazio_declared,cosmology_validation_marker
tests/test_rll_bp_physical_contract.py	2655	.py	source_code	65	364e920b304e7ef3466afd34cf695687140aa50a3252c0310fa2ca01b5e07e06	token_vazio_declared,cosmology_validation_marker
tests/test_rll_canonical_freestanding.py	2286	.py	source_code	86	01f8e04bdacbb473db0751ff2ed753d289ffca958c47bdc8528aa1fb7a0bd761	cosmology_validation_marker
tests/test_rll_canonical_model_kernel.py	4307	.py	source_code	143	ac820dac3b6da4c7422eee4a4712b3ef374e84c282c266a6388c4195d23bf063	token_vazio_declared,cosmology_validation_marker
tests/test_rll_canonical_real_freestanding.py	3289	.py	source_code	92	d69b86a57327316e9d7cb9ca025127e1d6aca23e232b546a560596d52b87ec18	cosmology_validation_marker
tests/test_rll_canonical_real_inputs.py	8173	.py	source_code	228	7a2049858602bb09650bd741a2c6fcba585d507cf69a5c44e5274acb39121aa8	token_vazio_declared,cosmology_validation_marker
tests/test_rll_canonical_region.py	5825	.py	source_code	168	c483db99c90fe2ab176e430b0c039e657ada3a53821bf497f3eba38017d0d8f3	cosmology_validation_marker
tests/test_rll_climate_engine_bridge.py	4461	.py	source_code	116	1ab763d678186a4ce904efc6e143873f08d0854f037c2d1fdb82ff3fb68a0da2	mentions_mock_or_placeholder,token_vazio_declared,cosmology_validation_marker
tests/test_rll_climate_multiphysics.py	5624	.py	source_code	128	4412ec7f75c2c856985d4a84b64dea70625245de3400c94e89d507c43ed2e4f4	mentions_synthetic,mentions_mock_or_placeholder,cosmology_validation_marker
tests/test_rll_credential_authority.py	3359	.py	source_code	107	98d1f4f1cff213b9c31cb5e464c325d065db1840c9eeefac212b40f87f25b1db	mentions_mock_or_placeholder,cosmology_validation_marker
tests/test_rll_cross_repo_entrelaces.py	2593	.py	source_code	78	d693596016c7c0e872bc59f12a9bc5ba20357db8319e990beebbfa01bbef1a28	token_vazio_declared,cosmology_validation_marker
tests/test_rll_desi_dr2_cobaya_custody_v1.py	1502	.py	source_code	35	a3f6136939da9e52bf22a4c8ad8c7522e99ee9bed11bf3fb01fc0f2066436ff2	mentions_mock_or_placeholder,token_vazio_declared,cosmology_validation_marker
tests/test_rll_desi_dr2_reference_loglike_probe_v1.py	1650	.py	source_code	40	30e54f82333205eecc5ae9fc1a3cec967f8c9618d6989e102ab79e03a906f154	token_vazio_declared,cosmology_validation_marker
tests/test_rll_dovekie_nested_evidence_v1.py	2344	.py	source_code	80	c4af494d3814d1712d388958b322d294d8ccf0f817d2a64b727fe6446fe054a1	mentions_synthetic,cosmology_validation_marker
tests/test_rll_dovekie_three_model_v1.py	2180	.py	source_code	82	2228e7e745282bc42327fdf9ece072c333c3c68ee46be2169978e18150870a53	mentions_synthetic,cosmology_validation_marker
tests/test_rll_dovekie_wa_lower_bound_v1.py	1974	.py	source_code	75	021198566fbfc05587225baa247a208e3cde0a4b95d004475bebeb40d93cedc3	cosmology_validation_marker
tests/test_rll_edge_science_water_matrix.py	5953	.py	source_code	128	d8e729cd8cc4e14bb5259110af8fb4c3e65fd8f0d087792a09ec33f49454933e	token_vazio_declared,cosmology_validation_marker
tests/test_rll_environmental_signal_manifest.py	2825	.py	source_code	69	1cc4e833a7fb6bb8053a8b03fe7b539f3e07f012ad3197fd887fc273b3746cbb	cosmology_validation_marker
tests/test_rll_evidence_reconcile.py	5229	.py	source_code	144	a44be1e5e9bf2076c5f6ee542a49dc50e78a5908bc22b014551da243efce725e	token_vazio_declared,cosmology_validation_marker
tests/test_rll_evidence_runner_v1.py	4550	.py	source_code	110	d888c4e6fb3bc3887988828464518b77793eb6a85965c72b1a92e5250f5237af	token_vazio_declared,cosmology_validation_marker
tests/test_rll_execution_queue.py	1691	.py	source_code	50	a5af2db18cc2c72a3db34247d7c82a3a6eda44f3fab0c02b293bbcef3dff8e0b	cosmology_validation_marker
tests/test_rll_execution_queue_effective.py	3165	.py	source_code	81	d8faf6511809355791ead14fe6dcef2d6b7069ea80b0121f52dd642d80bd3bd0	token_vazio_declared,cosmology_validation_marker
tests/test_rll_formula_test_matrix_24.py	1367	.py	source_code	40	c737842f6f8e3d48860c87b965edb66073b3069cdf531cc96daa3921908d57e5	token_vazio_declared,cosmology_validation_marker
tests/test_rll_governance_audit.py	2957	.py	source_code	64	9875b9d859253a980433bd353a1fb2504fa54f58c9e328df9d5c9914df28ef2f	cosmology_validation_marker
tests/test_rll_growth.py	2032	.py	source_code	69	490e0bf0a7c3be3daec7176eac47fa1a2dfeeb6a6b2c2e7f46b12d25c81c1e60	token_vazio_declared,cosmology_validation_marker
tests/test_rll_h0_rd_direct_boltzmann_probe_v1.py	2737	.py	source_code	59	5354d21885adf153f235e6f6cee197b8c04c7688d7c4eb2346afeb9dedbcfa75	token_vazio_declared,cosmology_validation_marker
tests/test_rll_hz_real_freestanding.py	3887	.py	source_code	104	2adb767d06af3e03b6c491b4328268fb85a39d66c7f9cddfb11dbcaa94e4433d	cosmology_validation_marker
tests/test_rll_json_watcher.py	5959	.py	source_code	165	80d9da503a8fce706013a8d9f0a7e0d2b2b4a314b76bd284778e9955c93b47af	token_vazio_declared,cosmology_validation_marker
tests/test_rll_latentes.py	6794	.py	source_code	177	74ea26ff21af1fc8f658ff4e4e8b1377bc8ba0559568aecdab6b63d12f1d346f	token_vazio_declared,cosmology_validation_marker
tests/test_rll_model_selection.py	1314	.py	source_code	39	b6445c9bef1b591232adb7f8b541bb514455ea9ab8ac27dd24210a0df40466cf	cosmology_validation_marker
tests/test_rll_modern_validation_gate.py	5147	.py	source_code	139	1cb81a9ddb34f093b0dc242e92a8a9292b8cdeaa571f2cce0f88209747a9665c	token_vazio_declared,cosmology_validation_marker
tests/test_rll_modern_validation_reconcile_v2.py	4367	.py	source_code	90	2c7ee3e3bca27ca39450ea92bdb1475ce8dfb78e006681875d0233768f792173	token_vazio_declared,cosmology_validation_marker
tests/test_rll_multiphysics_filament_matrix.py	5030	.py	source_code	107	3972c1107e70a8e0a060ec4bc1d316ce58bc1f8ba669c39fcac144e5e1ed5bc5	token_vazio_declared,cosmology_validation_marker
tests/test_rll_observational_topology.py	3717	.py	source_code	98	ce0f78f771e69cb07056b81c29437cf5980dde12f537131d9be3a1a6cb4e6d5e	token_vazio_declared,cosmology_validation_marker
tests/test_rll_omega_residual_audit.py	2063	.py	source_code	69	f0df90c4d7e5f8c4a065e8ba678c04000d11feda884b6e1a75f7aea33c7fa49a	token_vazio_declared,cosmology_validation_marker
tests/test_rll_open_work_mechanism_gate_v1.py	3715	.py	source_code	89	ebb7222c0a4e365241911da044479065f683924d7ce80ad349a781d236a73e28	token_vazio_declared,cosmology_validation_marker
tests/test_rll_open_work_mechanism_gate_v2.py	5295	.py	source_code	117	32f18328e6b87c148495fbab45a084f47ee7154e6cfafa26c107f8a330f4c07f	token_vazio_declared,cosmology_validation_marker
tests/test_rll_open_work_mechanism_gate_v3.py	2605	.py	source_code	58	ab68acc2b0634a6032120c8d5df42f14252a7e9bf057dae9780ac47787d6f884	token_vazio_declared,cosmology_validation_marker
tests/test_rll_pantheon_full_covariance_fit_v1.py	5465	.py	source_code	136	e879538f1c9c90fef703d729c46139fc9fb28c578b57f13163bdb275b4a8ad0c	mentions_synthetic,cosmology_validation_marker
tests/test_rll_pantheon_three_model_cpl_v1.py	3578	.py	source_code	98	1a3302740606bb96eedb4593f8e82c1a8249e5bf7e5378f8f1d15bbbcf961b65	mentions_synthetic,cosmology_validation_marker
tests/test_rll_perturbation_barotropic_candidate_v1.py	1448	.py	source_code	33	17773867b0e90e0cc1f81c8a3fce81c7fa2eaf3408762876fc5064c936ffd646	token_vazio_declared,cosmology_validation_marker
tests/test_rll_perturbation_kernel.py	1087	.py	source_code	35	1daa3955c537fd80707ae1c86be5ee2fd8f98ae7f9136b705fe36870ea8f828f	cosmology_validation_marker
tests/test_rll_pipeline_deterministic.py	1988	.py	source_code	68	f98689fa134fb570e3f76f9caae3c1d8bf401dc636c1a0e0c399d105a057e791	token_vazio_declared,cosmology_validation_marker
tests/test_rll_pipeline_fase24_1_runtime.py	8786	.py	source_code	172	7e1d39c91c9426ae241ea7e24b658216795ca83c82a0806a859fa454da265eb3	token_vazio_declared,cosmology_validation_marker
tests/test_rll_primordial_assurance_v2.py	7239	.py	source_code	176	f2bfb054312d5f0ac2fb03381d2764ba4837c36bbfe959e3ba98ddbb85591951	token_vazio_declared,cosmology_validation_marker
tests/test_rll_publication_boundary.py	1050	.py	source_code	34	f2f39ab440a1a1f446fff89059f8de66b90491b93e93e6c9cdf2a6eb1d3a9567	cosmology_validation_marker
tests/test_rll_qcd_s_sector_bound.py	1971	.py	source_code	61	2d6d31f4a1d56baa3c8dbeb0a0f472ee270b4f9b9a280ffa75c05bd552a90ab5	token_vazio_declared,cosmology_validation_marker
tests/test_rll_quantum_vacuum_birefringence_crosswalk.py	1865	.py	source_code	41	e3c79902ac09fad700ab6b22dedba518c3d976ca3c19ff760120489f218b289b	token_vazio_declared,cosmology_validation_marker
tests/test_rll_recent_data_crosswalk_20260828.py	4475	.py	source_code	118	d312c374775db79c7b727696df65157064465450042cbfd39dae3a07b6e9b93c	token_vazio_declared,cosmology_validation_marker
tests/test_rll_recent_literature_controls_20260828.py	1481	.py	source_code	42	ef55e36b75f687d9d425cc229a5beca443c9b3ee429d29f5519d9225e30bb807	cosmology_validation_marker
tests/test_rll_recent_observations_crosswalk.py	1148	.py	source_code	29	53c6715cea57286f49fa2540646a3afe00da65ae3e4d1a58d309261ca1c64a48	cosmology_validation_marker
tests/test_rll_route_forest.py	7635	.py	source_code	188	63889ec49cc5ec3bf88dbfe7f5f73a8d506a06476147d71da5393a32988f89ce	token_vazio_declared,cosmology_validation_marker
tests/test_rll_route_forest_effective_cli.py	962	.py	source_code	29	c20ca44dde5073ba212dc023e950fb3b958376261390a71b4609758bf61ae320	cosmology_validation_marker
tests/test_rll_run_manifest_schema.py	2659	.py	source_code	80	2f34e2902464b3cfef62b416759a972e8b3ce2af9b437c14dd9cdf4de28e1ed3	token_vazio_declared,cosmology_validation_marker
tests/test_rll_sn_gap_closure_v1.py	5502	.py	source_code	153	436c436fe4905f4dc00c3a7625f411641a54dd919315e43974b79f3df4e829f7	mentions_synthetic,cosmology_validation_marker
tests/test_rll_sn_identifiability_diagnostics.py	3302	.py	source_code	96	9d8f3bc8d4c343093145b66160188e681ef7bc9f2dce4effc0930b289804647a	token_vazio_declared,cosmology_validation_marker
tests/test_rll_structural_invariants.py	2420	.py	source_code	75	3aca7c2c6c5abd966271f1fa8f54053507db3d180b3de66cc6e55dfbb8139552	cosmology_validation_marker
tests/test_rll_studio_contract.py	3763	.py	source_code	98	0250c3b10eb82e01416f31db998b22187e5ec2b0b5deb72159339733b0ddad38	token_vazio_declared,cosmology_validation_marker
tests/test_rll_studio_receipt_adapter.py	5962	.py	source_code	152	7a0f055628c8edf02e11f7d8f49937a44f75ab16ba368fd8fa40754eed26535c	token_vazio_declared,cosmology_validation_marker
tests/test_rll_successor_hypothesis_intake_20260827.py	1667	.py	source_code	41	b6065a2af7b6b31b0738545f8ee48ba7973d806a5afd89a101c1e782af653416	token_vazio_declared,cosmology_validation_marker
tests/test_rll_successor_hypothesis_math.py	1997	.py	source_code	55	5ac57bc452ffc3970b7ceb29411ed8d5455a37cf95336c58bd58bc0eececec34	cosmology_validation_marker
tests/test_rll_termux_physical_replay.py	7795	.py	source_code	218	18f2894596718e36e9be3933a7e67413d44717d315bd57d30a2117e7f45c6589	token_vazio_declared,cosmology_validation_marker
tests/test_rll_termux_runner_contract.py	908	.py	source_code	26	27f4acc1a21f7681eb1adf543f92a072d08c106771b19ce196ad25cb1bdaf9c4	cosmology_validation_marker
tests/test_rll_token_vazio_reconcile.py	12341	.py	source_code	306	06aa7949a513b4dd263df09a788920f69d783196cab1ef7cf10d60f778640e71	token_vazio_declared,cosmology_validation_marker
tests/test_rll_token_vazio_reconcile_v2.py	4924	.py	source_code	91	37781adf47e1ffec7d5c3daeebc5b563abfc0755ed70bdec35067cfe9e8cd430	token_vazio_declared,cosmology_validation_marker
tests/test_rll_token_vazio_reconcile_v3.py	2704	.py	source_code	59	0dce4d196ac5888bdae29a78c2bd999de92ba60bed517b10991cf5c71745f989	token_vazio_declared,cosmology_validation_marker
tests/test_rll_token_vazio_reconcile_v4.py	2090	.py	source_code	45	fea4b4672c310e4588af021b418d8c8a1e3044b4d5a57110e5b2cdba52864f57	token_vazio_declared,cosmology_validation_marker
tests/test_rll_transfer_contract.py	554	.py	source_code	14	dd50291f2392aec4c625c619dcdb2b6b3fa357eeae2d303308488f86151b9a24	token_vazio_declared,cosmology_validation_marker
tests/test_rll_uncertainty_variance_gate.py	3554	.py	source_code	101	1ad601f1cf4561cc3d99d6b14bd5793dd4e93c2f7afc63c7bc54c440f94f970b	token_vazio_declared,cosmology_validation_marker
tests/test_rll_universal_taxonomy_416.py	4619	.py	source_code	146	94e6dd110b7dcfa1b314dde06bfa25710ddaf06f45c772a1793db78f4cdef901	token_vazio_declared,cosmology_validation_marker
tests/test_rll_vectras_sqrt3_2_governance.py	2415	.py	source_code	75	08445d7b48cf46942813161bfed689678739d57da60c0b13f6e2ad5fd458505b	token_vazio_declared,cosmology_validation_marker
tests/test_rll_vs_lcdm_bao.py	1702	.py	source_code	43	05ede53d82c13e75cc8522c64eacef322d38aee2ec6b418d3454f2cd6b716695	cosmology_validation_marker
tests/test_run_real_pantheon_validation.py	6289	.py	source_code	141	6c66dfa461ae20dc61f29b9b1f04edfdfc51b3f2854f8cf48be3879b8318e2e2	cosmology_validation_marker
tests/test_scan_rll_model_evidence.py	11347	.py	source_code	330	c880fa782df9ff926aca4f355377e6359987c7c92c04d0cbbe3a37784c92fb64	token_vazio_declared,cosmology_validation_marker
tests/test_scan_rll_model_evidence_restored_v1.py	4283	.py	source_code	92	dbc0ec74e2c3c3c7e2d702bde9dfe006fc27a4b775bc9c30227a64de0881d98f	cosmology_validation_marker
tests/test_schemas_claim_boundary.py	865	.py	source_code	27	a3fc9a9a92dd495ad26835abdb5fa80dcb8dd03001207853f741a7b1044f73d1	cosmology_validation_marker
tests/test_scientific_infinity.py	3881	.py	source_code	135	647aee1fa4bd75cfc49fa8e763f427fb34e715f3e3eb2c29958b5abe1060f62d	token_vazio_declared,cosmology_validation_marker
tests/test_scientific_navigation_bundle.py	5173	.py	source_code	142	091f22daea67d19bb9afe901184872e6fdd700064802b6f87b4fd33930a4a73d	mentions_synthetic,token_vazio_declared,cosmology_validation_marker
tests/test_scientific_validation_orchestrator_v2.py	4093	.py	source_code	102	e8ea2dd0a2127cee7ca0ecf4d1d523b463e0dce80e3fa86f4ece3c92bb2b4eb6	cosmology_validation_marker
tests/test_scientific_validation_orchestrator_v3.py	2921	.py	source_code	72	e12e5cf0fa83ff21a89f2cf248318ba2ae0660459c31b92d5a0b230126a34b19	token_vazio_declared,cosmology_validation_marker
tests/test_scientific_workflow_path_filters.py	5910	.py	source_code	166	ab980a37aee0e61aed45f441a301f5899e0d77f3d400cd64a714ad82d5c856ba	cosmology_validation_marker
tests/test_seed_readiness_validators.py	1069	.py	source_code	30	df01a328d1088bd6353e707d6a8b91df765b6a683d0e04de5b38fd4a90eada5a	cosmology_validation_marker
tests/test_semantic_governance_schemas.py	1842	.py	source_code	50	7e107a24c0cb62ce6b6d1d27972b37255d2d32a237c9d98bfa7148b1f1fcd84a	token_vazio_declared,cosmology_validation_marker
tests/test_session_operating_system.py	2619	.py	source_code	71	104bddeb7899b952fa679762d2144ea0607d747d6080204c695aaadac119cd6e	cosmology_validation_marker
tests/test_session_packet_public_mirror.py	3061	.py	source_code	80	fac0d185ccb552cea3d5474089f876c65b57c4c67ceed1081a49eadd3fd2bf7d	cosmology_validation_marker
tests/test_session_reality_science_claims.py	2159	.py	source_code	55	399fae09233cc826c464aabacdd0ae9184be646573c02c05000e55b8490ddc2f	cosmology_validation_marker
tests/test_session_unified_interaction.py	2195	.py	source_code	61	98730efb12d0cc193fd5cff480cb32e1f0aade887e8c260939d7b9af9e412af5	token_vazio_declared,cosmology_validation_marker
tests/test_slingshot_zt_falsification.py	1457	.py	source_code	32	936e5c91aa2c2dea2bfa8c20e895cec2963271708bdbe97b5956a2713a6f585a	cosmology_validation_marker
tests/test_sqrt3_2_freestanding_kernel.py	3826	.py	source_code	119	e2ff800e282f371615d18d9e68958395bdfd9e70b58b249b1cc1bc7d77c3a6b2	cosmology_validation_marker
tests/test_sqrt3_2_kernel_contract.py	1422	.py	source_code	40	ab10b101571d41861c2ee77b6c31ee68dc98454078f353f3cdb888f8f09c8042	cosmology_validation_marker
tests/test_strong_gravity_calibration.py	4089	.py	source_code	130	860a536911d26d98e94533016e012b7c4feea30462592a324ed662edac6c1b07	mentions_synthetic,token_vazio_declared,cosmology_validation_marker
tests/test_structural_integration.py	7734	.py	source_code	200	1c91aecc4238b2d66df01776e1e947e643fadaff5765c47c501fd55fa0525791	token_vazio_declared,cosmology_validation_marker
tests/test_structure_d_effective_dynamics.py	1977	.py	source_code	70	533e266766d17b63ac9bd3561024f49d6c039c2098ee9aee2f4857833171ec27	cosmology_validation_marker
tests/test_structure_d_inspection_rate.py	3876	.py	source_code	125	32c4b8bf18643436a68d954bef5dd298695e00cb1880afd3b889bceb883ca028	cosmology_validation_marker
tests/test_structure_d_model_coverage.py	1584	.py	source_code	43	a94e7d1af063de0f98613154cbc614e45533483d4348bf3329d7528ae7fa3d11	cosmology_validation_marker
tests/test_structure_d_output_stem_wrapper.py	1391	.py	source_code	30	3b1315bd88dc1e9b00fd3bbde5a6c53e9ab97aafda4a2f231bf3b7ba86b6cc1a	cosmology_validation_marker
tests/test_structure_d_partial_real.py	837	.py	source_code	25	20ca45f890ca005eb3f8591a779ae0a2ee27dea8d7bb98e26ec2a9403726f5a0	cosmology_validation_marker
tests/test_structure_d_robust_fit_matrix.py	5396	.py	source_code	137	0b66b25e54e0cdbce7f1a64be492668668405f3b6cd38a5cf70f5049f83fda1c	cosmology_validation_marker
tests/test_sustainment_provenance_bindings.py	1821	.py	source_code	50	f33e9639d36c085e9cdaa08b9db1679f1fb61268bf7912e699441842d4b6c170	mentions_mock_or_placeholder,cosmology_validation_marker
tests/test_synthetic_real_boundary.py	8192	.py	source_code	192	2759347091371705ebfb3f039f5105f0128412caabfc73b75c512930350780e8	mentions_synthetic,mentions_mock_or_placeholder,cosmology_validation_marker
tests/test_theory_practice_calibration.py	5932	.py	source_code	150	118c62f117c0cdc831264e432515fea316b2db8d2e86ebd89fc048f2b3f72ee6	token_vazio_declared,cosmology_validation_marker
tests/test_utm185_void_mask_attention.py	2855	.py	source_code	76	30a2ea985626d64f0e0e8ec9641c4a0fab8b6424e16a943ce918ed61a2f1e9ef	token_vazio_declared,cosmology_validation_marker
tests/test_v1_tag_media_provenance.py	2334	.py	source_code	69	9aa92a36fc75ac9af395ca1ce07041624cb2d929b04f16390bbd5cbbca1f32d4	token_vazio_declared,cosmology_validation_marker
tests/test_validate_rll_primordial_assurance_v2.py	2044	.py	source_code	41	af0865205b29f3d246cc578a2afb25c9de14cb3f03848543cd5b0dfe01ebb2ee	cosmology_validation_marker
tests/test_validate_six_sigma_real_data_controls.py	1396	.py	source_code	47	720d1c0b6a386261832f33fa5e62349865091eaf7de35fd89cb0be5c04222271	cosmology_validation_marker
tests/test_validate_workflow_docs.py	1776	.py	source_code	39	46349afb36b966e88b1807c974baa1eed70552286326602b9006a22f51c65b77	cosmology_validation_marker
tests/test_verify_pantheon_inputs_v2.py	5034	.py	source_code	121	aac9d97ebe13676348c0c3a9a13514227601264d65ccdeaa09e53b139a6e2b67	token_vazio_declared,cosmology_validation_marker
tests/test_workflow_architecture.py	5141	.py	source_code	139	fd4ca7f6edb509487cf82f60549a704e65ba26176c955b6d15a5246e824fce05	cosmology_validation_marker
tests/test_workflow_audit_action_versions.py	569	.py	source_code	17	aa0d75f95b875184e75600bceaed6ab79e4515e0025aaabf0c7ff06b782a18c9	cosmology_validation_marker
tests/test_workflow_audit_action_versions_v1.py	856	.py	source_code	18	97da1f48afe93abdac910c0d8650260c30b6a9794d970e66ca3dfa0e31579c82	cosmology_validation_marker
tests/test_workflow_contract_sync.py	3384	.py	source_code	82	1a980adb8ddcca5efce6d2a2022e1eee5ecd317aea6b99425092b46e0b17897d	cosmology_validation_marker
tests/test_workflow_orchestrator.py	13136	.py	source_code	373	398cd0545408c3e2aca369b8dad31877be86f07db1bf4bd185b1da45c50f0661	mentions_mock_or_placeholder,cosmology_validation_marker
tests/test_write_workflow_guards.py	2176	.py	source_code	52	41a38f0e166fb7e0346f6f32a643a895f30eff601ad6d210eed130fcc796e305	cosmology_validation_marker
tests/test_wt_convention_outputs.py	1431	.py	source_code	50	5b1b34f6673a335f49f797c2935a974f42218df254452d2dda4bcd5352854e78	cosmology_validation_marker
tests/vertical_slice/test_execution_result_schema.py	2355	.py	source_code	56	152c5c7d0ed537708d1cd1bc53efc9be2ebf3e157529b245f5da1932d0a933e1	cosmology_validation_marker
tests/vertical_slice/test_gate_readonly.py	1309	.py	source_code	35	3b5ce1a865f0522a9904344368b5f4c589c4a8be81c542bb5fabbe94be8931eb	cosmology_validation_marker
tests/vertical_slice/test_intent_ir_validation.py	1246	.py	source_code	40	53673f3868bbc5bac3afe567249c6e6f3f7d0694e6e063c3c91eee280181411a	cosmology_validation_marker
to_Add/.keep	1	NO_EXT	other	0	01ba4719c80b6fe911b091a7c05124b64eeece964e09c058ef8f9805daca546b	-
to_Add/AUDIT_REPORT.md	4789	.md	documentation_md	66	3513f5d48b4099cd0ccfb6e8e94ded8b56fc9d6042b5b5b521d4ab66ff507ace	mentions_synthetic
to_Add/FILE_MANIFEST.csv	35395	.csv	data_or_result	249	4c301f00e2d1f9bbd44e0af4c56c90430b34a1f2e38e2e30170654be5bc6c3b4	mentions_mock_or_placeholder
to_Add/LINK_GRAPH.json	60251	.json	data_or_result	1502	b25b8181b9d51188cdbe2a16f47c6508a664660d2eee1541b522f88ce83cab4b	mentions_mock_or_placeholder
to_Add/MODEL_B_CLOSED.md	654	.md	documentation_md	19	eee9976b0b8bef3b6c3a075cb14d202e11bd671e8a14cf379230b0b2f71bb782	-
to_Add/PAPER_A_DRAFT.md	599	.md	documentation_md	19	44abf8d93ef9580d30ac3589cbd835ee0542d1b50ca64be9aac0c6430b8b77d1	-
to_Add/PHYSICS_LIMITS_C.md	834	.md	documentation_md	17	6e57af304a845310c380f434fc73de9b0568694e19dad6476059a4aadca8e172	-
to_Add/RAFAELIA_COSMO_STRUCTURE_D/README.md	390	.md	documentation_md	13	6371a39350e4fd8ba9841b8de73a9451be4f0a60efa2be811d79a07f1561a5a7	-
to_Add/RAFAELIA_COSMO_STRUCTURE_D/core/agn_feedback_bridge.md	1151	.md	documentation_md	29	595275dd051f4383ecf229f962501fea30bf970b821de889da617acf2bec20e0	-
to_Add/RAFAELIA_COSMO_STRUCTURE_D/core/equations.md	914	.md	documentation_md	30	7144be6b8c16ca24a211847c5c6e819ceb4cab5a54b099a1b965a870278576da	-
to_Add/RAFAELIA_COSMO_STRUCTURE_D/data/README.md	238	.md	documentation_md	10	3b8e410cddb76fe58fa99f392521e42732212a1c002823914a453b556651d532	-
to_Add/RAFAELIA_COSMO_STRUCTURE_D/paper/draft.md	477	.md	documentation_md	27	c72d2cbd519d90ac9f9f5e24840cadf0b808f4a890aa157ffaec86678e716d4c	-
to_Add/RAFAELIA_COSMO_STRUCTURE_D/requirements.txt	30	.txt	other	4	5462a6315c3e006295f3b37a7412e15b75b20fcc928be8a39c410210ce36a3d6	-
to_Add/RAFAELIA_COSMO_STRUCTURE_D/results/README.md	176	.md	documentation_md	9	c2571fcaa169cfdb50ace5c23fc7b0f558ec64e7efcc7cd68504f86f82283b77	-
to_Add/RAFAELIA_COSMO_STRUCTURE_D/rll_pipeline/__init__.py	126	.py	source_code	2	d499c3974bb48bebbda4b2fcebf1fa93d62399605a0bc7c6fe832d472711c4b5	-
to_Add/RAFAELIA_COSMO_STRUCTURE_D/rll_pipeline/cosmo.py	138	.py	source_code	2	907952541ca345b8a7134cd0b319def923e85eea263eda6df856e9bd3d6d7b4a	-
to_Add/RAFAELIA_COSMO_STRUCTURE_D/rll_pipeline/feedback_agn.py	152	.py	source_code	2	21ba382e85578dbc3d86d47882a781a3370153a19061db396d0438c0212e2b46	-
to_Add/RAFAELIA_COSMO_STRUCTURE_D/rll_pipeline/growth.py	140	.py	source_code	2	bdd71ee9fa64f30f60ea4f965f69b29c25237d0676c579ec533dda64aa4d0af1	-
to_Add/RAFAELIA_COSMO_STRUCTURE_D/rll_pipeline/likelihood.py	148	.py	source_code	2	9faca68a20d3774de131d379fb5944f5ac3bf4ecea197cabe999098db1887a44	-
to_Add/RAFAELIA_COSMO_STRUCTURE_D/rll_pipeline/make_example_data.py	201	.py	source_code	5	0b1763ac33c3a7fc731eab6f16ce0bb2d5f7cef2e78b5fb9e6c57095012161db	-
to_Add/RAFAELIA_COSMO_STRUCTURE_D/rll_pipeline/models.py	140	.py	source_code	2	11fb5878fbccb21b330fad21f25201afbb09f2649b7ffdcbc8d2c6281106bde3	-
to_Add/RAFAELIA_COSMO_STRUCTURE_D/rll_pipeline/run_all.py	272	.py	source_code	7	c2c61a4d37c95eae8eb47541da84651a8b93b92ec506fecdefb28c034c914c8a	-
to_Add/README.md	1167	.md	documentation_md	53	bc9d798c6b89cfcc19016c9a3f4a43e115526e3cc5d9069f5449444710b7a40f	-
to_Add/STRUCTURE_D.md	468	.md	documentation_md	16	02e81cdf40fe177b2591b7968849828a0262a2f9f5cf2932194735bcfc5d3fce	-
to_Add/TODO_GAPS.md	4099	.md	documentation_md	22	30d2253a25ddec174285327839e00cf6117fd6bae50dc059dd8354abddd04b06	-
to_Add/TOP_MD_BY_SIZE.csv	7200	.csv	data_or_result	61	66a99a95f248618e86c645bb1066aa1db941dd1b35c7328061c20ea20cbc55ca	-
to_Add/bootstrap_failsafe.py	11927	.py	source_code	336	3e128659e3e50368e195a98d1ee67ac8c6d64288515776f330698d294739129b	token_vazio_declared
to_Add/data_evolution_watch.yml	11525	.yml	config_yml	342	ae8cad06f87a8f2b836640aaef6315a1fddb5cf7ed02fc48c0a05fc84ecedd53	token_vazio_declared
to_Add/generate_yml_audit_docs.py	12755	.py	source_code	371	544e70d5c617627736ca2e873a98fa30a375a72c1d6479bdb3e7ad6dae0f627e	token_vazio_declared
to_Add/rll_json_watcher.py	17647	.py	source_code	481	15824ab1f33f4b3351de51569053c48b922f9e9d8d93340b6a2d7de79de331ec	token_vazio_declared
to_Add/test_optimizer_scaling.py	13542	.py	source_code	364	6f68a170ec8c2f5ea94ded8e6a300309c56c406f5fcd42131f7a66d741e9657f	mentions_synthetic,token_vazio_declared
tools/_rll_canonical_generator_impl.py	14333	.py	source_code	361	6431a2d74b45b4c589887a6e1fd4d39dd50ac50f5f6a80f10d77fd4850c626a9	-
tools/agent/rll_agent_authority.py	12651	.py	source_code	409	b76d645b92b6dbc88a0a0f9e0d31a32751e0b2fe8971f86454aee9f1394255c7	token_vazio_declared
tools/analyze_ethics_license_complexity_network.py	9831	.py	source_code	239	8d628781721f39d74d81bac3f6df232be4adf448241a7ea92ce376356f51dc32	token_vazio_declared
tools/apply_rll_outcome_protocol.py	15569	.py	source_code	355	096e814399af199e2ac7319c0127ce307f7350f4fde1a213d1fb3b4034c9d158	token_vazio_declared
tools/audit_all_git_refs_v1.py	6757	.py	source_code	154	a81c57805ae62112ed0437b8a74506ceb6fee172ba18d35abd470bcefcdce3fd	token_vazio_declared
tools/audit_desi_dr2_covariance_blocks.py	14735	.py	source_code	376	e4d047b8bee16e685cb1cbbbb7ba3d94ba21cf144bdae3dd02c6aa05e19df4c4	mentions_synthetic,token_vazio_declared
tools/audit_diverged_ref_patches_v1.py	7967	.py	source_code	187	e0b082492a9d56acd1b5260b7ca6a3e6e2104feee60fcdfc0ea6e491cbd34ae3	token_vazio_declared
tools/audit_diverged_ref_pr_lineage_v1.py	8276	.py	source_code	182	d19d3f4e397ec23c6791cfc9ded2e8f4bcc0fb9855181e35e56c98a511ecb429	-
tools/audit_github_workflows.py	8440	.py	source_code	197	33decf1b13b934bf4584182cd9afdb955580516c2cc2ce975366c00c1e9df099	mentions_synthetic,mentions_mock_or_placeholder
tools/audit_rll_quantum_vacuum_birefringence_crosswalk.py	8748	.py	source_code	190	9ac5b21c87879aeaad9715d9fe6783609a3aa3b05f9716b427ed6ac1c88b2849	mentions_synthetic,token_vazio_declared
tools/audit_v1_tag_media_provenance.py	8605	.py	source_code	266	95611fbbc1eb2d672b0e3c747fa15808516fd51b99db8d53d294ab7ba7c37b3d	token_vazio_declared
tools/bootstrap_failsafe.py	7283	.py	source_code	186	301c4fa90b75618023c5db48295c88931083143476387d5b16f5ca0f578a13f8	token_vazio_declared
tools/borsanyi_full_sm_gstar.py	6005	.py	source_code	165	bd4b666b17e0f34a66731a1ff883ea846974700a01aac522d6a516299eef6f3f	-
tools/branch_divergence_inventory.py	7940	.py	source_code	197	a34b6c5b70a9ec417aaa52fab7c9aa7e690a2e68eedec35b9ec1168eb25ac4e1	token_vazio_declared
tools/branch_maturity_gate.py	14657	.py	source_code	430	cfb5d00be5330097f38ea7a83c61c4d5836f611ef244745812cc5968ee0f24f8	token_vazio_declared
tools/branch_maturity_gate_v2.py	5365	.py	source_code	117	7d403a9ade346a49b40a75b2b97ebdbdc0783314dc00d11b68cbc79073373d9b	token_vazio_declared
tools/build_desi_covariance_order_receipt.py	8796	.py	source_code	199	f735b692e89e97598a2fd8c9527040f7eb04480ae5e7178c907b47a836f466f1	-
tools/build_g5_canonical_background_manifest.py	8954	.py	source_code	206	1b60be3e083aa445fddc982e366ab274765b2279a156ea4835d629e5c3916e5f	-
tools/build_knowledge_matrix.py	22611	.py	source_code	600	53abe126c2f1bd1ce066ae40ca064486ddf807cb5d0efe6ac82d84f8b862e2df	token_vazio_declared
tools/build_rll_route_forest.py	23661	.py	source_code	595	24eb5e231d9b7ed39cea222698b62e0868cf915a2f79a4168215267ac792b7c7	-
tools/build_rll_route_forest_effective.py	3433	.py	source_code	96	56046253313c84d1afa6e4acce74ee7fef28299f06eeaecf66fd03750a38ed29	-
tools/build_scientific_navigation_bundle.py	19550	.py	source_code	554	daf8bac5a2056ddf4b7b49c61d5972ad8da80fa86b4e7b2b05297020c8af66e0	token_vazio_declared
tools/build_universal_taxonomy_overlay.py	6023	.py	source_code	180	516d4f6ecd9f20f8baf67d00c681d82e9b522b4b4ae4f9b5707cf23361fc3485	-
tools/check_rll_report_claim_language.py	2973	.py	source_code	92	82d9978738350b653f59e2f89cb7d568cbc7387988a3d95c34f1d235c564a3de	-
tools/ci/real_data_workflow_policy.sh	1378	.sh	source_code	32	51dee127ade0a3d2590ca70e66f0d8ac7fee09109e4e49ec099bde14bc979945	mentions_synthetic,mentions_mock_or_placeholder
tools/ci_scientific_skills.py	8715	.py	source_code	236	56a3397c27fe6c2b6e657517b430b37fb69e0011020f098dd40ab30a92c7b633	token_vazio_declared
tools/deep_yaml_audit.py	28392	.py	source_code	595	c1663238776af4776a0ab60b8fe5acb2615ca8e2c223ef47044cba533de0eaeb	mentions_synthetic,mentions_mock_or_placeholder,token_vazio_declared
tools/desi_dr2_vector_likelihood_adapter.py	3311	.py	source_code	69	c791536ad938bbdf39d8d387e1e08fb997903c16c818d7093c490889b1479e74	-
tools/docs_inventory.py	16973	.py	source_code	470	a47657bad2c32fa66d9820e55f0db25172b6668bcc71f53637053634ebfd121f	mentions_synthetic,mentions_mock_or_placeholder,token_vazio_declared
tools/emulate_mathematics_registry_adapter.py	2517	.py	source_code	71	0e10d135d2407014510af8a5b0c190568033dbe3b411e5fee530936808d8481e	mentions_synthetic,token_vazio_declared
tools/formula_artifact_builder.py	2691	.py	source_code	51	adc0f0eae76f4dfba28e2dbe4f449d27fe3433f80d8a1c7853dfbef98c3eb548	-
tools/frontier_registry_receipt.py	2976	.py	source_code	88	0d0b55e6d31af950d19a71d207eaa4a4707ae1e7ce3ee3eb8065baba2c0b4b1e	token_vazio_declared
tools/generate_rll_canonical_region.py	412	.py	source_code	10	837839111d7dc8722bb30be6ea2ac15ae04b3364ef67c0237a7172462ce656cb	-
tools/generate_yml_audit_docs.py	26844	.py	source_code	500	de9fa0fc0d87331a4c7a016e97e2d0be7efc59d8c5c5c1355764bab07f39ec03	mentions_synthetic,mentions_mock_or_placeholder,token_vazio_declared
tools/github_actions_capability_gate.py	12193	.py	source_code	285	d0f31c73711eeb7a515247cd46562e815d75af2ae20826d2b10b95e0e9b03415	token_vazio_declared
tools/github_actions_runtime_ingest.py	15048	.py	source_code	358	92517f48045357808a677d33e30643450723bb3b31582f272f0fb8c92d0ed99d	token_vazio_declared
tools/github_external_settings_readonly_probe_v1.py	9492	.py	source_code	232	fe28c5398dabb8fa1dff65e9c99cc50e2ffb5758cc0d7b9cee74e321779818f1	token_vazio_declared
tools/hypothesis_instability_barometer.c	11566	.c	source_code	351	821c3f966460a22e3d448d74eb0598bc6bfa5e34c489fc1017ae4a7cbe06e0d0	token_vazio_declared
tools/iml/README.md	571	.md	documentation_md	19	0d164346b6b65fc58c7d3c319b389240a3aaf7425c6082c81464c34963114cbf	-
tools/iml/iml_pipeline.py	3459	.py	source_code	43	73dfa54829abaf7df43a453501ad3ae38dad571f588222315831d141a0b1daa1	-
tools/inventory_config.yml	1240	.yml	config_yml	62	d443542fdbe259cd9acaf91d032b4c7f4c5c487b826ca2e741542dfdfe0de979	mentions_synthetic,token_vazio_declared
tools/make_h0_rd_ablation_matrix.py	6032	.py	source_code	148	e3cfd4b334184335ec8c3136e39f7fcda22573bf5758214e9d6b998fa52259f4	token_vazio_declared
tools/normalize_model_comparison_csv.py	3219	.py	source_code	104	19ff02b4fbae3186db0a8ee94fe1b2e3cb6dcb496f8f78b379e4dbaad7ae84ea	-
tools/propose_operational_hotfix_pr.py	7715	.py	source_code	192	6226a562dcad930e414f7c0a315659c8c73b4597a1bbb9007d450f430e963ae4	token_vazio_declared
tools/propose_workflow_contract_pr.py	4235	.py	source_code	136	4606ab26f595b1a3c8cb1c449034cc4b2024eedfc159b4952ab4d6437bcbfa94	token_vazio_declared
tools/real_data_materialization_audit.py	9306	.py	source_code	252	6c00d159876f9765d44112e5786424d55b72052514b78aa95437ec50e9d1669c	mentions_synthetic,mentions_mock_or_placeholder
tools/repair_workflow_preflight_20260903.py	10740	.py	source_code	231	03b0682be67fa821ce601b05aa74a1cd5f2c644b700d89212050888c563d927f	token_vazio_declared
tools/rll_act_dr6_posterior_contract_v2.py	13874	.py	source_code	330	3998160013441192937036ade23e27f4fc5f07fdef28b8aa33b95b0bf0776532	token_vazio_declared
tools/rll_act_dr6_reference_chain_custody_v1.py	6898	.py	source_code	183	4d201bd99d66d49469d2d001d3077a8eda6d7a32f322aa295eee3d70ab8023f3	token_vazio_declared
tools/rll_atlas_continuous_evolution_gate_v2.py	13865	.py	source_code	216	6cd4bce7379c78b491ab10188084174e2dcfcb17fb40643789068b489b33a503	token_vazio_declared
tools/rll_atlas_evolution_gate.py	12881	.py	source_code	281	6f8d533d58aa6dab768b1e6cd4169fe849838eb7a795b53b2b9d513023f40641	token_vazio_declared
tools/rll_atlas_g234_evidence_reconciliation.py	8209	.py	source_code	178	3e936f187517ec51395943ed74a46278ca7e0d13eafe78f472c9c5d623f94e3c	token_vazio_declared
tools/rll_auto_hotfix.py	13487	.py	source_code	301	dd2327f1c9c72b3616638d6a9c4607d4af1ce71606b51115607f6bcce1ebe614	token_vazio_declared
tools/rll_bp_bbn_cmb_background_likelihood.py	5660	.py	source_code	135	c04a2ac7bd37f798f6af03d525a3cfeb23b51f063218d66f2de73d90e526b80d	token_vazio_declared
tools/rll_bp_physical_contract.py	4356	.py	source_code	106	394c4f9f6941a7ee949c87c5dc03034c1552a4ebdf26ca530c8e79292c33ca66	token_vazio_declared
tools/rll_desi_dr2_cobaya_custody_v1.py	4099	.py	source_code	109	17ae34925b888066fb08d5413ace5dfca2095b2c71fb63fd1b4c58e439eeb6f3	token_vazio_declared
tools/rll_desi_dr2_reference_loglike_probe_v1.py	5059	.py	source_code	114	d7d4a7298d6781770cfb27c85de758c23645299c66c1bd3de6508d8ace1651e6	token_vazio_declared
tools/rll_evidence_reconcile.py	10386	.py	source_code	180	8e7750277ada4606d57f1e31de5b33a5f87d73d2d029757b242300ac31fd2547	token_vazio_declared
tools/rll_execution_queue_effective.py	11333	.py	source_code	298	b4bdf9b1d97bbbb3e572ed0277244970f856f4d05b47c65253eebb482e78c09d	token_vazio_declared
tools/rll_h0_rd_direct_boltzmann_probe_v1.py	8269	.py	source_code	197	6ca356c27c51cea4d1baa9d388dd67692ad61e0219be109b45f70758d9cdb91c	token_vazio_declared
tools/rll_json_watcher.py	9717	.py	source_code	235	f4ddf70891d71766f5cdf86c51f092c29647b66ea003cc302c96f390145862ed	token_vazio_declared
tools/rll_modern_validation_reconcile_v2.py	14479	.py	source_code	327	db2fc968a34b05adae23d6002a1a83d5083d74d999ee6bfc5e489986127d954a	token_vazio_declared
tools/rll_open_work_mechanism_gate_v1.py	10368	.py	source_code	291	a7b1ef2bc8ffa595235848a1276458e3f4bf24532dae285a075c2fe2232a6691	token_vazio_declared
tools/rll_open_work_mechanism_gate_v2.py	12141	.py	source_code	281	96f1e5fec02c8bc181e6495d6ff8d92af30ab9c17c1f3e563a69859a7fff6c5f	token_vazio_declared
tools/rll_open_work_mechanism_gate_v3.py	10689	.py	source_code	245	6fb3b0f298f48e53bec70a5b44eaf6bce26f1def4df74c28681948fe4ebf28ae	token_vazio_declared
tools/rll_perturbation_barotropic_candidate_v1.py	7201	.py	source_code	182	902b3f88ed7db58157e1ddcf110a91ce188c6d4a82265efe7d847b656882a521	token_vazio_declared
tools/rll_pipeline_deterministic.py	33609	.py	source_code	788	4509895895ca68ecd87e91aeb4e18e29e3ca35a11f371f230c0d7de43d0559ab	token_vazio_declared
tools/rll_pipeline_fase24_1_runtime.py	32978	.py	source_code	678	71dba2580675a2bbf054db38830c966d0f93849abf0baafae8a71daf6356c3e3	mentions_synthetic,token_vazio_declared
tools/rll_primordial_assurance_v2.py	12380	.py	source_code	226	fbbd0eb3697f6db2279ec07882f1e0efca7c49a0d474e3e47ae613f33c9efeaa	token_vazio_declared
tools/rll_qcd_s_sector_bound.py	8429	.py	source_code	225	a0add75a36e86c409eacd510cb5098813c55e6fa7c584061ba8f5cd3a17ce0d0	token_vazio_declared
tools/rll_route_forest_snapshot.py	6699	.py	source_code	178	21ee1cfeee94d9c0dc7291501611ec5af5e7a37e191cca706c5ed06093bea8c6	-
tools/rll_studio_receipt_adapter.py	16212	.py	source_code	378	27b2cf4ceb5b534baed77872b208279d71f9509eae43b95d248f43c63c0fd10b	token_vazio_declared
tools/rll_successor_hypothesis_math.py	2438	.py	source_code	76	002c175df8f6422f74b68b22df64272c95ab60253dc343101189b8c821688e6d	-
tools/rll_token_vazio_reconcile.py	16251	.py	source_code	368	04deccbbb9192d92f0b3e72ac2873409411ed590f44fb6b3e3a48a7fb418ab24	token_vazio_declared
tools/rll_token_vazio_reconcile_v2.py	7018	.py	source_code	167	b93b3980e6de36e66ad86a042e32123ade450ef4a3691c1ffa5ce3bfb799681f	token_vazio_declared
tools/rll_token_vazio_reconcile_v3.py	3404	.py	source_code	98	081ac56f8589b1cd93c214cefc0b7bf96d3e96d9ee88f60527a5d6bd20779e2f	token_vazio_declared
tools/rll_token_vazio_reconcile_v4.py	2960	.py	source_code	82	1fa6e9c3497d6092e5232666b168e92979638fa146f766cb06bf4d8433e77bc3	token_vazio_declared
tools/run_g3_dataset_compatibility.py	11238	.py	source_code	251	f017a201fa152e75b3c3b7b2f2dccd570491fc838be314a0811865d0db3a09e6	token_vazio_declared
tools/run_g4_background_tournament.py	32370	.py	source_code	732	60eba84072dc79d663813a375c51d83000c5c7894eb21c864f5a6efa8cbc2362	token_vazio_declared
tools/run_g6_canonical_inference.py	19894	.py	source_code	475	0455519a6eb5410c087af94c7d088542421fea6d77514f0f9f2de256450565a6	mentions_synthetic
tools/run_h0_rd_ablation_v1.py	20322	.py	source_code	488	50ad462a6e851e9d8ba523e53dd6a00fc4d0bdf0be369ccd8e0c7973b6d1223b	token_vazio_declared
tools/run_mathematics_registry_emulation.sh	255	.sh	source_code	6	4c99ced1c94c32be1f4a2e88b8491420c63a1408d2fba4734282c7c78606df96	-
tools/run_rll_academic_claim_governance.py	7711	.py	source_code	193	02b0650568aef553c7b15696b0b76d9b44865e3514e18f87c178863406a74d1d	token_vazio_declared
tools/run_rll_canonical_real_freestanding.sh	841	.sh	source_code	31	d15686580e10c114e3d0a3fd8430adaf3e108f18edee4f4a94502a5909361091	-
tools/scan_missing_placeholders.py	7969	.py	source_code	204	96a6baa33e1d57c4e908b672319a4fa584b42a7dc4121ff985d9501f810968a6	mentions_mock_or_placeholder,token_vazio_declared
tools/scan_rll_model_evidence.py	16358	.py	source_code	441	d6dab74b8ea8f3a8cd00fda4d7674aca6e947f0ee6b23114e9850bdf940be556	token_vazio_declared
tools/strict_json_receipt.py	1106	.py	source_code	32	5c77b43c2ef8d7c7ce7be342e245974f93d4c8561cb60ea1109d617865852831	-
tools/test_validate_scan_poc_coherence.py	2053	.py	source_code	49	115b5e6b634edc2e482f5798ef6170989365a05a25f7204c69c446f0b210c1c2	token_vazio_declared
tools/utm185_void_mask_attention.py	3102	.py	source_code	88	ae6b6dfbd26c4acc9838f74d0aad134a842aab323a6e6ca2fff0103acc586c02	token_vazio_declared
tools/validate_academic_correlation_package.py	7565	.py	source_code	235	d0f485700bf72cafe9669da7af641142b6d1a58d19a540bcdd4c0655602c3e71	token_vazio_declared
tools/validate_academic_parameter_registry.py	7143	.py	source_code	170	772155c21ccf3995292130bfd7246545a4c9c00c3426c64e8f091aedd5e54424	-
tools/validate_b0_b1_artifact_flow_graph.py	7972	.py	source_code	190	a1844c69e0f0a0d40758c4d5ea340c74380d2fb96ba0e8848c661af110c33c91	token_vazio_declared
tools/validate_branch_advance_registry.py	2617	.py	source_code	49	e186c0e33d6b78ce30fe2712fc240159f3be5c383dce6185709ab6b11dd17490	token_vazio_declared
tools/validate_claim_allowed_gate.py	4703	.py	source_code	174	7ea4a90fc06fbfe34da4b7918748517bdba78e87f2233e7e20969f30a12eca50	token_vazio_declared
tools/validate_cross_domain_equation_intake.py	13049	.py	source_code	335	9615fbe2ddc1fcc262f80d52458f1db522cd7fe54044d8443a64a42fc72c4c3f	token_vazio_declared
tools/validate_cross_repo_relationship_registry.py	5022	.py	source_code	131	1ff03c5e6acf05767548b8897656c93d765c5876069c9ab17f5a30696dd72e68	token_vazio_declared
tools/validate_discrete_ontology_claim.py	6018	.py	source_code	142	df38527473f8230fde0ba18ddcf0a548ab44616a131eb06e3bc2dbf340a60439	token_vazio_declared
tools/validate_drive_formula_graph_patch.py	3198	.py	source_code	85	5b842c1e9869155597ad66d85ea093983e0ba6c7b612d4a0f36fe102d054b9e0	-
tools/validate_drive_formula_index.py	4394	.py	source_code	118	d98deaf34b4a10e5a2ef172ff416fade387348f88b2e93bafb3055d480672225	-
tools/validate_epistemic_void.py	11971	.py	source_code	302	354bf398794185a79397b8dd55ab129ccfb9180538390021b4773fc137a08e81	token_vazio_declared
tools/validate_ethics_license_complexity_sustainment.py	13487	.py	source_code	287	ed128f6cc1cc0a24ae553f594fd933bd860da240ccf1935c05fd7dfee705a489	token_vazio_declared
tools/validate_ethics_license_friction_contract.py	11783	.py	source_code	256	0ed3d700b97589211dc3404473c80f7d91a101334500be1ede4a922d87819578	token_vazio_declared
tools/validate_fase29_integrity.py	14560	.py	source_code	232	13aedc00bf3f368ef21c32b95c7cd5ac95a5ef263e90cba7125cc7ad36741dee	token_vazio_declared
tools/validate_formula_literature_edges.py	19018	.py	source_code	395	3c39c54511d014e39a07a31aeb708a3436e9488cbb31a748bd75e80213261146	token_vazio_declared
tools/validate_import_registry.py	1346	.py	source_code	44	5a28e9f643cc6ada56838329d81d3c14ee7d19b58737d800c04485f1124ec219	-
tools/validate_latent_theses_registry.py	4380	.py	source_code	104	fb825ed3c2596056cf0b5cfdcac458edf451b33aa4cc20626b9d94bf3e685d4e	token_vazio_declared
tools/validate_mpemba_horizon_closure.py	9577	.py	source_code	189	ca5b3cac452d39510395877f93207721d0341735069bd5738f778e982fd25ff9	token_vazio_declared
tools/validate_omega7_operational.py	16955	.py	source_code	446	1a2832911887a781b7c8c79da987f76c37f99209df25f06baf659834c42a87e1	token_vazio_declared
tools/validate_public_astronomy_catalog_fetcher.py	2323	.py	source_code	77	4542950d3e93b3f1dea55d116e0b0eb9bf7e631162e27e3bc63da03866850c36	mentions_synthetic
tools/validate_real_cosmology_inputs_yml.py	6832	.py	source_code	201	d16d59390dba1068db97db1b6cd317762a94971a1bb0850a91cc17e586f83245	mentions_synthetic
tools/validate_real_data_addition_registry.py	2877	.py	source_code	87	c9e1fa5837aaf2374167a3d22e49dccc38f2defbe41c4236bee123beadf51ce7	-
tools/validate_real_data_boundaries.py	3925	.py	source_code	86	eaf1be5aec299b4f8503778f89d409f7ef51b62c10f72368f39e5a16d614c627	mentions_synthetic
tools/validate_real_data_source_manifest.py	2757	.py	source_code	105	92d43027bfec4d96ad54297b60eec22b9a8e27375ced179bd82bdfe19a566b99	-
tools/validate_real_dataset_variance_registry.py	2437	.py	source_code	68	b14c1f21ea94d82f38701d1edde5d1f81fe0f9985da4275fdfa2948be908d71b	-
tools/validate_reconciliation_dependency_graph.py	6168	.py	source_code	156	7bd6e777fa509435ea48485dc7413323cb59f3ef0451f18c84b4d5a630e062e5	token_vazio_declared
tools/validate_required_data_gap_registry.py	4055	.py	source_code	120	81d0dc6e647a0393f650c5a862a959970b102f06a2eb36013faa57eb9d629d5b	token_vazio_declared
tools/validate_rll_canonical_freestanding.py	4003	.py	source_code	109	587496146e669b06c26a1bc18ea1b29497d1ab08e43880862b8d8963f609781b	mentions_synthetic,token_vazio_declared
tools/validate_rll_credential_authority.py	9718	.py	source_code	238	e2305820d13fb0b5cf6754df5342b6bde79ed87b5970c7606490dea0254b83b7	token_vazio_declared
tools/validate_rll_cross_repo_entrelaces.py	9824	.py	source_code	240	ad8c0a8312a3b5d568c3fc1ddb07160746d68be90dab6db2b4036b2a6be41630	token_vazio_declared
tools/validate_rll_execution_queue.py	4327	.py	source_code	120	19ff74218b58c34d370f958024258d4ef2726e79db8d12bc085d2c2e2c52de8e	-
tools/validate_rll_hz_real_freestanding.py	7538	.py	source_code	205	816485a5919f9cdd77b53cdc8619dcf24f14ad2e99d71114278771cc13cd053a	-
tools/validate_rll_observational_topology.py	18357	.py	source_code	449	f9904bcc87f65f984a1a8d1902cf07f02d29c56fb98989bd59b813e9a1b8bf5c	token_vazio_declared
tools/validate_rll_primordial_assurance_v2.py	9021	.py	source_code	195	3f9847ec4c353bb60d4140569fc29541f90bd883060b066278e45fd2d61b80a8	token_vazio_declared
tools/validate_rll_publication_boundary.py	2853	.py	source_code	83	39f50a501f86ee4bd238c595f6425f44a08bbc8542aaccfd9ed2cce651738b8e	-
tools/validate_rll_recent_observations_crosswalk.py	2953	.py	source_code	72	aa03eab110e3de0ce3d2aca2d5dca2997d04c8e9b7dd5d0c515426a8077550fc	token_vazio_declared
tools/validate_rll_studio_ux_gaps.py	2352	.py	source_code	54	8a1f34995cd011fe87e5d27712387e55e79769df1fc701c104606303b8bdb617	token_vazio_declared
tools/validate_rll_termux_physical_replay.py	8753	.py	source_code	207	8b54c191d1c4323972385fc423783b65d23a19caf2fe0675599df23a4adea77c	token_vazio_declared
tools/validate_scan_poc_coherence.py	4348	.py	source_code	102	6c3d5ce4ec98c7b71b9ab567061125b81b7aa1bfc412fd305c323a8c15fd9594	token_vazio_declared
tools/validate_schema_contracts.py	3820	.py	source_code	126	5179f8bb06ca16e38108833a620d3a2d1aae5abd9e4e34edb4bd7cb4c7928751	token_vazio_declared
tools/validate_schemas_claim_boundary.py	3005	.py	source_code	95	fa0da2f8671a0aa1adb0c124e8af76dae3dbf71d2763879abc2a0cd668599f01	-
tools/validate_scientific_validation_orchestrator_v2.py	17159	.py	source_code	435	067524a7fc89724c3f57a25576641d6b9df37fbfbed8ff9669092bad89abf032	token_vazio_declared
tools/validate_scientific_validation_orchestrator_v3.py	10804	.py	source_code	237	5f63ac5233d99d2b8bf7d4fd61b8272b8cce0ad3b0de88367e24c177055b3e39	token_vazio_declared
tools/validate_session_evolution_mesh.py	5408	.py	source_code	117	bea5837ca6df6500aa74683ddcacf623f44c6ae43e518b0841a5316198ca3898	token_vazio_declared
tools/validate_session_operating_system.py	10089	.py	source_code	244	9a2389ca6a87d42099521bed87c1533d8c84cf5510edd195652f4799493a830d	token_vazio_declared
tools/validate_session_packet_public_mirror.py	7223	.py	source_code	182	a92c58ae89881e10adef119d6adf4c38b3aa35904fae98a057dcb45e1df2a263	-
tools/validate_session_reality_science_claims.py	6547	.py	source_code	172	d510d7e44c0bc1c561f90d5f7344a0573cfc29d59556435932807556a0f834ab	token_vazio_declared
tools/validate_session_unified_interaction.py	6625	.py	source_code	157	fbec739587216661dfd6b6adaafae78ac492c12f9d69653bc1a02cc0c56cbc02	token_vazio_declared
tools/validate_six_sigma_real_data_controls.py	2483	.py	source_code	72	05023151d6bfda0eab57e46e3543112f6a8a68c94645f3e0b2e021e109b976b1	-
tools/validate_sustainment_provenance_bindings.py	4248	.py	source_code	110	4e85704949aa27952be1143cac97c87222f2e91e49a9928253dda3e5d8ddb483	-
tools/validate_to_add_migration.py	4469	.py	source_code	109	55785d17ea9cfad968854baebacee3effd5e99d112063d8eea8843b92ff88671	-
tools/validate_workflow_docs.py	12254	.py	source_code	306	7e8eee16cc2c5a9d5b6bb8b2f93bd2b1334287eb3fc6947109d4277ed456a16e	-
tools/verify_real_source_signatures.py	9954	.py	source_code	245	b99542ae13ff07580b4546ce878af8272c5d65f419f277d28b3dbf5a142d2f05	-
tools/workflow_architecture.py	17689	.py	source_code	483	04e7c9020bfd46d015c08fa3e29de0ffd195cf9dca58a180da989d8439aaf9fa	-
tools/workflow_contract_sync.py	5802	.py	source_code	172	670b3ba637f53eb7d8e798b04ab5337221706270b19e25a4d6933314ec96c4e2	token_vazio_declared
tools/workflow_orchestrator.py	38395	.py	source_code	999	d01db80e099b67e1ec7e23c65902dff6bd690ec7655c3bd95ace73a3fed6850f	token_vazio_declared
validacao_real/README.md	1221	.md	documentation_md	33	5e05728e8a9e9793d81b1064b5ef5a88749a04de186694dc5442f457a3783830	-
validacao_real/compute_validation.py	8752	.py	source_code	254	59b80b7442a20e3f012366bf9adb46d78ff390579e7eec144e7441d82b67dfeb	-
validacao_real/data/RESULTADO_REAL.txt	833	.txt	other	11	8221446735a87d0f56bd708bd2bf91024153f581b418928911809b40d31cb80a	mentions_synthetic
validacao_real/data/desi_dr2_bao.yml	2692	.yml	config_yml	105	580de8b8823d5d0b8e9926742c7953b8f8966120899014ed97212561cfa34796	-
validacao_real/data/hz_cosmic_chronometers.yml	1779	.yml	config_yml	47	42619a71fa91071e2955b3a68bbaccffa22db7455720c98e1abaf861232ce116	-
validacao_real/data/load_pantheon.py	1502	.py	source_code	34	7fab70788e55b7996bf791632df7bc5ac9799b36c3aa1f7104b330f9af2e2a87	-
validacao_real/data/models.py	4175	.py	source_code	100	e1aac6faf029bc30eec82ac535dedb3858eec289ba6f7e8ee936b64a275fef8f	-
validacao_real/data/pantheon_data.dat	579283	.dat	other	0	1cb0fc379ef066afdc2ffd1857681cc478024570d8a3eba284fb645775198cf8	-
validacao_real/data/run_rll_vs_pantheon.py	3919	.py	source_code	75	65016c63fdcbecd495a843d2a216cbaf8803cf037a7cff1b49326ec2007e5c6a	mentions_synthetic
validacao_real/fetch_real_data.py	3760	.py	source_code	108	7f8b45032839cb98f03cc9c9d21c7344f7448f6fae3f724a9cfd0b4b03def587	-
validacao_real/fetched/desi_dr2_bao.yml	2426	.yml	config_yml	102	ac161802a730f88d009dc4152045847e62f609cf1518dadfbd699ae7bfa22905	-
validacao_real/fetched/hz_cosmic_chronometers.yml	1596	.yml	config_yml	109	0ad054bb0b068daf649626fedb6e92c49f8506e8163e02bfe1eaa043198dcdf1	-
validacao_real/fetched/manifest.json	583	.json	data_or_result	21	d5146a58d746e6a8a1aada895ed8aafbb9487c702816f9ee327ce617e77b2515	-
validacao_real/legacy_artifacts/RELATORIO_VALIDACAO.md	1645	.md	documentation_md	47	1d0c312806166557b41500788295147f6b53b6f23666d006eb9d7f4057ba058b	-
validacao_real/legacy_artifacts/bao_distances.png	82085	.png	other	0	ced304d9836601f91bf8b0fd46156111c567092390d3211c0f7fc8339fe9bc1b	-
validacao_real/legacy_artifacts/hubble_diagram.png	61343	.png	other	0	5b198885a1fca071f173cf11adac346d87c1da5f43d3b7ea63ab856fc729d26f	-
validacao_real/legacy_artifacts/model_comparison_bars.png	28024	.png	other	0	aedcb8fbe8bdf22e85c50888f2771b24ca29de9e36cbf768f8d0ba7a516e23ca	-
validacao_real/legacy_artifacts/residual_pulls.png	52386	.png	other	0	9fec6b1e77377b286fb03c126de5c5e3387bf7fdc2f3739c82122563b02a0e34	-
validacao_real/make_figures.py	5867	.py	source_code	147	67a904b17a99c899cc9597e702c80393e2f97a68b949d49073243c3c98b628bf	-
validacao_real/render_report.py	3407	.py	source_code	75	7dc4843df0a1f9e8b4fbe6f39d265375b8cc01dfaed87bf4bf899371784da276	-
validacao_real/results/CHECKSUMS.sha256	1351	.sha256	other	0	798480ca956539c377f3f6159f9beec9a0e05dde3587cd6611afeb5147c22f21	-
validacao_real/results/RELATORIO_VALIDACAO.md	1645	.md	documentation_md	47	7583dcb9b3d04e8b31739a8fe3954b26d574b59324e20b3badf3d5a3c7819980	-
validacao_real/results/eft_exhaustion/eft_exhaustion_report.json	2620	.json	data_or_result	89	b33c3324b9d479a350bedffb731207197725bc284f7ee8b83cccfc7d2f15af6f	token_vazio_declared
validacao_real/results/eft_exhaustion/eft_exhaustion_report.md	1098	.md	documentation_md	34	79fb7a6c011dbaf265f3673ac7c906356fcde93942ad8538ae7520b9b8ed0411	token_vazio_declared
validacao_real/results/eft_exhaustion/eft_reconstruction.csv	10647	.csv	data_or_result	129	612aea8f0a94f5b450afa46efb140ea4831ac7bdee707e4e7a624ca2c23dc0a8	-
validacao_real/results/eft_exhaustion/parameter_scan.csv	4237	.csv	data_or_result	65	779fc4bcddb6c10afd452febe72987cbe8b90c0ea296b795658770ad1ebb8505	token_vazio_declared
validacao_real/results/figures/bao_distances.png	80646	.png	other	0	6b19a3db63b977b8c492179a81c42c7b0d7453f759f8dd477466bcfef54aa2e9	-
validacao_real/results/figures/hubble_diagram.png	61898	.png	other	0	e05f03361da372b891fcb322d020dd527020cb051d31c7c1560654a769ac3116	-
validacao_real/results/figures/model_comparison_bars.png	28954	.png	other	0	c82d99f8e3df64e2b2bd3598b383ba2cda44cf32bfa406509bc75901c78a1a5a	-
validacao_real/results/figures/residual_pulls.png	51414	.png	other	0	a47ea998856131ec273592b3f7af50c9ee46e53c152ca8c2cbd03dd91f31bf1b	-
validacao_real/results/model_comparison.csv	226	.csv	data_or_result	3	bfb33632c266653249dd2fb31836b9e70328bcdc0de3ab3e33a9b161ebf8ca0b	-
validacao_real/results/per_point_predictions.csv	3026	.csv	data_or_result	46	c2554d238fe72e3bfa513e4bc44e0dcce7f9a438c77691fad207d9afb2e25dc6	-
validacao_real/results/validation_summary.json	1500	.json	data_or_result	70	fedf390e4a5ee8e75fc21be700333b3e22488fe8c298f959fd139794549147cb	-
validacao_real/sources.yml	2195	.yml	config_yml	45	fadc9d47fdd5a30e20cc9778b3a3feefc035e74e99822aa93d44dc5ab063f6fc	-
validation/__init__.py	0	.py	source_code	0	e3b0c44298fc1c149afbf4c8996fb92427ae41e4649b934ca495991b7852b855	-
validation/bayes_compare.py	594	.py	source_code	24	bfbc820bdd82b8ac663132270d81577e3c4ba8ef447921c05a9a7a10e82e97e4	-
validation/bayes_rll.py	1161	.py	source_code	54	e447825129150d6ec4acc4da2905d4f6b33535852b5fa63a1894878e9e6803ec	-
validation/check_falsification.py	398	.py	source_code	19	f7f391f21291660e19d05b57dd8c39b57c94fc058e40470727ae7c9cbfae11ef	-
validation/compare_models.py	1128	.py	source_code	38	78d03391f066770760362457ff3c6157ef818f19fbd8cca7072e589e398b2e68	-
validation/load_data.py	1805	.py	source_code	50	a024b22eae89ad54647f44b3431520f12368a04d412acff4849926cefab61424	mentions_synthetic
validation/plot_results.py	1264	.py	source_code	36	44d938f4f3847c91297dab8fc54db568e9ba49012b8ad383335e0bda2da673cd	mentions_mock_or_placeholder
validation/requirements_bayes.txt	25	.txt	other	4	d44591673339ce03d92a37d7bffdc4932e09842850ff19fe4ca54fe54a366e3a	-
validation/run_lcdm.py	589	.py	source_code	27	7080916cc36202f5b91b7153643ca02c6e7c49feea8162a2d23e0aefc93c24a3	-
validation/run_rll.py	606	.py	source_code	27	a03389171a5d9fa2f4d3b7d72520dd2495ba19ae837a8b70a43111211446a2af	-
workflows/REPO_SESSION_ARTIFACT_MAP_RAFAELIA.md	5562	.md	documentation_md	187	693e88b2d7364194c52fa2fa50677620a14984cb68350fa8a3ae805d47e8f28f	token_vazio_declared
workflows/SESSION_CARD_TEMPLATE_RAFAELIA.md	1452	.md	documentation_md	159	2a95007a8337f4a83cb238239158541a4bf1773c1d237fa1aaea39108e1d5194	token_vazio_declared
workflows/TOKEN_VAZIO_LEDGER_RAFAELIA.md	7680	.md	documentation_md	128	6b7700942f99c1650f8de35300779fdb9b5c33f17e4fb48bba6633409033b65d	token_vazio_declared
workflows/WORKFLOW_MASTER_INDEX_RAFAELIA.md	11367	.md	documentation_md	481	4140806bb3ec4f9700d9de212159a2b54194a918d872fb50b3444e108504d523	token_vazio_declared
